# Sadot house shell — real IFC geometry, native IFC world coords (meters)
# source: raw-materials/from-client/NSB02.ifc, schema=IFC2X3, unit_scale=0.01
# NOT yet anchored to real ITM survey grid — see HOUSE_IFC_REFERENCE.md §0.1
o walls_2232_Basic_Wall:קיר_ממד_30:5615497
v -411201.2644 -270526.1360 59.7897
v -411201.2680 -270526.1113 59.7897
v -411201.2680 -270526.1113 59.8197
v -411201.2694 -270526.1014 59.8197
v -411201.2694 -270526.1014 58.6797
v -411201.2680 -270526.1113 58.6797
v -411201.2680 -270526.1113 58.7147
v -411201.2644 -270526.1360 58.7147
v -411201.2522 -270526.2201 58.7147
v -411201.2263 -270526.3983 58.7147
v -411201.2263 -270526.3983 59.8197
v -411201.2522 -270526.2201 59.8197
v -411200.1187 -270525.9341 56.3819
v -411200.1187 -270525.9341 60.3747
v -411203.2707 -270526.3923 57.3150
v -411203.4648 -270526.4206 56.3819
v -411203.4648 -270526.4206 57.3150
v -411202.3877 -270526.2640 58.6797
v -411203.2707 -270526.3923 60.3747
v -411202.3877 -270526.2640 59.8197
v -411203.6184 -270526.7461 56.3819
v -411203.1619 -270526.6797 57.3150
v -411203.6184 -270526.7461 57.3150
v -411200.0099 -270526.2214 56.3819
v -411200.0099 -270526.2214 56.6777
v -411200.0099 -270526.2214 60.3747
v -411200.7870 -270526.3344 60.0740
v -411200.7713 -270526.3321 60.0947
v -411200.7614 -270526.3307 60.1188
v -411200.7581 -270526.3302 60.1447
v -411200.7614 -270526.3307 60.1706
v -411200.7713 -270526.3321 60.1947
v -411200.7870 -270526.3344 60.2154
v -411200.8075 -270526.3374 60.2313
v -411200.8314 -270526.3409 60.2413
v -411200.8570 -270526.3446 60.2447
v -411203.1619 -270526.6797 60.3747
v -411200.8826 -270526.3483 60.2413
v -411202.5425 -270526.5896 60.2413
v -411202.5681 -270526.5934 60.2447
v -411202.5937 -270526.5971 60.2413
v -411202.6176 -270526.6005 60.2313
v -411202.6381 -270526.6035 60.2154
v -411202.6538 -270526.6058 60.1947
v -411202.6637 -270526.6073 60.1706
v -411202.6671 -270526.6077 60.1447
v -411202.6637 -270526.6073 60.1188
v -411202.6538 -270526.6058 60.0947
v -411202.6381 -270526.6035 60.0740
v -411202.3445 -270526.5608 58.7147
v -411203.1619 -270526.6797 57.7147
v -411202.6176 -270526.6005 60.0581
v -411202.3445 -270526.5608 59.8197
v -411202.5937 -270526.5971 60.0481
v -411202.5681 -270526.5934 60.0447
v -411202.5425 -270526.5896 60.0481
v -411202.5186 -270526.5862 60.0581
v -411202.4981 -270526.5832 60.0740
v -411202.4824 -270526.5809 60.0947
v -411202.4725 -270526.5795 60.1188
v -411202.4691 -270526.5790 60.1447
v -411202.4725 -270526.5795 60.1706
v -411200.9526 -270526.3585 60.1706
v -411200.8314 -270526.3409 60.0481
v -411200.8570 -270526.3446 60.0447
v -411200.8826 -270526.3483 60.0481
v -411200.9065 -270526.3518 60.0581
v -411200.9270 -270526.3547 60.0740
v -411200.9427 -270526.3570 60.0947
v -411200.9526 -270526.3585 60.1188
v -411200.9560 -270526.3590 60.1447
v -411202.4824 -270526.5809 60.1947
v -411200.9427 -270526.3570 60.1947
v -411202.4981 -270526.5832 60.2154
v -411200.9270 -270526.3547 60.2154
v -411202.5186 -270526.5862 60.2313
v -411200.9065 -270526.3518 60.2313
v -411200.8075 -270526.3374 60.0581
v -411200.7821 -270526.1518 58.7147
v -411200.7943 -270526.0677 58.7147
v -411202.3862 -270526.2739 58.7147
v -411202.3783 -270526.3283 59.8197
v -411200.7900 -270526.0974 59.8197
v -411200.7821 -270526.1518 59.8197
v -411202.3862 -270526.2739 59.8197
v -411202.3862 -270526.2739 59.7897
v -411202.3783 -270526.3283 59.7897
v -411202.3862 -270526.2739 58.6797
v -411200.7900 -270526.0974 59.7897
v -411200.7943 -270526.0677 59.7897
v -411203.4698 -270526.4312 57.3150
v -411200.9042 -270526.1999 60.0481
v -411200.8786 -270526.1961 60.0447
v -411200.8530 -270526.1924 60.0481
v -411200.8291 -270526.1889 60.0581
v -411200.8086 -270526.1860 60.0740
v -411200.7929 -270526.1837 60.0947
v -411200.7830 -270526.1822 60.1188
v -411200.7796 -270526.1817 60.1447
v -411200.7830 -270526.1822 60.1706
v -411200.7929 -270526.1837 60.1947
v -411200.8086 -270526.1860 60.2154
v -411200.8291 -270526.1889 60.2313
v -411200.8530 -270526.1924 60.2413
v -411200.8786 -270526.1961 60.2447
v -411200.9042 -270526.1999 60.2413
v -411200.9281 -270526.2033 60.2313
v -411200.9486 -270526.2063 60.2154
v -411200.9643 -270526.2086 60.1947
v -411200.9742 -270526.2100 60.1706
v -411200.9776 -270526.2105 60.1447
v -411200.9742 -270526.2100 60.1188
v -411200.9643 -270526.2086 60.0947
v -411200.9486 -270526.2063 60.0740
v -411200.9281 -270526.2033 60.0581
v -411202.6153 -270526.4486 60.0481
v -411202.5897 -270526.4449 60.0447
v -411202.5641 -270526.4412 60.0481
v -411202.5402 -270526.4377 60.0581
v -411202.5197 -270526.4347 60.0740
v -411202.5040 -270526.4325 60.0947
v -411202.4941 -270526.4310 60.1188
v -411202.4907 -270526.4305 60.1447
v -411202.4941 -270526.4310 60.1706
v -411202.5040 -270526.4325 60.1947
v -411202.5197 -270526.4347 60.2154
v -411202.5402 -270526.4377 60.2313
v -411202.5641 -270526.4412 60.2413
v -411202.5897 -270526.4449 60.2447
v -411202.6153 -270526.4486 60.2413
v -411202.6392 -270526.4521 60.2313
v -411202.6597 -270526.4551 60.2154
v -411202.6754 -270526.4574 60.1947
v -411202.6853 -270526.4588 60.1706
v -411202.6886 -270526.4593 60.1447
v -411202.6853 -270526.4588 60.1188
v -411202.6754 -270526.4574 60.0947
v -411202.6597 -270526.4551 60.0740
v -411202.6392 -270526.4521 60.0581
f 7 5 6
f 1 7 8
f 1 2 7
f 3 4 2
f 4 5 7
f 4 7 2
f 11 9 10
f 11 12 9
f 13 5 14
f 15 5 13
f 13 16 15
f 15 16 17
f 5 15 18
f 18 15 19
f 14 4 19
f 18 19 20
f 19 4 20
f 14 5 4
f 23 21 22
f 24 22 21
f 22 24 25
f 25 10 22
f 26 10 25
f 26 27 10
f 27 26 28
f 29 28 26
f 26 30 29
f 31 30 26
f 32 31 26
f 26 33 32
f 33 26 34
f 26 35 34
f 35 26 36
f 36 26 37
f 36 37 38
f 39 38 37
f 39 37 40
f 40 37 41
f 42 41 37
f 37 43 42
f 44 43 37
f 45 44 37
f 37 46 45
f 37 47 46
f 48 47 37
f 48 37 49
f 37 50 49
f 50 37 51
f 50 51 22
f 52 49 50
f 52 50 53
f 50 22 10
f 54 52 53
f 54 53 55
f 53 56 55
f 57 56 53
f 57 53 58
f 59 58 53
f 60 59 53
f 61 60 53
f 61 53 11
f 11 62 61
f 11 63 62
f 64 11 10
f 11 64 65
f 65 66 11
f 66 67 11
f 67 68 11
f 68 69 11
f 69 70 11
f 70 71 11
f 63 11 71
f 63 72 62
f 72 63 73
f 73 74 72
f 74 73 75
f 75 76 74
f 75 77 76
f 77 39 76
f 77 38 39
f 78 10 27
f 78 64 10
f 24 16 13
f 24 21 16
f 37 14 19
f 37 26 14
f 8 79 80
f 9 79 8
f 81 8 7
f 81 9 8
f 50 10 9
f 50 9 81
f 12 53 82
f 11 53 12
f 83 12 82
f 84 12 83
f 4 85 20
f 3 85 4
f 87 82 53
f 86 20 85
f 50 87 53
f 81 86 87
f 81 87 50
f 18 81 88
f 18 20 86
f 18 86 81
f 86 85 3
f 86 3 2
f 81 7 6
f 88 81 6
f 88 5 18
f 88 6 5
f 89 90 80
f 89 80 79
f 84 83 89
f 84 89 79
f 9 12 84
f 9 84 79
f 8 80 90
f 8 90 1
f 82 87 89
f 82 89 83
f 1 87 86
f 1 86 2
f 89 1 90
f 89 87 1
f 91 17 16
f 91 16 21
f 23 91 21
f 51 15 22
f 19 15 51
f 37 19 51
f 13 25 24
f 14 26 25
f 14 25 13
f 95 96 97
f 93 94 95
f 92 93 95
f 100 97 98
f 100 98 99
f 101 97 100
f 114 115 92
f 114 92 95
f 103 101 102
f 103 95 97
f 103 97 101
f 112 113 114
f 105 103 104
f 110 111 112
f 106 103 105
f 108 106 107
f 108 109 110
f 108 114 95
f 108 112 114
f 108 95 103
f 108 110 112
f 108 103 106
f 119 120 121
f 117 118 119
f 124 121 122
f 124 122 123
f 125 121 124
f 138 116 117
f 138 139 116
f 138 117 119
f 127 125 126
f 127 119 121
f 127 121 125
f 136 137 138
f 129 127 128
f 134 135 136
f 132 129 130
f 132 130 131
f 132 133 134
f 132 119 127
f 132 138 119
f 132 136 138
f 132 127 129
f 132 134 136
f 97 28 29
f 98 97 29
f 96 27 28
f 97 96 28
f 78 95 94
f 64 78 94
f 27 96 95
f 78 27 95
f 64 94 93
f 65 64 93
f 98 29 30
f 99 98 30
f 66 92 115
f 67 66 115
f 67 115 114
f 68 67 114
f 112 70 69
f 113 112 69
f 113 69 68
f 114 113 68
f 111 71 70
f 112 111 70
f 65 93 92
f 66 65 92
f 111 63 71
f 111 110 63
f 38 77 107
f 38 107 106
f 77 75 108
f 77 108 107
f 36 38 106
f 36 106 105
f 110 109 73
f 110 73 63
f 109 108 75
f 109 75 73
f 34 35 104
f 34 104 103
f 33 34 103
f 33 103 102
f 101 31 32
f 101 100 31
f 102 101 32
f 102 32 33
f 100 30 31
f 100 99 30
f 35 105 104
f 35 36 105
f 121 59 60
f 122 121 60
f 120 58 59
f 121 120 59
f 57 119 118
f 56 57 118
f 58 120 119
f 57 58 119
f 56 118 117
f 55 56 117
f 122 60 61
f 123 122 61
f 54 116 139
f 52 54 139
f 52 139 138
f 49 52 138
f 136 47 48
f 137 136 48
f 137 48 49
f 138 137 49
f 135 46 47
f 136 135 47
f 55 117 116
f 54 55 116
f 135 45 46
f 135 134 45
f 41 42 131
f 41 131 130
f 42 43 132
f 42 132 131
f 40 41 130
f 40 130 129
f 134 133 44
f 134 44 45
f 133 132 43
f 133 43 44
f 76 39 128
f 76 128 127
f 74 76 127
f 74 127 126
f 125 62 72
f 125 124 62
f 126 125 72
f 126 72 74
f 124 61 62
f 124 123 61
f 39 129 128
f 39 40 129
f 91 15 17
f 22 15 91
f 23 22 91
o walls_2547_Basic_Wall:קיר_ממד_20:5618574
v -411199.2352 -270528.9732 57.3150
v -411201.9099 -270529.9860 57.3150
v -411202.0970 -270530.0568 57.3150
v -411202.0970 -270530.0568 60.7947
v -411201.9099 -270529.9860 60.7947
v -411198.9074 -270528.8491 60.7947
v -411198.9074 -270528.8491 60.5747
v -411199.2352 -270528.9732 60.5747
v -411199.2352 -270528.9732 57.7147
v -411202.0261 -270530.2438 57.3150
v -411199.1644 -270529.1602 57.3150
v -411199.1644 -270529.1602 60.3947
v -411199.1644 -270529.1602 60.5747
v -411199.0237 -270529.1069 60.5747
v -411198.8366 -270529.0361 60.5747
v -411198.8366 -270529.0361 60.7947
v -411202.0261 -270530.2438 60.7947
f 147 145 146
f 144 145 147
f 148 144 147
f 141 148 140
f 141 144 148
f 142 143 144
f 142 144 141
f 151 149 150
f 155 153 154
f 152 153 155
f 156 151 152
f 156 149 151
f 156 152 155
f 149 142 141
f 150 141 140
f 150 149 141
f 144 155 145
f 156 144 143
f 156 155 144
f 153 152 147
f 153 147 146
f 154 153 146
f 148 150 140
f 147 152 151
f 147 151 148
f 151 150 148
f 156 142 149
f 156 143 142
f 146 145 155
f 146 155 154
o walls_2964_Basic_Wall:קיר_בלוק__30:562355
v -411203.9897 -270534.0946 57.2947
v -411204.8382 -270531.8540 57.2947
v -411204.8382 -270531.8540 59.3947
v -411204.5936 -270532.4999 59.3947
v -411204.5936 -270532.4999 59.8947
v -411204.8382 -270531.8540 59.8947
v -411204.8382 -270531.8540 60.7947
v -411203.9889 -270534.0969 60.7947
v -411203.9889 -270534.0969 60.3947
v -411203.9720 -270534.1414 60.3947
v -411203.9720 -270534.1414 57.6947
v -411203.9897 -270534.0946 57.6947
v -411204.0358 -270533.9731 59.3947
v -411204.0358 -270533.9731 59.8947
v -411204.3899 -270533.0379 59.8947
v -411204.3899 -270533.0379 59.3947
v -411204.2703 -270534.2009 57.2947
v -411205.1187 -270531.9602 57.2947
v -411204.2703 -270534.2009 57.6947
v -411204.2526 -270534.2476 57.6947
v -411204.2526 -270534.2476 60.3947
v -411204.2698 -270534.2022 60.3947
v -411204.2698 -270534.2022 60.7947
v -411205.1187 -270531.9602 60.7947
v -411205.1187 -270531.9602 59.8947
v -411204.8741 -270532.6062 59.8947
v -411204.8741 -270532.6062 59.3947
v -411205.1187 -270531.9602 59.3947
v -411204.3163 -270534.0793 59.8947
v -411204.3163 -270534.0793 59.3947
v -411204.6705 -270533.1441 59.3947
v -411204.6705 -270533.1441 59.8947
f 170 165 166
f 169 170 166
f 171 164 165
f 171 165 170
f 163 164 171
f 161 163 171
f 167 169 166
f 168 172 169
f 168 169 167
f 160 171 172
f 160 161 171
f 162 163 161
f 158 159 160
f 158 168 157
f 158 160 172
f 158 172 168
f 157 174 158
f 173 174 157
f 186 175 176
f 174 173 175
f 177 185 186
f 177 186 176
f 178 185 177
f 187 174 175
f 187 175 186
f 188 178 179
f 188 185 178
f 183 187 188
f 183 174 187
f 182 183 188
f 184 174 183
f 180 181 182
f 180 188 179
f 180 182 188
f 184 158 174
f 184 159 158
f 163 179 164
f 180 179 163
f 170 169 186
f 170 186 185
f 187 186 169
f 187 169 172
f 172 171 188
f 172 188 187
f 185 188 171
f 185 171 170
f 161 160 183
f 161 183 182
f 184 183 160
f 184 160 159
f 182 181 162
f 182 162 161
f 168 173 157
f 168 175 173
f 167 166 177
f 167 177 176
f 176 175 168
f 176 168 167
f 177 166 165
f 178 177 165
f 164 179 178
f 164 178 165
f 180 163 162
f 180 162 181
o walls_3030_Basic_Wall:קיר_ממד_20:5623807
v -411203.2131 -270526.5444 60.7947
v -411201.9099 -270529.9860 60.7947
v -411201.9099 -270529.9860 57.7147
v -411201.9099 -270529.9860 57.3150
v -411203.1619 -270526.6797 57.3150
v -411203.2707 -270526.3923 57.3150
v -411203.2707 -270526.3923 60.3747
v -411203.2707 -270526.3923 60.3947
v -411203.2131 -270526.5444 60.3947
v -411203.4734 -270526.4218 57.3150
v -411203.4727 -270526.4236 57.3150
v -411203.3842 -270526.6574 57.3150
v -411202.0970 -270530.0568 57.3150
v -411202.0970 -270530.0568 60.7947
v -411203.4001 -270526.6153 60.7947
v -411203.4001 -270526.6153 60.3947
v -411203.4727 -270526.4236 60.3947
v -411203.4734 -270526.4218 60.3947
v -411203.4648 -270526.4206 57.3150
f 197 189 190
f 197 190 191
f 195 196 197
f 193 191 192
f 193 197 191
f 193 195 197
f 194 195 193
f 204 199 200
f 204 200 201
f 204 201 202
f 205 199 204
f 206 198 199
f 206 199 205
f 203 204 202
f 199 198 207
f 200 207 194
f 200 194 193
f 200 199 207
f 201 193 192
f 201 200 193
f 203 190 189
f 203 202 190
f 195 194 207
f 195 207 198
f 206 196 195
f 206 195 198
f 203 189 197
f 203 197 204
f 191 190 202
f 201 191 202
f 192 191 201
f 204 197 196
f 205 204 196
f 206 205 196
o walls_26722_Basic_Wall:קיר_בלוק__25__חדש_2
v -411203.4648 -270526.4206 56.6122
v -411206.7459 -270527.6630 56.6122
v -411206.7459 -270527.6630 60.3947
v -411203.4727 -270526.4236 60.3947
v -411203.4727 -270526.4236 57.3150
v -411203.4648 -270526.4206 57.3150
v -411205.8664 -270527.3299 59.8947
v -411205.8664 -270527.3299 58.6947
v -411204.5571 -270526.8342 58.6947
v -411204.5571 -270526.8342 59.8947
v -411203.6184 -270526.7461 56.6122
v -411206.6574 -270527.8968 56.6122
v -411203.6184 -270526.7461 57.3150
v -411203.3842 -270526.6574 57.3150
v -411203.3842 -270526.6574 60.3947
v -411206.6574 -270527.8968 60.3947
v -411205.7778 -270527.5637 59.8947
v -411204.4686 -270527.0680 59.8947
v -411204.4686 -270527.0680 58.6947
v -411205.7778 -270527.5637 58.6947
v -411203.4698 -270526.4312 57.3150
f 215 210 214
f 217 214 210
f 211 217 210
f 209 210 215
f 216 217 211
f 216 209 215
f 212 209 216
f 208 212 213
f 208 209 212
f 211 212 216
f 218 219 209
f 208 218 209
f 226 220 221
f 219 218 220
f 222 226 221
f 225 226 222
f 227 219 220
f 227 220 226
f 223 224 225
f 223 227 224
f 223 219 227
f 223 225 222
f 210 222 211
f 223 222 210
f 214 224 227
f 214 227 215
f 227 216 215
f 227 226 216
f 225 217 216
f 225 216 226
f 225 214 217
f 225 224 214
f 212 228 213
f 208 213 228
f 218 228 220
f 218 208 228
f 210 209 219
f 210 219 223
f 222 221 228
f 211 228 212
f 211 222 228
f 221 220 228
o walls_51469_Basic_Wall:קיר_בלוק__20__חדש_3
v -411198.0026 -270531.2387 60.7747
v -411198.1896 -270531.3095 60.7747
v -411199.0237 -270529.1069 60.7747
v -411198.8366 -270529.0361 60.7747
v -411198.0026 -270531.2387 64.6447
v -411198.1896 -270531.3095 64.6447
v -411199.0237 -270529.1069 60.7954
v -411198.8366 -270529.0361 60.7954
v -411198.9074 -270528.8491 64.6447
v -411199.0945 -270528.9199 64.6447
v -411199.0945 -270528.9199 60.7954
v -411198.9074 -270528.8491 60.7954
v -411198.3391 -270530.3501 61.5008
v -411198.5261 -270530.4209 61.5008
v -411198.5318 -270530.4060 61.4800
v -411198.5378 -270530.3901 61.4601
v -411198.5442 -270530.3733 61.4411
v -411198.3571 -270530.3025 61.4411
v -411198.3447 -270530.3352 61.4800
v -411198.3507 -270530.3193 61.4601
v -411198.5509 -270530.3555 61.4231
v -411198.5579 -270530.3369 61.4061
v -411198.5653 -270530.3175 61.3902
v -411198.3782 -270530.2467 61.3902
v -411198.3638 -270530.2847 61.4231
v -411198.3709 -270530.2661 61.4061
v -411198.5729 -270530.2973 61.3754
v -411198.5808 -270530.2764 61.3617
v -411198.5890 -270530.2549 61.3492
v -411198.4019 -270530.1841 61.3492
v -411198.3859 -270530.2265 61.3754
v -411198.3938 -270530.2056 61.3617
v -411198.5973 -270530.2328 61.3379
v -411198.6059 -270530.2102 61.3279
v -411198.6146 -270530.1871 61.3192
v -411198.4276 -270530.1163 61.3192
v -411198.4103 -270530.1620 61.3379
v -411198.4189 -270530.1394 61.3279
v -411198.6235 -270530.1637 61.3117
v -411198.6325 -270530.1399 61.3056
v -411198.6417 -270530.1158 61.3009
v -411198.4546 -270530.0450 61.3009
v -411198.4365 -270530.0928 61.3117
v -411198.4455 -270530.0690 61.3056
v -411198.6508 -270530.0915 61.2974
v -411198.6601 -270530.0671 61.2954
v -411198.6694 -270530.0426 61.2947
v -411198.4823 -270529.9718 61.2947
v -411198.4638 -270530.0207 61.2974
v -411198.4731 -270529.9963 61.2954
v -411198.6786 -270530.0182 61.2954
v -411198.6879 -270529.9938 61.2974
v -411198.6971 -270529.9695 61.3009
v -411198.5100 -270529.8987 61.3009
v -411198.4916 -270529.9473 61.2954
v -411198.5008 -270529.9229 61.2974
v -411198.7062 -270529.9454 61.3056
v -411198.7152 -270529.9216 61.3117
v -411198.7241 -270529.8981 61.3192
v -411198.5370 -270529.8273 61.3192
v -411198.5191 -270529.8746 61.3056
v -411198.5281 -270529.8508 61.3117
v -411198.7328 -270529.8751 61.3279
v -411198.7414 -270529.8524 61.3379
v -411198.7497 -270529.8303 61.3492
v -411198.5627 -270529.7595 61.3492
v -411198.5458 -270529.8042 61.3279
v -411198.5543 -270529.7816 61.3379
v -411198.7579 -270529.8088 61.3617
v -411198.7658 -270529.7880 61.3754
v -411198.7734 -270529.7678 61.3902
v -411198.5864 -270529.6970 61.3902
v -411198.5708 -270529.7380 61.3617
v -411198.5787 -270529.7171 61.3754
v -411198.7808 -270529.7484 61.4061
v -411198.7878 -270529.7297 61.4231
v -411198.7946 -270529.7120 61.4411
v -411198.6075 -270529.6412 61.4411
v -411198.5937 -270529.6775 61.4061
v -411198.6008 -270529.6589 61.4231
v -411198.8009 -270529.6951 61.4601
v -411198.8070 -270529.6792 61.4800
v -411198.8126 -270529.6643 61.5008
v -411198.6256 -270529.5935 61.5008
v -411198.6139 -270529.6243 61.4601
v -411198.6199 -270529.6084 61.4800
v -411198.8179 -270529.6505 61.5224
v -411198.8227 -270529.6377 61.5447
v -411198.8271 -270529.6260 61.5677
v -411198.6401 -270529.5552 61.5677
v -411198.6308 -270529.5796 61.5224
v -411198.6357 -270529.5669 61.5447
v -411198.8311 -270529.6155 61.5913
v -411198.8347 -270529.6061 61.6155
v -411198.8377 -270529.5979 61.6402
v -411198.6507 -270529.5271 61.6402
v -411198.6441 -270529.5446 61.5913
v -411198.6476 -270529.5353 61.6155
v -411198.8404 -270529.5910 61.6653
v -411198.8425 -270529.5853 61.6907
v -411198.8442 -270529.5808 61.7165
v -411198.6572 -270529.5100 61.7165
v -411198.6533 -270529.5201 61.6653
v -411198.6555 -270529.5144 61.6907
v -411198.8454 -270529.5776 61.7424
v -411198.8462 -270529.5757 61.7685
v -411198.8464 -270529.5750 61.7947
v -411198.6594 -270529.5042 61.7947
v -411198.6584 -270529.5068 61.7424
v -411198.6591 -270529.5049 61.7685
v -411198.8462 -270529.5757 61.8209
v -411198.8454 -270529.5776 61.8470
v -411198.8442 -270529.5808 61.8729
v -411198.6572 -270529.5100 61.8729
v -411198.6591 -270529.5049 61.8209
v -411198.6584 -270529.5068 61.8470
v -411198.8425 -270529.5853 61.8987
v -411198.8404 -270529.5910 61.9241
v -411198.8377 -270529.5979 61.9492
v -411198.6507 -270529.5271 61.9492
v -411198.6555 -270529.5144 61.8987
v -411198.6533 -270529.5201 61.9241
v -411198.8347 -270529.6061 61.9739
v -411198.8311 -270529.6155 61.9981
v -411198.8271 -270529.6260 62.0217
v -411198.6401 -270529.5552 62.0217
v -411198.6476 -270529.5353 61.9739
v -411198.6441 -270529.5446 61.9981
v -411198.8227 -270529.6377 62.0447
v -411198.8179 -270529.6505 62.0670
v -411198.8126 -270529.6643 62.0886
v -411198.6256 -270529.5935 62.0886
v -411198.6357 -270529.5669 62.0447
v -411198.6308 -270529.5796 62.0670
v -411198.8070 -270529.6792 62.1094
v -411198.8009 -270529.6951 62.1293
v -411198.7946 -270529.7120 62.1483
v -411198.6075 -270529.6412 62.1483
v -411198.6199 -270529.6084 62.1094
v -411198.6139 -270529.6243 62.1293
v -411198.7878 -270529.7297 62.1663
v -411198.7808 -270529.7484 62.1833
v -411198.7734 -270529.7678 62.1992
v -411198.5864 -270529.6970 62.1992
v -411198.6008 -270529.6589 62.1663
v -411198.5937 -270529.6775 62.1833
v -411198.7658 -270529.7880 62.2140
v -411198.7579 -270529.8088 62.2277
v -411198.7497 -270529.8303 62.2402
v -411198.5627 -270529.7595 62.2402
v -411198.5787 -270529.7171 62.2140
v -411198.5708 -270529.7380 62.2277
v -411198.7414 -270529.8524 62.2515
v -411198.7328 -270529.8751 62.2615
v -411198.7241 -270529.8981 62.2702
v -411198.5370 -270529.8273 62.2702
v -411198.5543 -270529.7816 62.2515
v -411198.5458 -270529.8042 62.2615
v -411198.7152 -270529.9216 62.2777
v -411198.7062 -270529.9454 62.2838
v -411198.6971 -270529.9695 62.2885
v -411198.5100 -270529.8987 62.2885
v -411198.5281 -270529.8508 62.2777
v -411198.5191 -270529.8746 62.2838
v -411198.6879 -270529.9938 62.2920
v -411198.6786 -270530.0182 62.2940
v -411198.6694 -270530.0426 62.2947
v -411198.4823 -270529.9718 62.2947
v -411198.5008 -270529.9229 62.2920
v -411198.4916 -270529.9473 62.2940
v -411198.6601 -270530.0671 62.2940
v -411198.6508 -270530.0915 62.2920
v -411198.6417 -270530.1158 62.2885
v -411198.4546 -270530.0450 62.2885
v -411198.4731 -270529.9963 62.2940
v -411198.4638 -270530.0207 62.2920
v -411198.6325 -270530.1399 62.2838
v -411198.6235 -270530.1637 62.2777
v -411198.6146 -270530.1871 62.2702
v -411198.4276 -270530.1163 62.2702
v -411198.4455 -270530.0690 62.2838
v -411198.4365 -270530.0928 62.2777
v -411198.6059 -270530.2102 62.2615
v -411198.5973 -270530.2328 62.2515
v -411198.5890 -270530.2549 62.2402
v -411198.4019 -270530.1841 62.2402
v -411198.4189 -270530.1394 62.2615
v -411198.4103 -270530.1620 62.2515
v -411198.5808 -270530.2764 62.2277
v -411198.5729 -270530.2973 62.2140
v -411198.5653 -270530.3175 62.1992
v -411198.3782 -270530.2467 62.1992
v -411198.3938 -270530.2056 62.2277
v -411198.3859 -270530.2265 62.2140
v -411198.5579 -270530.3369 62.1833
v -411198.5509 -270530.3555 62.1663
v -411198.5442 -270530.3733 62.1483
v -411198.3571 -270530.3025 62.1483
v -411198.3709 -270530.2661 62.1833
v -411198.3638 -270530.2847 62.1663
v -411198.5378 -270530.3901 62.1293
v -411198.5318 -270530.4060 62.1094
v -411198.5261 -270530.4209 62.0886
v -411198.3391 -270530.3501 62.0886
v -411198.3507 -270530.3193 62.1293
v -411198.3447 -270530.3352 62.1094
v -411198.5209 -270530.4348 62.0670
v -411198.5160 -270530.4476 62.0447
v -411198.5116 -270530.4593 62.0217
v -411198.3246 -270530.3884 62.0217
v -411198.3338 -270530.3640 62.0670
v -411198.3290 -270530.3768 62.0447
v -411198.5076 -270530.4698 61.9981
v -411198.5041 -270530.4792 61.9739
v -411198.5010 -270530.4874 61.9492
v -411198.3139 -270530.4165 61.9492
v -411198.3206 -270530.3990 61.9981
v -411198.3170 -270530.4084 61.9739
v -411198.4983 -270530.4943 61.9241
v -411198.4962 -270530.5000 61.8987
v -411198.4945 -270530.5045 61.8729
v -411198.3074 -270530.4337 61.8729
v -411198.3113 -270530.4235 61.9241
v -411198.3091 -270530.4292 61.8987
v -411198.4933 -270530.5077 61.8470
v -411198.4925 -270530.5096 61.8209
v -411198.4923 -270530.5102 61.7947
v -411198.3053 -270530.4394 61.7947
v -411198.3062 -270530.4369 61.8470
v -411198.3055 -270530.4388 61.8209
v -411198.4925 -270530.5096 61.7685
v -411198.4933 -270530.5077 61.7424
v -411198.4945 -270530.5045 61.7165
v -411198.3074 -270530.4337 61.7165
v -411198.3055 -270530.4388 61.7685
v -411198.3062 -270530.4369 61.7424
v -411198.4962 -270530.5000 61.6907
v -411198.4983 -270530.4943 61.6653
v -411198.5010 -270530.4874 61.6402
v -411198.3139 -270530.4165 61.6402
v -411198.3091 -270530.4292 61.6907
v -411198.3113 -270530.4235 61.6653
v -411198.5041 -270530.4792 61.6155
v -411198.5076 -270530.4698 61.5913
v -411198.5116 -270530.4593 61.5677
v -411198.3246 -270530.3884 61.5677
v -411198.3170 -270530.4084 61.6155
v -411198.3206 -270530.3990 61.5913
v -411198.5160 -270530.4476 61.5447
v -411198.5209 -270530.4348 61.5224
v -411198.3290 -270530.3768 61.5447
v -411198.3338 -270530.3640 61.5224
f 232 229 230
f 232 230 231
f 229 233 234
f 229 234 230
f 236 232 231
f 236 231 235
f 233 237 238
f 233 238 234
f 240 236 235
f 240 235 239
f 237 240 239
f 237 239 238
f 242 241 247
f 243 242 247
f 244 243 248
f 243 247 248
f 245 244 246
f 244 248 246
f 245 246 253
f 249 245 253
f 250 249 254
f 249 253 254
f 251 250 252
f 250 254 252
f 251 252 259
f 255 251 259
f 256 255 260
f 255 259 260
f 257 256 258
f 256 260 258
f 257 258 265
f 261 257 265
f 262 261 266
f 261 265 266
f 263 262 264
f 262 266 264
f 263 264 271
f 267 263 271
f 268 267 272
f 267 271 272
f 269 268 270
f 268 272 270
f 269 270 277
f 273 269 277
f 274 273 278
f 273 277 278
f 275 274 276
f 274 278 276
f 275 276 283
f 279 275 283
f 280 279 284
f 279 283 284
f 281 280 282
f 280 284 282
f 281 282 289
f 285 281 289
f 286 285 290
f 285 289 290
f 287 286 288
f 286 290 288
f 287 288 295
f 291 287 295
f 292 291 296
f 291 295 296
f 293 292 294
f 292 296 294
f 293 294 301
f 297 293 301
f 298 297 302
f 297 301 302
f 299 298 300
f 298 302 300
f 299 300 307
f 303 299 307
f 304 303 308
f 303 307 308
f 305 304 306
f 304 308 306
f 305 306 313
f 309 305 313
f 310 309 314
f 309 313 314
f 311 310 312
f 310 314 312
f 311 312 319
f 315 311 319
f 316 315 320
f 315 319 320
f 317 316 318
f 316 320 318
f 317 318 325
f 321 317 325
f 322 321 326
f 321 325 326
f 323 322 324
f 322 326 324
f 323 324 331
f 327 323 331
f 328 327 332
f 327 331 332
f 329 328 330
f 328 332 330
f 329 330 337
f 333 329 337
f 334 333 338
f 333 337 338
f 335 334 336
f 334 338 336
f 335 336 343
f 339 335 343
f 340 339 344
f 339 343 344
f 341 340 342
f 340 344 342
f 341 342 349
f 345 341 349
f 346 345 350
f 345 349 350
f 347 346 348
f 346 350 348
f 347 348 355
f 351 347 355
f 352 351 356
f 351 355 356
f 353 352 354
f 352 356 354
f 353 354 361
f 357 353 361
f 358 357 362
f 357 361 362
f 359 358 360
f 358 362 360
f 359 360 367
f 363 359 367
f 364 363 368
f 363 367 368
f 365 364 366
f 364 368 366
f 365 366 373
f 369 365 373
f 370 369 374
f 369 373 374
f 371 370 372
f 370 374 372
f 371 372 379
f 375 371 379
f 376 375 380
f 375 379 380
f 377 376 378
f 376 380 378
f 377 378 385
f 381 377 385
f 382 381 386
f 381 385 386
f 383 382 384
f 382 386 384
f 383 384 391
f 387 383 391
f 388 387 392
f 387 391 392
f 389 388 390
f 388 392 390
f 389 390 397
f 393 389 397
f 394 393 398
f 393 397 398
f 395 394 396
f 394 398 396
f 395 396 403
f 399 395 403
f 400 399 404
f 399 403 404
f 401 400 402
f 400 404 402
f 401 402 409
f 405 401 409
f 406 405 410
f 405 409 410
f 407 406 408
f 406 410 408
f 407 408 415
f 411 407 415
f 412 411 416
f 411 415 416
f 413 412 414
f 412 416 414
f 413 414 421
f 417 413 421
f 418 417 422
f 417 421 422
f 419 418 420
f 418 422 420
f 419 420 427
f 423 419 427
f 424 423 428
f 423 427 428
f 425 424 426
f 424 428 426
f 425 426 433
f 429 425 433
f 430 429 434
f 429 433 434
f 431 430 432
f 430 434 432
f 431 432 439
f 435 431 439
f 436 435 440
f 435 439 440
f 437 436 438
f 436 440 438
f 437 438 445
f 441 437 445
f 442 441 446
f 441 445 446
f 443 442 444
f 442 446 444
f 443 444 451
f 447 443 451
f 448 447 452
f 447 451 452
f 449 448 450
f 448 452 450
f 449 450 457
f 453 449 457
f 454 453 458
f 453 457 458
f 455 454 456
f 454 458 456
f 455 456 463
f 459 455 463
f 460 459 464
f 459 463 464
f 461 460 462
f 460 464 462
f 461 462 469
f 465 461 469
f 466 465 470
f 465 469 470
f 467 466 468
f 466 470 468
f 467 468 475
f 471 467 475
f 472 471 476
f 471 475 476
f 473 472 474
f 472 476 474
f 473 474 479
f 477 473 479
f 478 477 480
f 477 479 480
f 242 478 241
f 478 480 241
f 433 426 233
f 428 233 426
f 434 433 233
f 427 233 428
f 432 434 233
f 420 233 427
f 439 432 233
f 422 233 420
f 440 439 233
f 421 233 422
f 438 440 233
f 414 233 421
f 445 438 233
f 416 233 414
f 446 445 233
f 415 233 416
f 444 446 233
f 408 233 415
f 410 233 408
f 409 233 410
f 402 233 409
f 404 233 402
f 403 237 233
f 403 233 404
f 396 237 403
f 398 237 396
f 397 237 398
f 390 237 397
f 392 237 390
f 391 237 392
f 229 469 462
f 229 470 469
f 229 463 456
f 229 464 463
f 229 462 464
f 229 457 450
f 229 458 457
f 229 456 458
f 229 451 444
f 229 452 451
f 229 450 452
f 229 444 233
f 468 470 229
f 384 237 391
f 475 468 229
f 386 237 384
f 476 475 229
f 385 237 386
f 474 476 229
f 378 237 385
f 479 474 229
f 380 237 378
f 480 479 229
f 379 237 380
f 241 480 229
f 372 237 379
f 247 241 229
f 374 237 372
f 248 247 229
f 373 237 374
f 246 248 229
f 366 237 373
f 368 237 366
f 253 246 229
f 367 237 368
f 254 253 229
f 360 237 367
f 252 254 229
f 362 237 360
f 259 252 229
f 361 237 362
f 260 259 229
f 354 237 361
f 258 260 229
f 356 237 354
f 265 258 229
f 355 237 356
f 266 265 229
f 264 266 229
f 271 264 229
f 272 271 229
f 270 272 229
f 277 270 229
f 236 302 301
f 236 300 302
f 236 296 295
f 236 294 296
f 236 325 318
f 236 326 325
f 236 324 326
f 236 319 312
f 236 320 319
f 236 318 320
f 236 313 306
f 236 314 313
f 236 312 314
f 236 307 300
f 236 308 307
f 236 306 308
f 236 301 294
f 232 295 288
f 232 289 282
f 232 290 289
f 232 288 290
f 232 283 276
f 232 284 283
f 232 282 284
f 232 278 277
f 232 276 278
f 232 236 295
f 232 277 229
f 240 324 236
f 240 349 342
f 240 350 349
f 240 343 336
f 240 344 343
f 240 342 344
f 240 337 330
f 240 338 337
f 240 336 338
f 240 331 324
f 240 332 331
f 240 330 332
f 240 237 350
f 350 237 348
f 348 237 355
f 234 425 429
f 425 234 424
f 234 429 430
f 424 234 423
f 234 430 431
f 423 234 419
f 234 431 435
f 419 234 418
f 234 435 436
f 418 234 417
f 234 436 437
f 417 234 413
f 234 437 441
f 413 234 412
f 234 441 442
f 412 234 411
f 234 442 443
f 411 234 407
f 407 234 406
f 406 234 405
f 405 234 401
f 401 234 400
f 234 238 399
f 400 234 399
f 399 238 395
f 395 238 394
f 394 238 393
f 393 238 389
f 389 238 388
f 388 238 387
f 461 465 230
f 465 466 230
f 455 459 230
f 459 460 230
f 460 461 230
f 449 453 230
f 453 454 230
f 454 455 230
f 443 447 230
f 447 448 230
f 448 449 230
f 234 443 230
f 230 466 467
f 387 238 383
f 230 467 471
f 383 238 382
f 230 471 472
f 382 238 381
f 230 472 473
f 381 238 377
f 230 473 477
f 377 238 376
f 230 477 478
f 376 238 375
f 230 478 242
f 375 238 371
f 230 242 243
f 371 238 370
f 230 243 244
f 370 238 369
f 230 244 245
f 369 238 365
f 365 238 364
f 230 245 249
f 364 238 363
f 230 249 250
f 363 238 359
f 230 250 251
f 359 238 358
f 230 251 255
f 358 238 357
f 230 255 256
f 357 238 353
f 230 256 257
f 353 238 352
f 230 257 261
f 352 238 351
f 230 261 262
f 230 262 263
f 230 263 267
f 230 267 268
f 230 268 269
f 230 269 273
f 297 298 235
f 298 299 235
f 291 292 235
f 292 293 235
f 317 321 235
f 321 322 235
f 322 323 235
f 311 315 235
f 315 316 235
f 316 317 235
f 305 309 235
f 309 310 235
f 310 311 235
f 299 303 235
f 303 304 235
f 304 305 235
f 293 297 235
f 287 291 231
f 281 285 231
f 285 286 231
f 286 287 231
f 275 279 231
f 279 280 231
f 280 281 231
f 273 274 231
f 274 275 231
f 291 235 231
f 230 273 231
f 235 323 239
f 341 345 239
f 345 346 239
f 335 339 239
f 339 340 239
f 340 341 239
f 329 333 239
f 333 334 239
f 334 335 239
f 323 327 239
f 327 328 239
f 328 329 239
f 346 238 239
f 347 238 346
f 351 238 347
o walls_51750_Basic_Wall:קיר_בלוק__20__חדש:5
v -411199.6725 -270535.9394 63.7339
v -411200.8795 -270532.7182 63.7322
v -411200.8795 -270532.7182 62.8447
v -411200.8094 -270532.9055 62.8447
v -411200.8094 -270532.9055 60.7947
v -411200.8795 -270532.7182 60.7947
v -411200.8795 -270532.7182 60.3947
v -411200.8136 -270532.8942 60.3947
v -411200.8136 -270532.8942 60.7747
v -411199.6725 -270535.9394 60.7747
v -411199.9146 -270535.2933 62.4947
v -411199.9146 -270535.2933 61.7947
v -411200.4409 -270533.8887 61.7947
v -411200.4409 -270533.8887 62.4947
v -411200.6923 -270532.6480 60.3947
v -411200.6265 -270532.8234 60.3947
v -411200.6923 -270532.6480 63.7041
v -411199.4854 -270535.8686 63.7058
v -411199.4854 -270535.8686 60.7747
v -411200.6265 -270532.8234 60.7747
v -411199.7273 -270535.2231 61.7947
v -411199.7273 -270535.2231 62.4947
v -411200.2536 -270533.8185 62.4947
v -411200.2536 -270533.8185 61.7947
v -411200.8791 -270532.7180 60.7947
v -411200.8791 -270532.7180 62.8447
v -411200.8090 -270532.9053 62.8447
v -411200.8090 -270532.9053 60.7947
f 484 482 483
f 494 482 484
f 489 485 486
f 493 484 485
f 493 494 484
f 487 489 486
f 481 482 494
f 488 489 487
f 491 481 494
f 490 491 492
f 490 492 493
f 490 481 491
f 489 490 485
f 485 490 493
f 496 488 487
f 495 496 487
f 500 496 495
f 497 500 495
f 503 504 500
f 503 500 497
f 501 499 504
f 502 499 501
f 498 502 503
f 498 503 497
f 498 499 502
f 499 500 504
f 498 481 490
f 498 490 499
f 505 495 487
f 486 505 487
f 482 506 483
f 482 497 506
f 497 495 505
f 497 505 506
f 491 502 501
f 491 501 492
f 501 504 493
f 501 493 492
f 503 494 493
f 503 493 504
f 503 502 491
f 503 491 494
f 482 481 498
f 497 482 498
f 484 507 508
f 484 508 485
f 483 507 484
f 506 507 483
f 508 505 486
f 508 486 485
f 505 508 507
f 505 507 506
f 489 499 490
f 500 499 489
f 500 489 488
f 500 488 496
o walls_52025_Basic_Wall:קיר_בלוק__20__חדש:5
v -411198.0026 -270531.2387 60.7947
v -411196.8386 -270530.7979 60.7947
v -411196.8386 -270530.7979 63.1055
v -411197.9757 -270531.2285 63.2764
v -411197.9757 -270531.2285 63.7947
v -411198.0132 -270531.2427 63.7947
v -411198.0132 -270531.2427 63.4230
v -411198.0026 -270531.2387 63.4230
v -411198.0734 -270531.0517 60.7947
v -411198.0734 -270531.0517 63.4230
v -411198.0833 -270531.0554 63.4230
v -411198.0833 -270531.0554 63.7947
v -411198.0459 -270531.0413 63.7947
v -411198.0459 -270531.0413 63.2763
v -411196.9094 -270530.6109 63.1055
v -411196.9094 -270530.6109 60.7947
f 516 513 514
f 516 514 515
f 509 511 512
f 510 511 509
f 512 513 516
f 512 516 509
f 520 518 519
f 521 518 520
f 517 518 522
f 521 522 518
f 522 523 524
f 522 524 517
f 509 524 510
f 517 524 509
f 523 511 510
f 523 510 524
f 516 518 517
f 516 517 509
f 514 520 519
f 514 519 515
f 519 518 516
f 519 516 515
f 520 514 513
f 521 520 513
f 521 513 512
f 521 512 522
f 511 522 512
f 523 522 511
o walls_53072_Basic_Wall:קיר_בלוק__20__חדש:5
v -411200.8795 -270532.7182 60.3947
v -411204.0597 -270533.9099 60.3947
v -411204.0597 -270533.9099 60.7947
v -411204.3406 -270534.0151 60.7947
v -411204.3406 -270534.0151 64.6947
v -411200.7859 -270532.6831 64.6947
v -411200.7859 -270532.6831 63.7339
v -411200.8795 -270532.7182 63.7339
v -411200.8795 -270532.7182 62.8447
v -411201.7219 -270533.0338 62.8447
v -411201.7219 -270533.0338 60.7947
v -411200.8795 -270532.7182 60.7947
v -411200.8094 -270532.9055 60.3947
v -411203.9889 -270534.0969 60.3947
v -411200.8094 -270532.9055 60.7947
v -411201.6517 -270533.2211 60.7947
v -411201.6517 -270533.2211 62.8447
v -411200.8094 -270532.9055 62.8447
v -411200.8094 -270532.9055 63.7339
v -411200.7157 -270532.8704 63.7339
v -411200.7157 -270532.8704 64.6947
v -411204.2698 -270534.2022 64.6947
v -411204.2698 -270534.2022 60.7947
v -411203.9889 -270534.0969 60.7947
f 532 530 531
f 534 532 533
f 534 530 532
f 529 530 534
f 535 536 525
f 527 534 535
f 527 529 534
f 528 529 527
f 526 527 535
f 526 535 525
f 525 538 526
f 537 538 525
f 540 537 539
f 541 542 543
f 538 537 540
f 548 540 541
f 548 538 540
f 545 543 544
f 545 541 543
f 546 547 548
f 546 548 541
f 546 541 545
f 546 530 529
f 546 545 530
f 531 530 545
f 531 545 544
f 544 543 532
f 544 532 531
f 536 537 525
f 536 539 537
f 534 540 535
f 534 541 540
f 542 541 534
f 542 534 533
f 535 539 536
f 540 539 535
f 527 547 528
f 548 547 527
f 548 527 526
f 548 526 538
f 546 529 528
f 546 528 547
f 532 543 542
f 532 542 533
o walls_53313_Basic_Wall:קיר_בלוק__30:578259
v -411202.8374 -270537.1379 57.2947
v -411203.9897 -270534.0946 57.2947
v -411203.9897 -270534.0946 57.6947
v -411203.9720 -270534.1414 57.6947
v -411203.9720 -270534.1414 60.3947
v -411202.8374 -270537.1379 60.3947
v -411203.0428 -270536.5954 59.8947
v -411203.5386 -270535.2862 59.8947
v -411203.5386 -270535.2862 58.6947
v -411203.0428 -270536.5954 58.6947
v -411203.6392 -270535.0205 57.6947
v -411203.6392 -270535.0205 59.8947
v -411203.9225 -270534.2723 59.8947
v -411203.9225 -270534.2723 57.6947
v -411203.1180 -270537.2441 57.2947
v -411204.2703 -270534.2009 57.2947
v -411203.1180 -270537.2441 60.3947
v -411204.2526 -270534.2476 60.3947
v -411204.2526 -270534.2476 57.6947
v -411204.2703 -270534.2009 57.6947
v -411203.3234 -270536.7017 59.8947
v -411203.3234 -270536.7017 58.6947
v -411203.8191 -270535.3924 58.6947
v -411203.8191 -270535.3924 59.8947
v -411203.9197 -270535.1267 59.8947
v -411203.9197 -270535.1267 57.6947
v -411204.2030 -270534.3786 57.6947
v -411204.2030 -270534.3786 59.8947
f 558 555 554
f 556 554 555
f 549 558 554
f 553 554 556
f 553 556 560
f 561 553 560
f 557 560 556
f 559 557 558
f 559 558 549
f 552 561 562
f 550 551 552
f 550 562 559
f 550 559 549
f 550 552 562
f 552 553 561
f 559 560 557
f 563 550 549
f 563 564 550
f 574 563 570
f 565 570 563
f 569 570 565
f 564 563 574
f 571 574 570
f 575 564 574
f 567 564 575
f 568 564 567
f 572 569 565
f 573 571 572
f 576 567 575
f 566 576 573
f 566 572 565
f 566 573 572
f 566 567 576
f 573 574 571
f 553 565 554
f 566 565 553
f 569 555 558
f 569 558 570
f 571 570 558
f 571 558 557
f 556 572 571
f 556 571 557
f 569 572 556
f 569 556 555
f 549 554 565
f 549 565 563
f 568 550 564
f 568 551 550
f 568 552 551
f 568 567 552
f 566 553 552
f 566 552 567
f 573 559 574
f 573 560 559
f 573 576 561
f 573 561 560
f 561 576 575
f 561 575 562
f 575 574 559
f 575 559 562
o walls_53500_Basic_Wall:קיר_בלוק__30:578267
v -411204.8382 -270531.8540 57.2947
v -411205.1187 -270531.9602 57.2947
v -411206.6574 -270527.8968 57.2947
v -411206.3768 -270527.7905 57.2947
v -411206.6574 -270527.8968 60.3947
v -411206.3768 -270527.7905 60.3947
v -411206.6733 -270527.8547 60.3947
v -411206.3927 -270527.7484 60.3947
v -411206.6733 -270527.8547 60.7947
v -411206.3927 -270527.7484 60.7947
v -411205.1187 -270531.9602 60.7947
v -411204.8382 -270531.8540 60.7947
v -411205.1187 -270531.9602 59.8947
v -411204.8382 -270531.8540 59.8947
v -411205.2283 -270531.6710 59.8947
v -411204.9477 -270531.5647 59.8947
v -411205.2283 -270531.6710 59.3947
v -411204.9477 -270531.5647 59.3947
v -411205.1187 -270531.9602 59.3947
v -411204.8382 -270531.8540 59.3947
v -411205.7058 -270529.5627 59.8947
v -411205.9863 -270529.6690 59.8947
v -411205.9863 -270529.6690 57.6947
v -411205.7058 -270529.5627 57.6947
v -411205.7030 -270530.4171 57.6947
v -411205.4225 -270530.3109 57.6947
v -411205.7030 -270530.4171 59.8947
v -411205.4225 -270530.3109 59.8947
f 580 577 578
f 580 578 579
f 582 580 579
f 582 579 581
f 584 582 581
f 584 581 583
f 586 584 583
f 586 583 585
f 588 586 585
f 588 585 587
f 590 588 587
f 590 587 589
f 592 590 589
f 592 589 591
f 594 592 591
f 594 591 593
f 596 594 593
f 596 593 595
f 578 577 596
f 595 578 596
f 600 597 598
f 600 598 599
f 602 600 599
f 602 599 601
f 603 602 601
f 604 602 603
f 598 597 604
f 603 598 604
f 592 588 590
f 604 592 594
f 604 588 592
f 597 588 604
f 577 594 596
f 586 588 597
f 582 586 597
f 602 604 594
f 602 594 577
f 584 586 582
f 600 602 577
f 580 597 600
f 580 582 597
f 580 600 577
f 589 587 591
f 593 591 603
f 591 587 603
f 603 587 598
f 595 593 578
f 598 587 585
f 598 585 581
f 593 603 601
f 578 593 601
f 581 585 583
f 578 601 599
f 599 598 579
f 598 581 579
f 578 599 579
o walls_53609_Basic_Wall:קיר_בלוק__20__חדש:5
v -411206.6733 -270527.8547 60.9947
v -411206.6733 -270527.8547 60.7947
v -411206.6733 -270527.8547 60.3947
v -411206.3927 -270527.7484 60.3947
v -411203.4001 -270526.6153 60.3947
v -411203.2131 -270526.5444 60.3947
v -411203.2131 -270526.5444 60.7947
v -411203.4001 -270526.6153 60.7947
v -411203.4561 -270526.6365 60.7947
v -411203.4561 -270526.6365 63.8271
v -411206.3927 -270527.7484 63.3857
v -411206.6733 -270527.8547 63.3436
v -411206.6733 -270527.8547 63.3047
v -411206.5798 -270527.8193 63.3047
v -411206.5798 -270527.8193 60.9947
v -411206.3820 -270527.7444 62.6947
v -411203.8873 -270526.7998 62.6947
v -411203.8873 -270526.7998 60.9947
v -411206.3820 -270527.7444 60.9947
v -411203.2839 -270526.3574 60.3947
v -411206.7441 -270527.6676 60.3947
v -411206.7441 -270527.6676 60.9947
v -411206.6506 -270527.6322 60.9947
v -411206.6506 -270527.6322 63.3047
v -411206.7441 -270527.6676 63.3047
v -411206.7441 -270527.6676 63.3436
v -411203.5065 -270526.4417 63.8301
v -411203.5065 -270526.4417 60.7947
v -411203.2839 -270526.3574 60.7947
v -411203.9582 -270526.6127 62.6947
v -411206.4528 -270527.5573 62.6947
v -411206.4528 -270527.5573 60.9947
v -411203.9582 -270526.6127 60.9947
v -411203.2707 -270526.3923 60.3947
f 618 616 617
f 615 616 618
f 620 615 618
f 606 619 605
f 623 619 606
f 623 620 619
f 608 606 607
f 608 623 606
f 621 614 615
f 621 615 620
f 622 623 608
f 609 611 612
f 609 612 613
f 609 613 622
f 609 622 608
f 610 611 609
f 613 614 621
f 613 621 622
f 618 619 620
f 627 625 626
f 636 625 627
f 635 636 627
f 628 629 630
f 637 625 636
f 624 625 637
f 632 624 637
f 633 624 632
f 634 635 628
f 631 628 630
f 631 634 628
f 627 628 635
f 631 632 634
f 634 632 637
f 609 638 610
f 624 638 609
f 625 608 607
f 625 624 609
f 625 609 608
f 635 634 621
f 635 621 620
f 622 636 623
f 637 636 622
f 635 620 623
f 635 623 636
f 621 634 637
f 621 637 622
f 606 605 626
f 625 606 626
f 607 606 625
f 627 626 605
f 627 605 619
f 615 630 616
f 631 615 614
f 631 630 615
f 611 610 638
f 633 638 624
f 633 611 638
f 629 628 618
f 629 618 617
f 618 628 627
f 618 627 619
f 617 616 630
f 617 630 629
f 632 613 612
f 633 612 611
f 633 632 612
f 614 613 632
f 631 614 632
o walls_65057_Basic_Wall:קיר_בלוק__20__חדש:5
v -411201.3488 -270529.7735 63.9901
v -411201.3488 -270529.7735 63.2210
v -411205.0896 -270531.1900 63.2210
v -411205.0896 -270531.1900 64.6947
v -411201.2085 -270529.7204 64.6947
v -411201.2085 -270529.7204 63.9901
v -411201.2780 -270529.9606 63.2210
v -411201.2780 -270529.9606 63.9479
v -411201.2780 -270529.9606 63.9901
v -411201.1377 -270529.9074 63.9901
v -411201.1377 -270529.9074 64.6947
v -411205.0188 -270531.3770 64.6947
v -411205.0188 -270531.3770 63.2210
f 639 643 644
f 642 643 639
f 641 639 640
f 641 642 639
f 649 647 648
f 651 645 646
f 650 646 647
f 650 651 646
f 650 647 649
f 645 641 640
f 645 651 641
f 650 643 642
f 650 649 643
f 650 642 641
f 650 641 651
f 644 643 649
f 644 649 648
f 648 647 639
f 648 639 644
f 646 645 640
f 639 647 646
f 639 646 640
o walls_119591_Basic_Wall:קיר_בלוק__20__חדש:6
v -411199.0945 -270528.9199 60.7954
v -411201.0682 -270529.6673 60.7954
v -411201.0682 -270529.6673 63.9901
v -411201.2085 -270529.7204 63.9901
v -411201.2085 -270529.7204 64.6947
v -411199.0945 -270528.9199 64.6947
v -411199.0945 -270528.9199 64.6447
v -411199.0237 -270529.1069 60.7954
v -411199.0237 -270529.1069 64.6947
v -411201.1377 -270529.9074 64.6947
v -411201.1377 -270529.9074 63.9901
v -411200.9974 -270529.8543 63.9901
v -411200.9974 -270529.8543 60.7954
f 656 657 658
f 654 656 658
f 655 656 654
f 652 654 658
f 653 654 652
f 663 659 660
f 663 664 659
f 661 662 663
f 661 663 660
f 652 664 653
f 659 664 652
f 656 660 657
f 661 660 656
f 661 656 655
f 661 655 662
f 663 662 655
f 663 655 654
f 663 653 664
f 663 654 653
f 658 657 660
f 659 658 660
f 652 658 659
o walls_134558_Basic_Wall:עץ_4:6130715
v -411193.8335 -270533.0443 57.6947
v -411193.6061 -270533.6424 57.6947
v -411193.6061 -270533.6424 60.4947
v -411193.8371 -270533.0349 60.4947
v -411193.8371 -270533.0349 59.6647
v -411193.8371 -270533.0349 58.5747
v -411193.8335 -270533.0443 58.5747
v -411193.8335 -270533.0443 58.5347
v -411193.8148 -270533.0372 57.6947
v -411193.8148 -270533.0372 58.5347
v -411193.8148 -270533.0372 58.5747
v -411193.8184 -270533.0278 58.5747
v -411193.8184 -270533.0278 60.4947
v -411193.5874 -270533.6353 60.4947
v -411193.5874 -270533.6353 57.6947
f 669 667 668
f 671 669 670
f 671 667 669
f 666 671 672
f 666 672 665
f 666 667 671
f 674 679 673
f 675 679 674
f 677 675 676
f 678 675 677
f 678 679 675
f 673 666 665
f 673 679 666
f 667 677 668
f 678 677 667
f 678 667 666
f 678 666 679
f 672 674 673
f 672 673 665
f 671 675 674
f 671 674 672
f 676 675 671
f 676 671 670
f 669 668 677
f 676 669 677
f 670 669 676
o walls_964_Basic_Wall:קיר_בלוק_קיים_20:56
v -411221.5236 -270535.7500 57.6947
v -411221.7100 -270535.8227 57.6947
v -411221.5236 -270535.7500 60.6947
v -411221.7100 -270535.8227 60.6947
v -411218.7977 -270543.2869 57.6947
v -411218.6098 -270543.2182 57.6947
v -411221.6880 -270535.8790 60.6947
v -411221.6880 -270535.8790 61.1997
v -411219.4047 -270541.7310 61.2085
v -411219.4047 -270541.7310 60.6947
v -411218.7977 -270543.2869 60.6947
v -411221.5013 -270535.8073 60.6947
v -411218.6098 -270543.2182 60.6947
v -411219.2180 -270541.6592 60.6947
v -411219.2180 -270541.6592 61.2621
v -411221.5013 -270535.8073 61.2533
f 682 680 681
f 683 682 681
f 685 684 680
f 680 684 681
f 686 683 681
f 687 686 689
f 688 687 689
f 686 681 689
f 690 689 684
f 689 681 684
f 686 691 682
f 683 686 682
f 693 692 685
f 694 693 695
f 695 693 691
f 682 691 680
f 693 685 680
f 691 693 680
f 692 690 684
f 692 684 685
f 693 690 692
f 689 690 693
f 693 694 688
f 689 693 688
f 688 694 695
f 688 695 687
f 691 686 687
f 691 687 695
o walls_1037_Basic_Wall:קיר_בלוק_קיים_20:56
v -411223.0282 -270536.3370 57.6947
v -411222.9578 -270536.5243 57.6947
v -411223.0282 -270536.3370 60.6947
v -411222.9578 -270536.5243 60.6947
v -411221.6373 -270536.0090 57.6947
v -411221.7100 -270535.8227 57.6947
v -411221.6373 -270536.0090 60.6947
v -411221.7100 -270535.8227 60.6947
f 698 696 697
f 699 698 697
f 701 700 696
f 696 700 697
f 699 697 700
f 702 699 700
f 698 702 703
f 699 702 698
f 703 701 696
f 698 703 696
f 702 700 701
f 703 702 701
o walls_1080_Basic_Wall:קיר_בלוק_קיים_20:56
v -411224.4093 -270532.0975 57.6947
v -411224.5956 -270532.1702 57.6947
v -411224.4093 -270532.0975 63.6939
v -411224.4689 -270532.1207 63.6768
v -411224.4689 -270532.1207 64.6947
v -411224.5956 -270532.1702 64.6947
v -411223.0282 -270536.3370 57.6947
v -411222.8419 -270536.2643 57.6947
v -411223.0282 -270536.3370 64.6947
v -411222.9063 -270536.2895 64.6947
v -411222.9063 -270536.2895 63.6768
v -411222.8419 -270536.2643 63.6953
f 707 706 704
f 707 704 705
f 709 708 707
f 707 705 709
f 711 710 705
f 704 711 705
f 709 705 710
f 712 709 710
f 709 713 708
f 709 712 713
f 714 707 708
f 714 708 713
f 715 706 707
f 714 715 707
f 706 715 711
f 706 711 704
f 715 714 711
f 714 710 711
f 714 712 710
f 712 714 713
o walls_1111_Basic_Wall:קיר_בלוק_קיים_20:56
v -411222.2555 -270531.4718 57.6947
v -411222.2555 -270531.4718 64.6947
v -411222.3224 -270531.2832 64.6947
v -411222.3224 -270531.2832 57.6947
v -411222.5088 -270531.3560 64.6947
v -411222.5088 -270531.3560 57.6947
v -411224.4093 -270532.0975 64.6947
v -411224.4093 -270532.0975 57.6947
v -411224.3389 -270532.2847 64.6947
v -411224.3389 -270532.2847 57.6947
f 717 716 719
f 718 717 719
f 718 719 721
f 720 718 721
f 720 721 723
f 722 720 723
f 722 723 725
f 724 722 725
f 724 725 716
f 717 724 716
f 725 723 721
f 716 725 721
f 716 721 719
f 720 722 724
f 720 724 717
f 718 720 717
o walls_1142_Basic_Wall:קיר_בלוק_קיים_20:56
v -411223.3892 -270528.2779 57.6947
v -411223.3892 -270528.2779 64.6947
v -411223.5754 -270528.3513 64.6947
v -411223.5754 -270528.3513 57.6947
v -411222.5088 -270531.3560 64.6947
v -411222.5088 -270531.3560 57.6947
v -411222.3224 -270531.2832 64.6947
v -411222.3224 -270531.2832 57.6947
v -411223.3223 -270528.4665 64.6947
v -411223.3223 -270528.4665 57.6947
f 727 726 729
f 728 727 729
f 728 729 731
f 730 728 731
f 730 731 733
f 732 730 733
f 732 733 735
f 734 732 735
f 734 735 726
f 727 734 726
f 733 731 735
f 726 735 729
f 735 731 729
f 734 730 732
f 728 734 727
f 728 730 734
o walls_1200_Basic_Wall:קיר_בלוק_קיים_20:56
v -411218.7285 -270526.6561 57.6947
v -411218.7980 -270526.4685 57.6947
v -411218.7285 -270526.6561 65.1015
v -411218.7980 -270526.4685 65.1018
v -411223.3892 -270528.2779 57.6947
v -411223.3223 -270528.4665 57.6947
v -411219.7173 -270526.8308 65.3664
v -411223.3892 -270528.2779 64.3091
v -411219.6480 -270527.0184 65.3662
v -411223.3223 -270528.4665 64.3081
f 738 736 737
f 739 738 737
f 741 740 736
f 736 740 737
f 742 739 737
f 743 742 737
f 743 737 740
f 738 742 744
f 739 742 738
f 745 741 736
f 744 745 736
f 738 744 736
f 745 743 740
f 745 740 741
f 744 743 745
f 742 743 744
o walls_1256_Basic_Wall:קיר_בלוק_קיים_20:56
v -411218.1290 -270528.8516 57.6947
v -411217.9439 -270528.7756 57.6947
v -411218.1290 -270528.8516 65.1519
v -411218.0136 -270528.8042 65.1185
v -411218.0136 -270528.8042 63.6947
v -411217.9439 -270528.7756 63.6947
v -411218.7285 -270526.6561 57.6947
v -411218.9146 -270526.7294 57.6947
v -411218.7285 -270526.6561 63.6947
v -411218.7876 -270526.6793 63.6947
v -411218.7876 -270526.6793 65.1185
v -411218.9146 -270526.7294 65.1551
f 749 748 750
f 751 750 747
f 750 746 747
f 750 748 746
f 753 752 747
f 746 753 747
f 751 747 752
f 754 751 752
f 751 754 755
f 751 755 750
f 749 755 756
f 750 755 749
f 757 748 749
f 756 757 749
f 748 757 753
f 748 753 746
f 757 756 755
f 755 754 752
f 755 752 753
f 755 753 757
o walls_1301_Basic_Wall:קיר_בלוק_קיים_20:56
v -411216.6647 -270528.2506 57.6947
v -411216.7367 -270528.0639 57.6947
v -411216.6647 -270528.2506 64.7281
v -411216.7367 -270528.0639 64.7291
v -411218.0134 -270528.5879 57.6947
v -411217.9439 -270528.7756 57.6947
v -411218.0134 -270528.5879 65.0986
v -411217.9439 -270528.7756 65.0983
f 760 758 759
f 761 760 759
f 763 762 758
f 758 762 759
f 761 759 762
f 764 761 762
f 760 764 765
f 761 764 760
f 760 765 763
f 760 763 758
f 765 764 762
f 765 762 763
o walls_1344_Basic_Wall:קיר_בלוק_קיים_20:56
v -411217.5685 -270525.9064 57.6947
v -411217.7551 -270525.9784 57.6947
v -411217.5685 -270525.9064 64.7407
v -411217.7551 -270525.9784 64.7943
v -411216.9217 -270528.1399 57.6947
v -411216.7367 -270528.0639 57.6947
v -411216.9217 -270528.1399 64.7827
v -411216.7367 -270528.0639 64.7291
f 768 766 767
f 769 768 767
f 771 770 767
f 766 771 767
f 772 769 767
f 772 767 770
f 773 768 769
f 772 773 769
f 773 771 766
f 768 773 766
f 773 772 770
f 773 770 771
o walls_1374_Basic_Wall:קיר_בלוק_קיים_20:56
v -411214.9659 -270524.7728 57.6947
v -411214.9659 -270524.7728 60.6947
v -411214.7788 -270524.7020 60.6947
v -411214.7788 -270524.7020 57.6947
v -411214.8076 -270524.6259 60.6947
v -411214.8076 -270524.6259 57.6947
v -411214.9942 -270524.6980 60.6947
v -411214.9942 -270524.6980 57.6947
f 775 774 777
f 776 775 777
f 776 777 779
f 778 776 779
f 778 779 781
f 780 778 781
f 780 781 774
f 775 780 774
f 781 779 777
f 774 781 777
f 776 778 780
f 776 780 775
o walls_1422_Basic_Wall:קיר_בלוק_קיים_20:56
v -411211.8942 -270530.9048 57.6947
v -411211.9661 -270530.7182 57.6947
v -411211.8942 -270530.9048 63.7704
v -411211.9661 -270530.7182 63.7714
v -411212.6176 -270530.9745 57.6947
v -411212.5467 -270531.1616 57.6947
v -411212.6176 -270530.9745 63.9590
v -411212.5467 -270531.1616 63.9583
f 784 782 783
f 785 784 783
f 787 786 782
f 782 786 783
f 785 783 786
f 788 785 786
f 784 788 789
f 785 788 784
f 784 789 787
f 784 787 782
f 789 788 786
f 789 786 787
o walls_1478_Basic_Wall:קיר_בלוק_קיים_20:56
v -411210.9108 -270534.0110 57.6947
v -411210.7247 -270533.9378 57.6947
v -411210.9108 -270534.0110 63.6947
v -411210.7247 -270533.9378 63.6947
v -411211.8942 -270530.9048 57.6947
v -411212.0803 -270530.9780 57.6947
v -411210.7368 -270533.9065 63.6947
v -411210.7368 -270533.9065 63.7543
v -411211.8942 -270530.9048 63.7704
v -411210.9235 -270533.9783 63.6947
v -411212.0803 -270530.9780 63.8240
v -411210.9235 -270533.9783 63.8079
f 792 790 791
f 793 792 791
f 795 794 791
f 790 795 791
f 797 796 798
f 796 793 791
f 796 791 794
f 798 796 794
f 793 799 792
f 793 796 799
f 801 800 799
f 799 800 795
f 792 799 790
f 799 795 790
f 798 794 795
f 800 798 795
f 800 801 797
f 798 800 797
f 799 796 797
f 799 797 801
o walls_1555_Basic_Wall:קיר_בלוק_קיים_20:56
v -411215.9530 -270535.7802 57.6947
v -411215.8798 -270535.9663 57.6947
v -411215.9530 -270535.7802 63.6947
v -411215.9085 -270535.8932 63.6947
v -411215.8798 -270535.9663 63.6947
v -411210.9108 -270534.0110 57.6947
v -411210.9828 -270533.8244 57.6947
v -411215.0443 -270535.6376 63.6947
v -411210.9108 -270534.0110 63.6947
v -411215.0698 -270535.5711 63.6947
v -411215.1160 -270535.4509 63.6947
v -411210.9828 -270533.8244 63.6947
v -411210.9235 -270533.9783 63.6947
f 805 804 802
f 806 805 803
f 805 802 803
f 808 807 802
f 802 807 803
f 809 806 803
f 810 809 807
f 809 803 807
f 806 809 811
f 806 811 805
f 804 811 812
f 805 811 804
f 812 813 808
f 804 812 802
f 812 808 802
f 814 810 807
f 813 814 808
f 814 807 808
f 811 810 814
f 809 810 811
f 812 814 813
f 811 814 812
o walls_1606_Basic_Wall:קיר_בלוק_קיים_20:56
v -411213.5431 -270541.3582 57.6947
v -411215.6937 -270535.8931 57.6947
v -411213.5431 -270541.3582 60.6947
v -411213.5927 -270541.2321 60.6947
v -411213.5927 -270541.2321 60.9692
v -411215.6937 -270535.8931 60.9817
v -411215.8798 -270535.9663 57.6947
v -411213.7292 -270541.4315 57.6947
v -411215.8798 -270535.9663 61.0353
v -411213.7794 -270541.3038 61.0228
v -411213.7794 -270541.3038 60.6947
v -411213.7292 -270541.4315 60.6947
f 818 817 815
f 819 818 820
f 818 815 816
f 820 818 816
f 821 816 815
f 822 821 815
f 820 816 821
f 823 820 821
f 820 823 824
f 820 824 819
f 825 818 819
f 825 819 824
f 818 825 826
f 817 818 826
f 826 822 815
f 817 826 815
f 823 821 825
f 824 823 825
f 826 825 822
f 825 821 822
o walls_1633_Basic_Wall:קיר_בלוק_קיים_20:56
v -411209.3497 -270539.8322 57.6947
v -411209.3497 -270539.8322 60.6947
v -411225.3303 -270545.6755 60.6947
v -411225.3303 -270545.6755 57.6947
v -411225.2616 -270545.8634 60.6947
v -411225.2616 -270545.8634 57.6947
v -411209.2810 -270540.0201 60.6947
v -411209.2810 -270540.0201 57.6947
f 828 827 830
f 829 828 830
f 829 830 832
f 831 829 832
f 831 832 833
f 833 832 834
f 833 834 827
f 828 833 827
f 832 830 827
f 834 832 827
f 828 829 831
f 828 831 833
o walls_2275_Basic_Wall:קיר_ממד_25:5615747
v -411200.0099 -270526.2214 56.6777
v -411200.0099 -270526.2214 60.3947
v -411200.2633 -270526.2582 60.3947
v -411200.2633 -270526.2582 56.6777
v -411198.9306 -270529.0717 56.6777
v -411198.9306 -270529.0717 60.3947
v -411199.4848 -270527.6081 57.7147
v -411199.4866 -270527.6035 57.7147
v -411199.4866 -270527.6035 59.7147
v -411199.4848 -270527.6081 59.7147
v -411199.2033 -270528.3516 59.7147
v -411199.2015 -270528.3563 59.7147
v -411199.2015 -270528.3563 57.7147
v -411199.2033 -270528.3516 57.7147
v -411199.1644 -270529.1602 60.3947
v -411199.1644 -270529.1602 56.6777
v -411199.7204 -270527.6920 57.7147
v -411199.7204 -270527.6920 59.7147
v -411199.7186 -270527.6967 57.7147
v -411199.4371 -270528.4401 57.7147
v -411199.4353 -270528.4448 57.7147
v -411199.4353 -270528.4448 59.7147
v -411199.4371 -270528.4401 59.7147
v -411199.7186 -270527.6967 59.7147
f 836 835 838
f 837 836 838
f 840 846 845
f 840 845 844
f 844 843 836
f 840 844 836
f 846 840 847
f 848 847 839
f 847 840 839
f 848 839 841
f 836 843 842
f 842 841 835
f 841 839 835
f 836 842 835
f 837 852 858
f 857 856 849
f 858 857 849
f 837 858 849
f 837 838 851
f 852 837 851
f 851 838 853
f 849 856 855
f 854 853 850
f 855 854 850
f 853 838 850
f 849 855 850
f 839 850 835
f 835 850 838
f 836 849 840
f 837 849 836
f 849 850 839
f 840 849 839
f 851 853 841
f 851 841 842
f 853 854 848
f 853 848 841
f 847 848 854
f 847 854 855
f 846 847 855
f 846 855 856
f 845 846 856
f 845 856 857
f 857 858 844
f 857 844 845
f 858 852 843
f 858 843 844
f 852 851 842
f 852 842 843
o walls_2315_Basic_Wall:קיר_בלוק__30:561766
v -411192.3748 -270533.1762 56.0343
v -411192.6554 -270533.2824 56.0343
v -411192.6554 -270533.2824 60.3947
v -411192.3748 -270533.1762 60.3947
v -411194.6447 -270527.1815 56.0343
v -411194.9253 -270527.2878 56.0343
v -411194.9253 -270527.2878 60.3947
v -411194.6447 -270527.1815 60.3947
v -411193.0335 -270531.4367 57.6947
v -411193.3140 -270531.5429 57.6947
v -411193.3140 -270531.5429 59.9947
v -411193.0335 -270531.4367 59.9947
v -411194.8013 -270527.6151 59.9947
v -411194.5208 -270527.5088 59.9947
v -411194.8013 -270527.6151 57.6947
v -411194.5208 -270527.5088 57.6947
f 860 859 862
f 861 860 862
f 866 863 864
f 866 864 865
f 863 859 860
f 863 860 864
f 861 862 866
f 865 861 866
f 870 867 868
f 870 868 869
f 872 870 869
f 872 869 871
f 874 872 871
f 874 871 873
f 867 874 873
f 867 873 868
f 867 862 859
f 867 870 862
f 872 866 870
f 874 866 872
f 863 874 867
f 863 867 859
f 866 862 870
f 863 866 874
f 860 861 868
f 861 869 868
f 869 865 871
f 871 865 873
f 868 873 864
f 860 868 864
f 869 861 865
f 873 865 864
o walls_2391_Basic_Wall:קיר_בלוק__30:561786
v -411194.9253 -270527.2878 57.6947
v -411194.8190 -270527.5683 57.6947
v -411194.9593 -270527.6214 57.6947
v -411195.0655 -270527.3409 57.6947
v -411194.9593 -270527.6214 59.9947
v -411195.0655 -270527.3409 59.9947
v -411196.9232 -270528.3651 59.9947
v -411197.0295 -270528.0845 59.9947
v -411196.9232 -270528.3651 57.6947
v -411197.0295 -270528.0845 57.6947
v -411197.3231 -270528.5165 57.6947
v -411197.4293 -270528.2359 57.6947
v -411197.3231 -270528.5165 60.3947
v -411197.4293 -270528.2359 60.3947
v -411194.9253 -270527.2878 60.3947
v -411194.8190 -270527.5683 60.3947
f 878 875 876
f 878 876 877
f 880 878 877
f 880 877 879
f 882 880 879
f 882 879 881
f 884 882 881
f 884 881 883
f 886 884 883
f 886 883 885
f 888 886 885
f 888 885 887
f 890 889 888
f 887 890 888
f 876 875 889
f 890 876 889
f 889 880 882
f 889 882 888
f 880 889 875
f 880 875 878
f 882 884 886
f 888 882 886
f 881 879 890
f 887 881 890
f 876 890 879
f 877 876 879
f 885 883 881
f 885 881 887
o walls_2473_Basic_Wall:קיר_בלוק__20__חדש:5
v -411203.0472 -270537.4311 56.9662
v -411191.8893 -270533.2062 56.9662
v -411203.0472 -270537.4311 61.7947
v -411199.6023 -270536.1267 61.7947
v -411199.6023 -270536.1267 60.7947
v -411191.8893 -270533.2062 60.7947
v -411191.9601 -270533.0191 56.9662
v -411203.1180 -270537.2441 56.9662
v -411191.9601 -270533.0191 60.7947
v -411199.6725 -270535.9394 60.7947
v -411199.6725 -270535.9394 61.7947
v -411203.1180 -270537.2441 61.7947
f 894 893 895
f 895 893 891
f 896 895 892
f 895 891 892
f 897 892 891
f 898 897 891
f 896 892 897
f 899 896 897
f 899 900 896
f 900 895 896
f 901 894 895
f 901 895 900
f 902 894 901
f 893 894 902
f 902 898 891
f 893 902 891
f 899 897 900
f 901 900 902
f 902 900 898
f 900 897 898
o walls_3056_Basic_Wall:קיר_בלוק_10_חדש_2:5
v -411199.4754 -270535.8648 57.6947
v -411199.4754 -270535.8648 60.3947
v -411200.6455 -270532.7749 60.3947
v -411200.6455 -270532.7749 57.6947
v -411200.7390 -270532.8103 60.3947
v -411200.7390 -270532.8103 57.6947
v -411199.5690 -270535.9002 60.3947
v -411199.5690 -270535.9002 57.6947
f 904 903 906
f 905 904 906
f 905 906 908
f 907 905 908
f 907 908 910
f 909 907 910
f 909 910 903
f 904 909 903
f 908 906 903
f 910 908 903
f 904 905 907
f 904 907 909
o walls_3092_Basic_Wall:קיר_בלוק_10_חדש_2:5
v -411202.3041 -270532.3336 57.6847
v -411202.3041 -270532.3336 60.3947
v -411201.9146 -270533.3623 60.3947
v -411201.9146 -270533.3623 57.6847
v -411201.8211 -270533.3269 60.3947
v -411201.8211 -270533.3269 57.6847
v -411202.2106 -270532.2982 60.3947
v -411202.2106 -270532.2982 57.6847
f 912 911 914
f 913 912 914
f 913 914 916
f 915 913 916
f 915 916 918
f 917 915 918
f 917 918 911
f 912 917 911
f 916 914 911
f 918 916 911
f 912 913 915
f 912 915 917
o walls_3119_Basic_Wall:קיר_בלוק_10_חדש_2:5
v -411200.7390 -270532.8103 57.6947
v -411200.7036 -270532.9038 57.6947
v -411200.7971 -270532.9392 57.6947
v -411200.8325 -270532.8457 57.6947
v -411200.7971 -270532.9392 59.7447
v -411200.8325 -270532.8457 59.7447
v -411201.5453 -270533.2225 59.7447
v -411201.5807 -270533.1290 59.7447
v -411201.5453 -270533.2225 57.6947
v -411201.5807 -270533.1290 57.6947
v -411201.8211 -270533.3269 57.6947
v -411201.8565 -270533.2334 57.6947
v -411201.8211 -270533.3269 60.3947
v -411201.8565 -270533.2334 60.3947
v -411200.7390 -270532.8103 60.3947
v -411200.7036 -270532.9038 60.3947
f 922 919 920
f 922 920 921
f 924 922 921
f 924 921 923
f 926 924 923
f 926 923 925
f 928 926 925
f 928 925 927
f 930 928 927
f 930 927 929
f 932 930 929
f 932 929 931
f 934 933 932
f 931 934 932
f 920 919 933
f 934 920 933
f 932 933 926
f 933 924 926
f 924 919 922
f 926 928 930
f 932 926 930
f 924 933 919
f 925 934 931
f 925 923 934
f 921 920 923
f 929 927 925
f 929 925 931
f 920 934 923
o walls_3158_Basic_Wall:קיר_בלוק_10_חדש_2:5
v -411201.9316 -270533.3175 57.6947
v -411201.9146 -270533.3623 57.6947
v -411202.5979 -270533.6211 57.6947
v -411202.6148 -270533.5762 57.6947
v -411202.5979 -270533.6211 59.7447
v -411202.6148 -270533.5762 59.7447
v -411203.2525 -270533.8689 59.7447
v -411203.2695 -270533.8241 59.7447
v -411203.2525 -270533.8689 57.6947
v -411203.2695 -270533.8241 57.6947
v -411203.9720 -270534.1414 57.6947
v -411203.9890 -270534.0966 57.6947
v -411203.9720 -270534.1414 60.3947
v -411203.9890 -270534.0966 60.3947
v -411201.9316 -270533.3175 60.3947
v -411201.9146 -270533.3623 60.3947
f 938 935 936
f 938 936 937
f 940 938 937
f 940 937 939
f 942 940 939
f 942 939 941
f 944 942 941
f 944 941 943
f 946 944 943
f 946 943 945
f 948 946 945
f 948 945 947
f 950 949 948
f 947 950 948
f 936 935 949
f 950 936 949
f 949 940 942
f 949 942 948
f 940 949 935
f 940 935 938
f 942 944 946
f 948 942 946
f 941 939 950
f 947 941 950
f 936 950 939
f 937 936 939
f 945 943 941
f 945 941 947
o walls_3253_Basic_Wall:קיר_בלוק__20__חדש_5
v -411200.1133 -270525.9483 57.6947
v -411200.1133 -270525.9483 60.6947
v -411200.0408 -270526.1399 60.6947
v -411200.0408 -270526.1399 57.6947
v -411198.1877 -270525.6684 57.6947
v -411198.1877 -270525.6684 60.6947
v -411199.7992 -270525.9027 59.6947
v -411199.7992 -270525.9027 59.1947
v -411198.8096 -270525.7588 59.6947
v -411198.8096 -270525.7588 59.1947
v -411198.1151 -270525.8599 60.6947
v -411198.1151 -270525.8599 57.6947
v -411198.7809 -270525.9567 59.6947
v -411199.7705 -270526.1006 59.6947
v -411199.7705 -270526.1006 59.1947
v -411198.7809 -270525.9567 59.1947
f 952 951 954
f 953 952 954
f 956 959 952
f 959 956 960
f 952 959 957
f 960 956 955
f 952 957 958
f 958 960 951
f 960 955 951
f 952 958 951
f 964 953 965
f 961 953 963
f 953 964 963
f 961 963 966
f 966 965 954
f 961 966 962
f 966 954 962
f 965 953 954
f 955 962 954
f 951 955 954
f 953 961 956
f 953 956 952
f 961 962 955
f 956 961 955
f 958 957 964
f 958 964 965
f 960 958 965
f 960 965 966
f 959 960 966
f 959 966 963
f 957 959 963
f 957 963 964
o walls_50927_Basic_Wall:קיר_בלוק__20__חדש:5
v -411195.2334 -270534.4724 60.7947
v -411195.3042 -270534.2854 60.7947
v -411195.2334 -270534.4724 63.0774
v -411195.3042 -270534.2854 63.0774
v -411199.6725 -270535.9394 60.7947
v -411199.6023 -270536.1267 60.7947
v -411199.6725 -270535.9394 63.7339
v -411199.6023 -270536.1267 63.7340
f 969 967 968
f 970 969 968
f 972 971 967
f 967 971 968
f 970 968 971
f 973 970 971
f 969 973 974
f 970 973 969
f 974 972 969
f 969 972 967
f 973 971 972
f 974 973 972
o walls_51955_Basic_Wall:קיר_בלוק__20__חדש_3
v -411195.3042 -270534.2854 60.7747
v -411196.7224 -270530.5401 60.7747
v -411195.3042 -270534.2854 63.0774
v -411196.7224 -270530.5401 63.0774
v -411196.2434 -270531.8049 62.4947
v -411196.2434 -270531.8049 61.7947
v -411195.7123 -270533.2077 62.4947
v -411195.7123 -270533.2077 61.7947
v -411196.9094 -270530.6109 60.7747
v -411195.4912 -270534.3562 60.7747
v -411195.4912 -270534.3562 63.1055
v -411196.9094 -270530.6109 63.1055
v -411196.4305 -270531.8757 62.4947
v -411196.4305 -270531.8757 61.7947
v -411195.8993 -270533.2785 61.7947
v -411195.8993 -270533.2785 62.4947
f 977 975 982
f 981 977 982
f 977 981 979
f 982 975 980
f 979 980 978
f 977 979 978
f 978 980 976
f 980 975 976
f 976 975 983
f 975 984 983
f 977 985 984
f 977 984 975
f 978 976 983
f 986 978 983
f 985 977 978
f 985 978 986
f 980 979 987
f 980 987 988
f 982 980 988
f 982 988 989
f 981 982 989
f 981 989 990
f 979 981 990
f 979 990 987
f 986 983 988
f 987 986 988
f 987 990 985
f 986 987 985
f 985 990 989
f 989 988 984
f 988 983 984
f 985 989 984
o walls_52055_Basic_Wall:קיר_בלוק__20__חדש_3
v -411206.6506 -270527.6322 60.9947
v -411206.6506 -270527.6322 63.3047
v -411206.4636 -270527.5614 63.3047
v -411206.4636 -270527.5614 60.9947
v -411206.9138 -270526.9371 60.9947
v -411206.9138 -270526.9371 63.3047
v -411206.7111 -270526.9076 63.3047
v -411206.7111 -270526.9076 60.9947
v -411206.6859 -270526.9743 62.6947
v -411206.6749 -270527.0034 62.6947
v -411206.6749 -270527.0034 61.1947
v -411206.6859 -270526.9743 61.1947
v -411206.6815 -270527.0044 62.6947
v -411206.6815 -270527.0044 61.1947
f 992 991 994
f 993 992 994
f 996 995 991
f 992 996 991
f 997 993 1000
f 997 1000 999
f 1000 993 994
f 1000 994 1001
f 1002 1001 998
f 1001 994 998
f 1002 998 997
f 999 1002 997
f 995 998 991
f 991 998 994
f 992 997 996
f 993 997 992
f 997 998 995
f 996 997 995
f 1003 999 1000
f 1004 999 1003
f 1004 1002 999
f 1002 1004 1001
f 1004 1003 1000
f 1004 1000 1001
o walls_52112_Basic_Wall:קיר_בלוק_10_חדש_5:5
v -411203.9397 -270526.6057 60.9947
v -411203.9397 -270526.6057 63.3047
v -411203.5065 -270526.4417 63.3047
v -411203.5065 -270526.4417 60.9947
v -411206.6749 -270527.0034 60.9947
v -411206.6749 -270527.0034 61.1947
v -411203.9480 -270526.6069 61.1947
v -411203.9480 -270526.6069 62.6947
v -411206.6749 -270527.0034 62.6947
v -411206.6749 -270527.0034 63.3047
v -411206.7111 -270526.9076 63.3047
v -411206.7111 -270526.9076 60.9947
v -411206.6959 -270526.9054 62.6947
v -411203.9624 -270526.5080 62.6947
v -411203.9624 -270526.5080 61.1947
v -411206.6959 -270526.9054 61.1947
v -411206.6859 -270526.9743 62.6947
v -411206.6859 -270526.9743 61.1947
f 1006 1005 1008
f 1007 1006 1008
f 1014 1013 1012
f 1006 1014 1012
f 1010 1009 1011
f 1011 1009 1005
f 1011 1005 1006
f 1012 1011 1006
f 1018 1007 1008
f 1018 1008 1019
f 1007 1018 1015
f 1015 1018 1017
f 1020 1019 1016
f 1020 1016 1015
f 1017 1020 1015
f 1019 1008 1016
f 1009 1016 1005
f 1005 1016 1008
f 1006 1015 1014
f 1007 1015 1006
f 1014 1015 1021
f 1014 1021 1013
f 1010 1022 1009
f 1022 1016 1009
f 1021 1015 1016
f 1022 1021 1016
f 1013 1021 1017
f 1018 1013 1017
f 1012 1013 1018
f 1011 1012 1018
f 1011 1018 1019
f 1010 1011 1019
f 1010 1019 1020
f 1010 1020 1022
f 1021 1022 1020
f 1021 1020 1017
o walls_53113_Basic_Wall:קיר_בלוק__30:578015
v -411200.9974 -270529.8543 60.7947
v -411201.1102 -270529.5565 60.7947
v -411200.9974 -270529.8543 63.9901
v -411202.2806 -270526.4655 63.9901
v -411202.2806 -270526.4655 60.7947
v -411202.1725 -270526.7509 60.7947
v -411202.1725 -270526.7509 62.9947
v -411201.1102 -270529.5565 62.9947
v -411201.2780 -270529.9606 60.7947
v -411201.3907 -270529.6628 60.7947
v -411201.3907 -270529.6628 62.9947
v -411202.4531 -270526.8572 62.9947
v -411202.4531 -270526.8572 60.7947
v -411202.5846 -270526.5098 60.7947
v -411202.5846 -270526.5098 63.9479
v -411201.2780 -270529.9606 63.9479
f 1030 1025 1023
f 1030 1023 1024
f 1025 1030 1026
f 1026 1030 1029
f 1029 1028 1027
f 1026 1029 1027
f 1023 1031 1024
f 1024 1031 1032
f 1030 1024 1032
f 1030 1032 1033
f 1029 1030 1033
f 1029 1033 1034
f 1028 1029 1034
f 1028 1034 1035
f 1028 1035 1027
f 1027 1035 1036
f 1037 1026 1027
f 1037 1027 1036
f 1038 1025 1026
f 1038 1026 1037
f 1038 1031 1023
f 1025 1038 1023
f 1034 1037 1036
f 1034 1036 1035
f 1037 1034 1038
f 1038 1034 1033
f 1033 1032 1031
f 1038 1033 1031
o walls_53664_Basic_Wall:קיר_בלוק__30:578642
v -411204.3406 -270534.0151 60.7947
v -411204.0597 -270533.9099 60.7947
v -411204.3406 -270534.0151 63.3436
v -411204.0597 -270533.9099 63.3857
v -411206.3927 -270527.7484 60.7947
v -411206.6733 -270527.8547 60.7947
v -411206.3927 -270527.7484 63.3857
v -411204.5265 -270532.6771 62.9947
v -411204.1724 -270533.6123 62.9947
v -411204.1724 -270533.6123 62.4947
v -411204.5265 -270532.6771 62.4947
v -411206.6733 -270527.8547 63.3436
v -411204.4529 -270533.7186 62.9947
v -411204.4529 -270533.7186 62.4947
v -411204.8070 -270532.7834 62.9947
v -411204.8070 -270532.7834 62.4947
f 1041 1039 1040
f 1042 1041 1040
f 1044 1043 1039
f 1039 1043 1040
f 1047 1042 1048
f 1042 1047 1046
f 1049 1048 1040
f 1048 1042 1040
f 1046 1049 1045
f 1042 1046 1045
f 1049 1040 1043
f 1045 1049 1043
f 1045 1050 1041
f 1045 1041 1042
f 1050 1044 1054
f 1053 1050 1054
f 1050 1053 1041
f 1041 1053 1051
f 1041 1051 1052
f 1052 1054 1039
f 1054 1044 1039
f 1041 1052 1039
f 1050 1045 1043
f 1050 1043 1044
f 1051 1053 1046
f 1051 1046 1047
f 1053 1054 1049
f 1053 1049 1046
f 1054 1052 1048
f 1054 1048 1049
f 1052 1051 1047
f 1052 1047 1048
o walls_64819_Basic_Wall:קיר_בלוק__20__חדש:5
v -411203.9881 -270534.0966 60.7947
v -411203.9881 -270534.0966 61.8447
v -411203.8998 -270534.3321 61.8447
v -411203.8998 -270534.3321 60.7947
v -411203.7125 -270534.2619 61.8447
v -411203.7125 -270534.2619 60.7947
v -411203.8008 -270534.0264 61.8447
v -411203.8008 -270534.0264 60.7947
f 1056 1055 1058
f 1057 1056 1058
f 1057 1058 1060
f 1059 1057 1060
f 1059 1060 1062
f 1061 1059 1062
f 1061 1062 1055
f 1056 1061 1055
f 1060 1058 1055
f 1062 1060 1055
f 1056 1057 1059
f 1056 1059 1061
o walls_65089_Basic_Wall:קיר_בלוק__20__חדש:5
v -411197.8111 -270531.7819 63.3788
v -411197.8813 -270531.5947 63.3788
v -411200.7859 -270532.6831 63.7947
v -411200.7157 -270532.8704 63.7947
v -411197.8813 -270531.5947 64.6947
v -411197.8111 -270531.7819 64.6947
v -411200.7157 -270532.8704 64.6947
v -411200.7859 -270532.6831 64.6947
f 1064 1063 1066
f 1065 1064 1066
f 1068 1063 1064
f 1068 1064 1067
f 1070 1069 1068
f 1067 1070 1068
f 1065 1066 1069
f 1070 1065 1069
f 1069 1066 1068
f 1068 1066 1063
f 1067 1065 1070
f 1064 1065 1067
o walls_65116_Basic_Wall:קיר_בלוק__20__חדש:5
v -411198.2791 -270531.1030 63.4230
v -411198.2791 -270531.1030 64.6947
v -411198.0686 -270531.6648 64.6947
v -411198.0686 -270531.6648 63.4230
v -411197.8813 -270531.5947 64.6947
v -411197.8813 -270531.5947 63.4230
v -411198.0918 -270531.0328 64.6947
v -411198.0918 -270531.0328 63.4230
f 1072 1071 1074
f 1073 1072 1074
f 1073 1074 1076
f 1075 1073 1076
f 1075 1076 1078
f 1077 1075 1078
f 1077 1078 1071
f 1072 1077 1071
f 1076 1074 1071
f 1078 1076 1071
f 1072 1073 1075
f 1072 1075 1077
o walls_65143_Basic_Wall:קיר_בלוק__20__חדש:5
v -411205.2766 -270531.2608 63.2210
v -411205.2766 -270531.2608 64.6947
v -411205.2058 -270531.4478 64.6947
v -411205.2058 -270531.4478 63.2210
v -411205.0188 -270531.3770 64.6947
v -411205.0188 -270531.3770 63.2210
v -411205.0896 -270531.1900 64.6947
v -411205.0896 -270531.1900 63.2210
f 1080 1079 1082
f 1081 1080 1082
f 1081 1082 1084
f 1083 1081 1084
f 1083 1084 1086
f 1085 1083 1086
f 1085 1086 1079
f 1080 1085 1079
f 1084 1082 1079
f 1086 1084 1079
f 1080 1081 1083
f 1080 1083 1085
o walls_65287_Basic_Wall:קיר_בלוק_10_חדש_2:5
v -411203.3287 -270531.5497 57.6847
v -411203.3287 -270531.5497 60.3947
v -411202.9052 -270532.6682 60.3947
v -411202.9052 -270532.6682 57.6847
v -411202.8117 -270532.6327 60.3947
v -411202.8117 -270532.6327 57.6847
v -411203.2352 -270531.5143 60.3947
v -411203.2352 -270531.5143 57.6847
f 1088 1087 1090
f 1089 1088 1090
f 1089 1090 1092
f 1091 1089 1092
f 1091 1092 1094
f 1093 1091 1094
f 1093 1094 1087
f 1088 1093 1087
f 1092 1090 1087
f 1094 1092 1087
f 1088 1089 1091
f 1088 1091 1093
o walls_65637_Basic_Wall:קיר_בלוק_10_חדש_2:5
v -411202.8117 -270532.6327 57.6847
v -411202.8117 -270532.6327 60.6947
v -411202.2687 -270532.4271 60.6947
v -411202.2687 -270532.4271 57.6847
v -411202.3041 -270532.3336 60.6947
v -411202.3041 -270532.3336 57.6847
v -411202.8471 -270532.5392 60.6947
v -411202.8471 -270532.5392 57.6847
f 1096 1095 1098
f 1097 1096 1098
f 1097 1098 1100
f 1099 1097 1100
f 1099 1100 1102
f 1101 1099 1102
f 1101 1102 1095
f 1096 1101 1095
f 1100 1098 1095
f 1102 1100 1095
f 1096 1097 1099
f 1096 1099 1101
o walls_65664_Basic_Wall:קיר_בלוק_10_חדש_2:5
v -411203.1998 -270531.6078 57.6947
v -411203.1998 -270531.6078 60.6947
v -411202.5633 -270531.3668 60.6947
v -411202.5633 -270531.3668 57.6947
v -411202.5987 -270531.2733 60.6947
v -411202.5987 -270531.2733 57.6947
v -411203.2352 -270531.5143 60.6947
v -411203.2352 -270531.5143 57.6947
f 1104 1103 1106
f 1105 1104 1106
f 1105 1106 1108
f 1107 1105 1108
f 1107 1108 1110
f 1109 1107 1110
f 1109 1110 1103
f 1104 1109 1103
f 1108 1106 1103
f 1110 1108 1103
f 1104 1105 1107
f 1104 1107 1109
o walls_65691_Basic_Wall:קיר_בלוק_10_חדש_2:5
v -411203.0109 -270530.4670 57.6947
v -411203.0109 -270530.4670 60.3947
v -411202.6922 -270531.3087 60.3947
v -411202.6922 -270531.3087 57.6947
v -411202.5987 -270531.2733 60.3947
v -411202.5987 -270531.2733 57.6947
v -411202.9174 -270530.4316 60.3947
v -411202.9174 -270530.4316 57.6947
f 1112 1111 1114
f 1113 1112 1114
f 1113 1114 1116
f 1115 1113 1116
f 1115 1116 1118
f 1117 1115 1118
f 1117 1118 1111
f 1112 1117 1111
f 1116 1114 1111
f 1118 1116 1111
f 1112 1113 1115
f 1112 1115 1117
o walls_66144_Basic_Wall:קיר_בלוק_קיים_20:58
v -411213.6839 -270528.1583 57.6947
v -411213.6839 -270528.1583 60.6947
v -411213.7548 -270527.9713 60.6947
v -411213.7548 -270527.9713 57.6947
v -411215.5593 -270528.6681 60.6947
v -411215.5593 -270528.6681 57.6947
v -411215.8289 -270528.7722 60.6947
v -411215.8289 -270528.7722 57.6947
v -411215.5623 -270528.8836 60.6947
v -411215.5623 -270528.8836 57.6947
f 1120 1119 1122
f 1121 1120 1122
f 1121 1122 1124
f 1123 1121 1124
f 1123 1124 1126
f 1125 1123 1126
f 1125 1126 1128
f 1127 1125 1128
f 1127 1128 1119
f 1120 1127 1119
f 1128 1126 1124
f 1128 1124 1119
f 1119 1124 1122
f 1123 1125 1127
f 1120 1123 1127
f 1121 1123 1120
o walls_66175_Basic_Wall:קיר_בלוק_קיים_20:58
v -411215.8289 -270528.7722 57.6947
v -411215.8289 -270528.7722 60.6947
v -411215.5593 -270528.6681 60.6947
v -411215.5593 -270528.6681 57.6947
v -411216.6852 -270528.1975 60.6947
v -411216.6852 -270528.1975 57.6947
v -411216.6647 -270528.2506 60.6947
v -411216.6647 -270528.2506 57.6947
v -411216.8726 -270528.3359 60.6947
v -411216.8726 -270528.3359 57.6947
f 1130 1129 1132
f 1131 1130 1132
f 1131 1132 1134
f 1133 1131 1134
f 1133 1134 1136
f 1135 1133 1136
f 1135 1136 1138
f 1137 1135 1138
f 1137 1138 1129
f 1130 1137 1129
f 1138 1136 1129
f 1129 1136 1132
f 1136 1134 1132
f 1130 1135 1137
f 1131 1135 1130
f 1131 1133 1135
o walls_66206_Basic_Wall:קיר_בלוק_קיים_20:58
v -411214.8076 -270524.6259 57.6947
v -411214.8076 -270524.6259 60.6947
v -411214.8784 -270524.4389 60.6947
v -411214.8784 -270524.4389 57.6947
v -411215.1023 -270524.5254 60.6947
v -411215.1023 -270524.5254 57.6947
v -411215.0303 -270524.7119 60.6947
v -411215.0303 -270524.7119 57.6947
v -411214.9942 -270524.6980 60.6947
v -411214.9942 -270524.6980 57.6947
f 1140 1139 1142
f 1141 1140 1142
f 1141 1142 1144
f 1143 1141 1144
f 1143 1144 1146
f 1145 1143 1146
f 1145 1146 1148
f 1147 1145 1148
f 1147 1148 1139
f 1140 1147 1139
f 1148 1146 1144
f 1139 1148 1142
f 1148 1144 1142
f 1143 1145 1147
f 1141 1147 1140
f 1141 1143 1147
o walls_66249_Basic_Wall:קיר_בלוק_קיים_20:58
v -411212.6176 -270530.9745 57.6947
v -411212.4315 -270530.9013 57.6947
v -411212.6176 -270530.9745 63.9590
v -411212.4315 -270530.9013 63.9054
v -411213.5717 -270527.8899 57.6947
v -411213.7587 -270527.9607 57.6947
v -411213.5717 -270527.8899 63.9163
v -411213.7587 -270527.9607 63.9699
f 1152 1151 1149
f 1152 1149 1150
f 1154 1153 1150
f 1149 1154 1150
f 1152 1150 1153
f 1155 1152 1153
f 1156 1151 1152
f 1155 1156 1152
f 1151 1156 1154
f 1151 1154 1149
f 1155 1153 1154
f 1156 1155 1154
o walls_66276_Basic_Wall:קיר_בלוק_קיים_20:58
v -411216.5931 -270525.1010 57.6947
v -411216.5931 -270525.1010 60.6947
v -411216.8729 -270525.2091 60.6947
v -411216.8729 -270525.2091 57.6947
v -411216.8009 -270525.3956 60.6947
v -411216.8009 -270525.3956 57.6947
v -411216.5210 -270525.2876 60.6947
v -411216.5210 -270525.2876 57.6947
f 1158 1157 1160
f 1159 1158 1160
f 1159 1160 1162
f 1161 1159 1162
f 1161 1162 1164
f 1163 1161 1164
f 1163 1164 1157
f 1158 1163 1157
f 1162 1160 1157
f 1164 1162 1157
f 1158 1159 1161
f 1158 1161 1163
o walls_66396_Basic_Wall:קיר_בלוק_קיים_20:58
v -411214.9067 -270524.3642 60.7947
v -411215.0933 -270524.4362 60.7947
v -411214.9067 -270524.3642 63.9291
v -411215.0933 -270524.4362 63.9827
v -411213.7587 -270527.9607 60.7947
v -411213.5717 -270527.8899 60.7947
v -411213.7587 -270527.9607 63.9699
v -411213.5717 -270527.8899 63.9163
f 1167 1165 1166
f 1168 1167 1166
f 1170 1169 1166
f 1165 1170 1166
f 1168 1166 1171
f 1171 1166 1169
f 1172 1167 1168
f 1171 1172 1168
f 1172 1170 1165
f 1167 1172 1165
f 1172 1171 1169
f 1172 1169 1170
o walls_66439_Basic_Wall:קיר_בלוק_קיים_20:58
v -411217.7417 -270525.4574 60.7947
v -411217.6697 -270525.6440 60.7947
v -411217.7417 -270525.4574 64.7431
v -411217.6697 -270525.6440 64.7421
v -411215.0225 -270524.6232 60.7947
v -411215.0933 -270524.4362 60.7947
v -411215.0225 -270524.6232 63.9820
v -411215.0933 -270524.4362 63.9827
f 1176 1175 1173
f 1176 1173 1174
f 1178 1177 1173
f 1173 1177 1174
f 1179 1176 1174
f 1179 1174 1177
f 1175 1179 1180
f 1176 1179 1175
f 1180 1178 1173
f 1175 1180 1173
f 1179 1177 1178
f 1180 1179 1178
o walls_66480_Basic_Wall:קיר_בלוק_קיים_20:58
v -411217.5685 -270525.9064 60.7947
v -411217.7417 -270525.4574 60.7947
v -411217.5685 -270525.9064 64.7407
v -411217.7417 -270525.4574 64.7431
v -411217.9283 -270525.5293 60.7947
v -411217.7551 -270525.9784 60.7947
v -411217.9283 -270525.5293 64.7967
v -411217.7551 -270525.9784 64.7943
f 1183 1181 1182
f 1184 1183 1182
f 1185 1182 1181
f 1186 1185 1181
f 1184 1182 1185
f 1187 1184 1185
f 1184 1187 1188
f 1184 1188 1183
f 1183 1188 1186
f 1183 1186 1181
f 1188 1187 1185
f 1188 1185 1186
o walls_80711_Basic_Wall:קיר_בלוק_10_חדש_2:5
v -411202.9996 -270530.3558 57.6947
v -411202.9642 -270530.4493 57.6947
v -411203.6843 -270530.7220 57.6947
v -411203.7197 -270530.6285 57.6947
v -411203.7197 -270530.6285 59.7447
v -411203.6843 -270530.7220 59.7447
v -411204.3743 -270530.8764 59.7447
v -411204.3389 -270530.9699 59.7447
v -411204.3743 -270530.8764 57.6947
v -411204.3389 -270530.9699 57.6947
v -411205.0684 -270531.2461 57.6947
v -411205.1038 -270531.1526 57.6947
v -411205.0684 -270531.2461 60.3947
v -411205.1038 -270531.1526 60.3947
v -411202.9996 -270530.3558 60.3947
v -411202.9642 -270530.4493 60.3947
f 1192 1189 1190
f 1192 1190 1191
f 1194 1193 1192
f 1191 1194 1192
f 1196 1195 1193
f 1194 1196 1193
f 1198 1197 1195
f 1196 1198 1195
f 1200 1197 1198
f 1200 1198 1199
f 1202 1200 1199
f 1202 1199 1201
f 1204 1203 1202
f 1201 1204 1202
f 1190 1189 1203
f 1204 1190 1203
f 1203 1193 1195
f 1203 1195 1202
f 1193 1203 1189
f 1193 1189 1192
f 1195 1197 1200
f 1202 1195 1200
f 1196 1194 1204
f 1201 1196 1204
f 1190 1204 1194
f 1191 1190 1194
f 1199 1198 1196
f 1199 1196 1201
o walls_81615_Basic_Wall:קיר_בלוק__20__חדש:5
v -411202.2806 -270526.4655 60.7947
v -411202.2806 -270526.4655 63.9901
v -411202.3531 -270526.2740 63.9901
v -411202.3531 -270526.2740 60.7947
v -411203.4561 -270526.6365 60.7947
v -411203.4561 -270526.6365 63.8271
v -411203.5065 -270526.4417 60.7947
v -411203.5065 -270526.4417 63.8301
f 1206 1205 1208
f 1207 1206 1208
f 1210 1209 1205
f 1206 1210 1205
f 1212 1207 1208
f 1212 1208 1211
f 1209 1211 1208
f 1205 1209 1208
f 1207 1212 1210
f 1207 1210 1206
f 1210 1212 1211
f 1210 1211 1209
o walls_81803_Basic_Wall:קיר_ממד_20:5887537
v -411200.7071 -270530.8953 63.0947
v -411200.7098 -270530.8963 63.4447
v -411200.1267 -270532.4361 63.4397
v -411200.0911 -270532.5303 63.4497
v -411200.0911 -270532.5303 62.8897
v -411200.1267 -270532.4361 62.8897
v -411200.1267 -270532.4361 63.0947
v -411200.5228 -270530.8255 63.0947
v -411199.9395 -270532.3659 63.0947
v -411199.9395 -270532.3659 62.8897
v -411199.9041 -270532.4594 62.8897
v -411199.9041 -270532.4594 63.4497
v -411199.9395 -270532.3659 63.4447
v -411200.5228 -270530.8255 63.4497
f 1214 1213 1215
f 1216 1215 1219
f 1215 1213 1219
f 1219 1218 1217
f 1216 1219 1217
f 1213 1220 1221
f 1213 1221 1219
f 1218 1219 1221
f 1222 1218 1221
f 1222 1223 1217
f 1222 1217 1218
f 1216 1217 1223
f 1224 1216 1223
f 1216 1224 1225
f 1215 1216 1225
f 1226 1215 1225
f 1214 1215 1226
f 1214 1226 1220
f 1214 1220 1213
f 1225 1224 1221
f 1221 1224 1223
f 1221 1223 1222
f 1225 1221 1226
f 1226 1221 1220
o walls_81871_Basic_Wall:קיר_בלוק_10_חדש_2:5
v -411234.5535 -270527.4104 57.6947
v -411234.5535 -270527.4104 58.8947
v -411232.6506 -270532.2981 58.8947
v -411232.6506 -270532.2981 57.6947
v -411232.5574 -270532.2618 58.8947
v -411232.5574 -270532.2618 57.6947
v -411234.4604 -270527.3741 58.8947
v -411234.4604 -270527.3741 57.6947
f 1228 1227 1230
f 1229 1228 1230
f 1229 1230 1232
f 1231 1229 1232
f 1231 1232 1234
f 1233 1231 1234
f 1233 1234 1227
f 1228 1233 1227
f 1232 1230 1227
f 1234 1232 1227
f 1228 1229 1231
f 1228 1231 1233
o walls_81898_Basic_Wall:קיר_בלוק_10_חדש_2:5
v -411233.8982 -270527.1552 57.6947
v -411233.8982 -270527.1552 58.8947
v -411234.4604 -270527.3741 58.8947
v -411234.4604 -270527.3741 57.6947
v -411234.4241 -270527.4673 58.8947
v -411234.4241 -270527.4673 57.6947
v -411233.8620 -270527.2484 58.8947
v -411233.8620 -270527.2484 57.6947
f 1236 1235 1238
f 1237 1236 1238
f 1237 1238 1240
f 1239 1237 1240
f 1239 1240 1242
f 1241 1239 1242
f 1241 1242 1235
f 1236 1241 1235
f 1240 1238 1235
f 1242 1240 1235
f 1236 1237 1239
f 1236 1239 1241
o walls_81925_Basic_Wall:קיר_בלוק_10_חדש_2:5
v -411233.6443 -270527.8075 57.6947
v -411233.6443 -270527.8075 58.8947
v -411234.2064 -270528.0264 58.8947
v -411234.2064 -270528.0264 57.6947
v -411234.1701 -270528.1196 58.8947
v -411234.1701 -270528.1196 57.6947
v -411233.6080 -270527.9007 58.8947
v -411233.6080 -270527.9007 57.6947
f 1244 1243 1246
f 1245 1244 1246
f 1245 1246 1248
f 1247 1245 1248
f 1247 1248 1250
f 1249 1247 1250
f 1249 1250 1243
f 1244 1249 1243
f 1248 1246 1243
f 1250 1248 1243
f 1244 1245 1247
f 1244 1247 1249
o walls_82989_Basic_Wall:קיר_בלוק_10_חדש_2:5
v -411225.0471 -270543.9748 57.6947
v -411225.0471 -270543.9748 58.7947
v -411225.8923 -270544.2839 58.7947
v -411225.8923 -270544.2839 57.6947
v -411225.8580 -270544.3778 58.7947
v -411225.8580 -270544.3778 57.6947
v -411225.0127 -270544.0688 58.7947
v -411225.0127 -270544.0688 57.6947
f 1252 1251 1254
f 1253 1252 1254
f 1253 1254 1256
f 1255 1253 1256
f 1255 1256 1258
f 1257 1255 1258
f 1257 1258 1251
f 1252 1257 1251
f 1256 1254 1251
f 1258 1256 1251
f 1252 1253 1255
f 1252 1255 1257
o walls_83016_Basic_Wall:קיר_בלוק_10_חדש_2:5
v -411225.1673 -270543.6461 57.6947
v -411225.1673 -270543.6461 58.7947
v -411224.5320 -270545.3836 58.7947
v -411224.5320 -270545.3836 57.6947
v -411224.4380 -270545.3493 58.7947
v -411224.4380 -270545.3493 57.6947
v -411225.0734 -270543.6118 58.7947
v -411225.0734 -270543.6118 57.6947
f 1260 1259 1262
f 1261 1260 1262
f 1261 1262 1264
f 1263 1261 1264
f 1263 1264 1266
f 1265 1263 1266
f 1265 1266 1259
f 1260 1265 1259
f 1264 1262 1259
f 1266 1264 1259
f 1260 1261 1263
f 1260 1263 1265
o walls_83043_Basic_Wall:קיר_בלוק_10_חדש_2:5
v -411226.0125 -270543.9552 57.6947
v -411226.0125 -270543.9552 58.7947
v -411225.8923 -270544.2839 58.7947
v -411225.8923 -270544.2839 57.6947
v -411225.7984 -270544.2496 58.7947
v -411225.7984 -270544.2496 57.6947
v -411225.9186 -270543.9209 58.7947
v -411225.9186 -270543.9209 57.6947
f 1268 1267 1270
f 1269 1268 1270
f 1269 1270 1272
f 1271 1269 1272
f 1271 1272 1274
f 1273 1271 1274
f 1273 1274 1267
f 1268 1273 1267
f 1272 1270 1267
f 1274 1272 1267
f 1268 1269 1271
f 1268 1271 1273
o walls_103255_Basic_Wall:קיר_בלוק_10_חדש_2:5
v -411204.4963 -270532.7569 57.6847
v -411204.4963 -270532.7569 60.3947
v -411203.0754 -270532.2188 60.3947
v -411203.0754 -270532.2188 57.6847
v -411203.1108 -270532.1253 60.3947
v -411203.1108 -270532.1253 57.6847
v -411204.5317 -270532.6633 60.3947
v -411204.5317 -270532.6633 57.6847
f 1276 1275 1278
f 1277 1276 1278
f 1277 1278 1280
f 1279 1277 1280
f 1279 1280 1282
f 1281 1279 1282
f 1281 1282 1275
f 1276 1281 1275
f 1280 1278 1275
f 1282 1280 1275
f 1276 1277 1279
f 1276 1279 1281
o walls_103479_Basic_Wall:קיר_בלוק__20__חדש_2
v -411194.8672 -270527.1588 60.3947
v -411194.8672 -270527.1588 61.7747
v -411192.5619 -270533.2470 61.7747
v -411192.5619 -270533.2470 60.3947
v -411192.3748 -270533.1762 61.7747
v -411192.3748 -270533.1762 60.3947
v -411194.6801 -270527.0880 61.7747
v -411194.6801 -270527.0880 60.3947
f 1284 1283 1286
f 1285 1284 1286
f 1285 1286 1288
f 1287 1285 1288
f 1287 1288 1290
f 1289 1287 1290
f 1289 1290 1283
f 1284 1289 1283
f 1288 1286 1283
f 1290 1288 1283
f 1284 1285 1287
f 1284 1287 1289
o walls_103530_Basic_Wall:קיר_בלוק__20__חדש:5
v -411204.0825 -270534.1320 60.3947
v -411204.0825 -270534.1320 61.7747
v -411204.2698 -270534.2022 61.7747
v -411204.2698 -270534.2022 60.3947
v -411203.1180 -270537.2441 61.7747
v -411203.1180 -270537.2441 60.3947
v -411202.9309 -270537.1733 61.7747
v -411202.9309 -270537.1733 60.3947
f 1292 1291 1294
f 1293 1292 1294
f 1293 1294 1296
f 1295 1293 1296
f 1295 1296 1298
f 1297 1295 1298
f 1297 1298 1291
f 1292 1297 1291
f 1298 1296 1291
f 1291 1296 1294
f 1292 1295 1297
f 1293 1295 1292
o walls_112985_Basic_Wall:קיר_בלוק_10_חדש_2:5
v -411198.2932 -270530.7551 57.6947
v -411198.2932 -270530.7551 59.4947
v -411198.9306 -270529.0717 59.4947
v -411198.9306 -270529.0717 57.6947
v -411199.0241 -270529.1071 59.4947
v -411199.0241 -270529.1071 57.6947
v -411198.3867 -270530.7905 59.4947
v -411198.3867 -270530.7905 57.6947
f 1300 1299 1302
f 1301 1300 1302
f 1301 1302 1304
f 1303 1301 1304
f 1303 1304 1306
f 1305 1303 1306
f 1305 1306 1299
f 1300 1305 1299
f 1304 1302 1299
f 1306 1304 1299
f 1300 1301 1303
f 1300 1303 1305
o walls_113012_Basic_Wall:קיר_בלוק_10_חדש_2:5
v -411198.3513 -270530.8840 57.6947
v -411198.3513 -270530.8840 59.4947
v -411197.9772 -270530.7424 59.4947
v -411197.9772 -270530.7424 57.6947
v -411198.0126 -270530.6488 59.4947
v -411198.0126 -270530.6488 57.6947
v -411198.3867 -270530.7905 59.4947
v -411198.3867 -270530.7905 57.6947
f 1308 1307 1310
f 1309 1308 1310
f 1309 1310 1312
f 1311 1309 1312
f 1311 1312 1314
f 1313 1311 1314
f 1313 1314 1307
f 1308 1313 1307
f 1312 1310 1307
f 1314 1312 1307
f 1308 1309 1311
f 1308 1311 1313
o walls_113043_Basic_Wall:משראביה:5942984
v -411198.2932 -270530.7551 59.4947
v -411198.2932 -270530.7551 60.3947
v -411198.9306 -270529.0717 60.3947
v -411198.9306 -270529.0717 59.4947
v -411199.0241 -270529.1071 60.3947
v -411199.0241 -270529.1071 59.4947
v -411198.3867 -270530.7905 60.3947
v -411198.3867 -270530.7905 59.4947
f 1316 1315 1318
f 1317 1316 1318
f 1317 1318 1320
f 1319 1317 1320
f 1319 1320 1322
f 1321 1319 1322
f 1321 1322 1315
f 1316 1321 1315
f 1320 1318 1315
f 1322 1320 1315
f 1316 1317 1319
f 1316 1319 1321
o walls_119617_Basic_Wall:קיר_בלוק_10_חדש_2:6
v -411202.9502 -270530.5938 60.7947
v -411202.9502 -270530.5938 63.7947
v -411201.2780 -270529.9606 63.7947
v -411201.2780 -270529.9606 60.7947
v -411201.3134 -270529.8670 63.7947
v -411201.3134 -270529.8670 60.7947
v -411202.9856 -270530.5002 63.7947
v -411202.9856 -270530.5002 60.7947
f 1324 1323 1326
f 1325 1324 1326
f 1325 1326 1328
f 1327 1325 1328
f 1327 1328 1330
f 1329 1327 1330
f 1329 1330 1323
f 1324 1329 1323
f 1328 1326 1323
f 1330 1328 1323
f 1324 1325 1327
f 1324 1327 1329
o walls_119777_Basic_Wall:משראביה:6071941
v -411180.8806 -270529.2751 57.6947
v -411180.8806 -270529.2751 59.1947
v -411182.4778 -270519.3435 59.1947
v -411182.4778 -270519.3435 57.6947
v -411182.5765 -270519.3594 59.1947
v -411182.5765 -270519.3594 57.6947
v -411180.9794 -270529.2910 59.1947
v -411180.9794 -270529.2910 57.6947
f 1332 1331 1334
f 1333 1332 1334
f 1333 1334 1336
f 1335 1333 1336
f 1335 1336 1338
f 1337 1335 1338
f 1337 1338 1331
f 1332 1337 1331
f 1336 1334 1338
f 1338 1334 1331
f 1337 1333 1335
f 1332 1333 1337
o walls_119804_Basic_Wall:משראביה:6072134
v -411192.5029 -270533.6205 57.6947
v -411192.5029 -270533.6205 59.1947
v -411180.9126 -270529.3299 59.1947
v -411180.9126 -270529.3299 57.6947
v -411180.9474 -270529.2361 59.1947
v -411180.9474 -270529.2361 57.6947
v -411192.5376 -270533.5267 59.1947
v -411192.5376 -270533.5267 57.6947
f 1340 1339 1341
f 1341 1339 1342
f 1341 1342 1344
f 1343 1341 1344
f 1343 1344 1345
f 1345 1344 1346
f 1345 1346 1339
f 1340 1345 1339
f 1344 1342 1346
f 1346 1342 1339
f 1345 1341 1343
f 1340 1341 1345
o walls_120475_Basic_Wall:קיר_בלוק_10_חדש_2:6
v -411202.1111 -270530.0194 57.6947
v -411202.0757 -270530.1129 57.6947
v -411202.1318 -270530.1342 57.6947
v -411202.1672 -270530.0406 57.6947
v -411202.1672 -270530.0406 59.7447
v -411202.1318 -270530.1342 59.7447
v -411202.9154 -270530.3239 59.7447
v -411202.8800 -270530.4175 59.7447
v -411202.9154 -270530.3239 57.6947
v -411202.8800 -270530.4175 57.6947
v -411202.9642 -270530.4493 57.6947
v -411202.9996 -270530.3558 57.6947
v -411202.9642 -270530.4493 60.3947
v -411202.9996 -270530.3558 60.3947
v -411202.1111 -270530.0194 60.3947
v -411202.0757 -270530.1129 60.3947
f 1350 1347 1348
f 1350 1348 1349
f 1352 1351 1350
f 1349 1352 1350
f 1354 1353 1351
f 1352 1354 1351
f 1356 1355 1353
f 1354 1356 1353
f 1358 1355 1356
f 1358 1356 1357
f 1360 1358 1357
f 1360 1357 1359
f 1362 1361 1360
f 1359 1362 1360
f 1348 1347 1361
f 1362 1348 1361
f 1360 1361 1353
f 1361 1351 1353
f 1351 1347 1350
f 1353 1355 1358
f 1351 1361 1347
f 1353 1358 1360
f 1354 1362 1359
f 1354 1352 1362
f 1349 1348 1352
f 1357 1356 1354
f 1348 1362 1352
f 1359 1357 1354
o walls_127737_Basic_Wall:קיר_בלוק_10_חדש_2:6
v -411204.6548 -270532.3383 60.7847
v -411204.6548 -270532.3383 63.4397
v -411204.6194 -270532.4318 63.4397
v -411204.6194 -270532.4318 60.7847
v -411202.3146 -270531.4522 60.7847
v -411202.3146 -270531.4522 63.4397
v -411203.9122 -270532.0571 62.8447
v -411203.2575 -270531.8092 62.8447
v -411203.2575 -270531.8092 60.7947
v -411203.9122 -270532.0571 60.7947
v -411202.2795 -270531.5458 63.4397
v -411202.2795 -270531.5458 60.7847
v -411203.2221 -270531.9028 62.8447
v -411203.2221 -270531.9028 60.7947
v -411203.8767 -270532.1506 62.8447
v -411203.8767 -270532.1506 60.7947
f 1364 1363 1366
f 1365 1364 1366
f 1370 1369 1364
f 1368 1370 1364
f 1370 1368 1367
f 1370 1367 1371
f 1369 1372 1363
f 1364 1369 1363
f 1371 1367 1363
f 1372 1371 1363
f 1365 1377 1375
f 1365 1375 1373
f 1377 1365 1366
f 1377 1366 1378
f 1375 1376 1374
f 1373 1375 1374
f 1378 1366 1374
f 1376 1378 1374
f 1367 1374 1363
f 1363 1374 1366
f 1364 1373 1368
f 1365 1373 1364
f 1373 1374 1367
f 1368 1373 1367
f 1375 1377 1369
f 1375 1369 1370
f 1377 1378 1372
f 1377 1372 1369
f 1378 1376 1371
f 1378 1371 1372
f 1376 1375 1370
f 1376 1370 1371
o walls_127818_Basic_Wall:קיר_בלוק_10_חדש_2:6
v -411202.5860 -270531.5550 60.7947
v -411202.5860 -270531.5550 63.4397
v -411202.4925 -270531.5196 63.4397
v -411202.4925 -270531.5196 60.7947
v -411202.9467 -270530.5924 60.7947
v -411202.9012 -270530.7139 60.7947
v -411202.9467 -270530.5924 63.4397
v -411202.6205 -270531.4631 60.7947
v -411202.6205 -270531.4631 62.8447
v -411202.9012 -270530.7139 62.8447
v -411202.5268 -270531.4280 60.7947
v -411202.8532 -270530.5570 63.4397
v -411202.8532 -270530.5570 60.7947
v -411202.8075 -270530.6789 60.7947
v -411202.8075 -270530.6789 62.8447
v -411202.5268 -270531.4280 62.8447
f 1380 1379 1382
f 1381 1380 1382
f 1385 1388 1380
f 1380 1388 1387
f 1388 1383 1384
f 1387 1386 1379
f 1388 1385 1383
f 1387 1379 1380
f 1390 1381 1393
f 1381 1394 1393
f 1394 1382 1389
f 1393 1392 1391
f 1394 1381 1382
f 1393 1391 1390
f 1382 1379 1386
f 1389 1382 1386
f 1385 1380 1381
f 1385 1381 1390
f 1392 1384 1383
f 1391 1392 1383
f 1392 1393 1388
f 1392 1388 1384
f 1393 1394 1387
f 1393 1387 1388
f 1394 1389 1386
f 1394 1386 1387
f 1390 1391 1383
f 1385 1390 1383
o walls_127876_Basic_Wall:קיר_בלוק_10_חדש_2:6
v -411202.2795 -270531.5458 60.7947
v -411202.2795 -270531.5458 63.4397
v -411202.3730 -270531.5812 63.4397
v -411202.3730 -270531.5812 60.7947
v -411202.0030 -270532.5688 63.4397
v -411202.0030 -270532.5688 60.7947
v -411201.9094 -270532.5334 63.4397
v -411201.9094 -270532.5334 60.7947
f 1396 1395 1398
f 1397 1396 1398
f 1397 1398 1400
f 1399 1397 1400
f 1399 1400 1402
f 1401 1399 1402
f 1401 1402 1395
f 1396 1401 1395
f 1402 1400 1398
f 1395 1402 1398
f 1397 1399 1401
f 1397 1401 1396
o walls_127944_Basic_Wall:קיר_בלוק_10_חדש_2:6
v -411202.0614 -270532.6978 60.7947
v -411202.0614 -270532.6978 63.7947
v -411202.1549 -270532.7333 63.7947
v -411202.1549 -270532.7333 60.7947
v -411202.0028 -270533.1391 63.7947
v -411202.0028 -270533.1391 60.7947
v -411201.9092 -270533.1040 63.7947
v -411201.9092 -270533.1040 60.7947
f 1404 1403 1406
f 1405 1404 1406
f 1405 1406 1408
f 1407 1405 1408
f 1407 1408 1410
f 1409 1407 1410
f 1409 1410 1403
f 1404 1409 1403
f 1410 1408 1406
f 1403 1410 1406
f 1405 1407 1409
f 1405 1409 1404
o walls_127986_Basic_Wall:קיר_בלוק_10_חדש_2:6
v -411202.1900 -270532.6396 60.7847
v -411202.1900 -270532.6396 63.4397
v -411202.1549 -270532.7333 63.4397
v -411202.1549 -270532.7333 60.7847
v -411201.8743 -270532.6270 63.4397
v -411201.8743 -270532.6270 60.7847
v -411201.9094 -270532.5334 63.4397
v -411201.9094 -270532.5334 60.7847
f 1412 1411 1414
f 1413 1412 1414
f 1413 1414 1416
f 1415 1413 1416
f 1415 1416 1418
f 1417 1415 1418
f 1417 1418 1411
f 1412 1417 1411
f 1418 1416 1411
f 1411 1416 1414
f 1412 1415 1417
f 1413 1415 1412
o walls_128178_Basic_Wall:קיר_בלוק__20__חדש_4
v -411198.1151 -270525.8599 56.0343
v -411198.1151 -270525.8599 60.3947
v -411198.3178 -270525.8894 60.3947
v -411198.3178 -270525.8894 56.0343
v -411197.2423 -270528.1651 56.0343
v -411197.2423 -270528.1651 60.3947
v -411197.2777 -270528.0716 57.6947
v -411197.2777 -270528.0716 59.6947
v -411197.7026 -270526.9493 57.6947
v -411197.7051 -270526.9428 57.6947
v -411197.7051 -270526.9428 59.4947
v -411197.7048 -270526.9436 59.5252
v -411197.7040 -270526.9457 59.5557
v -411197.7026 -270526.9493 59.5859
v -411197.7026 -270526.9493 59.6947
v -411197.6930 -270526.9747 59.6947
v -411197.6867 -270526.9913 59.7393
v -411197.6792 -270527.0111 59.7824
v -411197.6705 -270527.0340 59.8236
v -411197.6607 -270527.0600 59.8628
v -411197.6498 -270527.0888 59.8996
v -411197.6379 -270527.1202 59.9339
v -411197.6251 -270527.1540 59.9654
v -411197.6114 -270527.1901 59.9939
v -411197.5970 -270527.2282 60.0193
v -411197.5819 -270527.2681 60.0413
v -411197.5662 -270527.3095 60.0599
v -411197.5501 -270527.3521 60.0749
v -411197.5336 -270527.3957 60.0863
v -411197.5168 -270527.4400 60.0939
v -411197.4999 -270527.4848 60.0977
v -411197.4829 -270527.5297 60.0977
v -411197.4659 -270527.5744 60.0939
v -411197.4492 -270527.6187 60.0863
v -411197.4326 -270527.6623 60.0749
v -411197.4165 -270527.7049 60.0599
v -411197.4008 -270527.7463 60.0413
v -411197.3857 -270527.7862 60.0193
v -411197.3713 -270527.8243 59.9939
v -411197.3576 -270527.8604 59.9654
v -411197.3448 -270527.8943 59.9339
v -411197.3329 -270527.9257 59.8996
v -411197.3220 -270527.9544 59.8628
v -411197.3122 -270527.9804 59.8236
v -411197.3035 -270528.0033 59.7824
v -411197.2960 -270528.0231 59.7393
v -411197.2898 -270528.0397 59.6947
v -411197.4293 -270528.2359 60.3947
v -411197.4293 -270528.2359 56.0343
v -411197.8897 -270527.0202 57.6947
v -411197.8921 -270527.0137 57.6947
v -411197.4647 -270528.1424 57.6947
v -411197.4647 -270528.1424 59.6947
v -411197.4768 -270528.1105 59.6947
v -411197.8800 -270527.0456 59.6947
v -411197.8738 -270527.0621 59.7393
v -411197.8663 -270527.0819 59.7824
v -411197.8576 -270527.1049 59.8236
v -411197.8478 -270527.1308 59.8628
v -411197.8369 -270527.1596 59.8996
v -411197.8250 -270527.1910 59.9339
v -411197.8121 -270527.2249 59.9654
v -411197.7985 -270527.2610 59.9939
v -411197.7840 -270527.2991 60.0193
v -411197.7690 -270527.3389 60.0413
v -411197.7533 -270527.3803 60.0599
v -411197.7371 -270527.4229 60.0749
v -411197.7206 -270527.4665 60.0863
v -411197.7039 -270527.5109 60.0939
v -411197.6869 -270527.5556 60.0977
v -411197.6699 -270527.6005 60.0977
v -411197.6530 -270527.6452 60.0939
v -411197.6362 -270527.6895 60.0863
v -411197.6197 -270527.7331 60.0749
v -411197.6035 -270527.7758 60.0599
v -411197.5879 -270527.8172 60.0413
v -411197.5728 -270527.8570 60.0193
v -411197.5583 -270527.8951 59.9939
v -411197.5447 -270527.9312 59.9654
v -411197.5319 -270527.9651 59.9339
v -411197.5200 -270527.9965 59.8996
v -411197.5091 -270528.0253 59.8628
v -411197.4992 -270528.0512 59.8236
v -411197.4906 -270528.0741 59.7824
v -411197.4831 -270528.0940 59.7393
v -411197.8897 -270527.0202 59.6947
v -411197.8897 -270527.0202 59.5859
v -411197.8921 -270527.0137 59.4947
v -411197.8918 -270527.0144 59.5252
v -411197.8910 -270527.0166 59.5557
f 1420 1419 1422
f 1421 1420 1422
f 1459 1424 1460
f 1424 1459 1458
f 1460 1424 1461
f 1424 1458 1457
f 1461 1424 1462
f 1424 1457 1456
f 1462 1424 1463
f 1463 1424 1426
f 1424 1456 1455
f 1463 1426 1464
f 1424 1455 1454
f 1464 1426 1465
f 1424 1454 1453
f 1424 1453 1452
f 1424 1452 1451
f 1424 1451 1450
f 1424 1450 1449
f 1424 1449 1448
f 1424 1448 1447
f 1435 1434 1433
f 1436 1435 1433
f 1433 1432 1431
f 1430 1429 1420
f 1431 1430 1420
f 1437 1436 1420
f 1433 1431 1420
f 1438 1437 1420
f 1439 1438 1420
f 1436 1433 1420
f 1440 1439 1420
f 1441 1440 1420
f 1442 1441 1420
f 1443 1442 1420
f 1444 1443 1420
f 1445 1444 1420
f 1446 1445 1420
f 1447 1446 1420
f 1424 1447 1420
f 1420 1429 1428
f 1427 1425 1423
f 1428 1427 1419
f 1420 1428 1419
f 1427 1423 1419
f 1426 1424 1423
f 1425 1426 1423
f 1466 1420 1421
f 1466 1424 1420
f 1479 1421 1478
f 1421 1479 1480
f 1478 1421 1477
f 1421 1480 1481
f 1477 1421 1476
f 1421 1481 1482
f 1476 1421 1475
f 1421 1482 1483
f 1475 1421 1504
f 1475 1504 1474
f 1421 1483 1484
f 1474 1504 1473
f 1421 1484 1485
f 1421 1485 1486
f 1505 1504 1508
f 1504 1421 1508
f 1508 1421 1507
f 1507 1421 1506
f 1486 1487 1466
f 1487 1488 1466
f 1488 1489 1466
f 1489 1490 1466
f 1490 1491 1466
f 1491 1492 1466
f 1492 1493 1466
f 1493 1494 1466
f 1494 1495 1466
f 1421 1486 1466
f 1466 1495 1496
f 1466 1496 1497
f 1466 1497 1498
f 1466 1498 1499
f 1466 1499 1500
f 1466 1500 1501
f 1466 1501 1502
f 1466 1502 1471
f 1502 1503 1471
f 1503 1472 1471
f 1506 1421 1469
f 1468 1469 1422
f 1469 1421 1422
f 1470 1468 1467
f 1468 1422 1467
f 1470 1467 1466
f 1471 1470 1466
f 1422 1419 1467
f 1419 1423 1467
f 1466 1467 1423
f 1424 1466 1423
f 1426 1425 1470
f 1426 1470 1471
f 1465 1426 1471
f 1465 1471 1472
f 1474 1473 1434
f 1474 1434 1435
f 1475 1435 1436
f 1475 1474 1435
f 1476 1436 1437
f 1476 1475 1436
f 1477 1437 1438
f 1477 1476 1437
f 1478 1438 1439
f 1478 1477 1438
f 1479 1439 1440
f 1479 1478 1439
f 1480 1440 1441
f 1480 1479 1440
f 1481 1441 1442
f 1481 1480 1441
f 1482 1481 1442
f 1482 1442 1443
f 1483 1482 1443
f 1483 1443 1444
f 1484 1444 1445
f 1484 1483 1444
f 1484 1445 1446
f 1485 1484 1446
f 1485 1446 1447
f 1486 1485 1447
f 1487 1447 1448
f 1487 1486 1447
f 1488 1448 1449
f 1488 1487 1448
f 1489 1449 1450
f 1489 1488 1449
f 1490 1450 1451
f 1490 1489 1450
f 1491 1451 1452
f 1491 1490 1451
f 1492 1452 1453
f 1492 1491 1452
f 1493 1453 1454
f 1493 1492 1453
f 1494 1454 1455
f 1494 1493 1454
f 1495 1455 1456
f 1495 1494 1455
f 1496 1456 1457
f 1496 1457 1458
f 1496 1495 1456
f 1497 1496 1458
f 1498 1458 1459
f 1498 1459 1460
f 1498 1497 1458
f 1499 1498 1460
f 1500 1460 1461
f 1500 1499 1460
f 1501 1461 1462
f 1501 1500 1461
f 1502 1462 1463
f 1502 1501 1462
f 1503 1463 1464
f 1503 1464 1465
f 1503 1502 1463
f 1472 1503 1465
f 1434 1473 1504
f 1433 1434 1504
f 1432 1433 1504
f 1432 1504 1505
f 1507 1506 1429
f 1507 1429 1430
f 1508 1430 1431
f 1508 1507 1430
f 1505 1431 1432
f 1505 1508 1431
f 1429 1469 1428
f 1506 1469 1429
f 1469 1468 1427
f 1469 1427 1428
f 1425 1427 1468
f 1425 1468 1470
o walls_129771_Basic_Wall:קיר_ממד_15:6092395
v -411199.5539 -270527.4258 57.6947
v -411199.5539 -270527.4258 60.6947
v -411198.8057 -270527.1425 60.6947
v -411198.8057 -270527.1425 57.6947
v -411198.8588 -270527.0022 60.6947
v -411198.8588 -270527.0022 57.6947
v -411199.6070 -270527.2855 60.6947
v -411199.6070 -270527.2855 57.6947
f 1510 1509 1512
f 1511 1510 1512
f 1511 1512 1514
f 1513 1511 1514
f 1513 1514 1516
f 1515 1513 1516
f 1515 1516 1509
f 1510 1515 1509
f 1514 1512 1509
f 1516 1514 1509
f 1510 1511 1513
f 1510 1513 1515
o walls_129839_Basic_Wall:קיר_בלוק_10_חדש_2:6
v -411198.6364 -270527.0249 57.6947
v -411198.6364 -270527.0249 60.3947
v -411198.6718 -270526.9314 60.3947
v -411198.6718 -270526.9314 57.6947
v -411198.8588 -270527.0022 60.3947
v -411198.8588 -270527.0022 57.6947
v -411198.8234 -270527.0957 60.3947
v -411198.8234 -270527.0957 57.6947
f 1518 1517 1520
f 1519 1518 1520
f 1519 1520 1522
f 1521 1519 1522
f 1521 1522 1524
f 1523 1521 1524
f 1523 1524 1517
f 1518 1523 1517
f 1520 1517 1524
f 1522 1520 1524
f 1523 1518 1519
f 1523 1519 1521
o walls_133392_Basic_Wall:קיר_בלוק_10_חדש_2:6
v -411197.3568 -270528.4275 57.6947
v -411197.5449 -270528.4987 57.6947
v -411197.3568 -270528.4275 60.3947
v -411198.9466 -270529.0294 60.3947
v -411198.9466 -270529.0294 57.6947
v -411198.6661 -270528.9232 57.6947
v -411198.6661 -270528.9232 60.0947
v -411197.5449 -270528.4987 60.0947
v -411197.3214 -270528.5210 57.6947
v -411197.5095 -270528.5922 57.6947
v -411197.5095 -270528.5922 60.0947
v -411198.6307 -270529.0167 60.0947
v -411198.6307 -270529.0167 57.6947
v -411198.9112 -270529.1230 57.6947
v -411198.9112 -270529.1230 60.3947
v -411197.3214 -270528.5210 60.3947
f 1528 1527 1531
f 1527 1532 1531
f 1532 1527 1525
f 1532 1525 1526
f 1531 1530 1529
f 1528 1531 1529
f 1525 1533 1534
f 1526 1525 1534
f 1532 1526 1534
f 1532 1534 1535
f 1531 1532 1535
f 1531 1535 1536
f 1530 1531 1536
f 1530 1536 1537
f 1530 1537 1529
f 1529 1537 1538
f 1539 1528 1529
f 1539 1529 1538
f 1528 1540 1527
f 1539 1540 1528
f 1540 1533 1525
f 1527 1540 1525
f 1539 1536 1540
f 1540 1536 1535
f 1536 1539 1538
f 1536 1538 1537
f 1535 1534 1533
f 1540 1535 1533
o walls_133476_Basic_Wall:עץ_3:6124316
v -411194.3061 -270531.7953 57.6947
v -411194.3061 -270531.7953 58.5347
v -411194.5938 -270531.0385 58.5347
v -411194.5938 -270531.0385 57.6947
v -411194.6125 -270531.0456 58.5347
v -411194.6125 -270531.0456 57.6947
v -411194.3248 -270531.8024 58.5347
v -411194.3248 -270531.8024 57.6947
f 1542 1541 1544
f 1543 1542 1544
f 1543 1544 1546
f 1545 1543 1546
f 1545 1546 1548
f 1547 1545 1548
f 1547 1548 1541
f 1542 1547 1541
f 1546 1544 1541
f 1548 1546 1541
f 1542 1543 1545
f 1542 1545 1547
o walls_133512_Basic_Wall:עץ_3:6124452
v -411196.2763 -270531.6781 57.6947
v -411196.2763 -270531.6781 58.5347
v -411196.0011 -270532.4022 58.5347
v -411196.0011 -270532.4022 57.6947
v -411195.9824 -270532.3951 58.5347
v -411195.9824 -270532.3951 57.6947
v -411196.2577 -270531.6710 58.5347
v -411196.2577 -270531.6710 57.6947
f 1550 1549 1552
f 1551 1550 1552
f 1551 1552 1554
f 1553 1551 1554
f 1553 1554 1556
f 1555 1553 1556
f 1555 1556 1549
f 1550 1555 1549
f 1554 1552 1549
f 1556 1554 1549
f 1550 1551 1553
f 1550 1553 1555
o walls_133851_Basic_Wall:עץ_3:6126375
v -411194.8554 -270531.9827 57.6947
v -411194.8554 -270531.9827 58.5347
v -411195.0525 -270531.4643 58.5347
v -411195.0525 -270531.4643 57.6947
v -411195.0712 -270531.4714 58.5347
v -411195.0712 -270531.4714 57.6947
v -411194.8741 -270531.9898 58.5347
v -411194.8741 -270531.9898 57.6947
f 1558 1557 1560
f 1559 1558 1560
f 1559 1560 1562
f 1561 1559 1562
f 1561 1562 1564
f 1563 1561 1564
f 1563 1564 1557
f 1558 1563 1557
f 1562 1560 1557
f 1564 1562 1557
f 1558 1559 1561
f 1558 1561 1563
o walls_133878_Basic_Wall:עץ_3:6126477
v -411195.4349 -270532.2030 57.6947
v -411195.4349 -270532.2030 58.5347
v -411195.6320 -270531.6846 58.5347
v -411195.6320 -270531.6846 57.6947
v -411195.6507 -270531.6917 58.5347
v -411195.6507 -270531.6917 57.6947
v -411195.4536 -270532.2101 58.5347
v -411195.4536 -270532.2101 57.6947
f 1566 1565 1568
f 1567 1566 1568
f 1567 1568 1570
f 1569 1567 1570
f 1569 1570 1572
f 1571 1569 1572
f 1571 1572 1565
f 1566 1571 1565
f 1570 1568 1565
f 1572 1570 1565
f 1566 1567 1569
f 1566 1569 1571
o walls_133909_Basic_Wall:משראביה_2:6126875
v -411196.1741 -270531.8907 57.6947
v -411196.1741 -270531.8907 58.5347
v -411194.5290 -270531.2653 58.5347
v -411194.5290 -270531.2653 57.6947
v -411194.5361 -270531.2466 58.5347
v -411194.5361 -270531.2466 57.6947
v -411196.1813 -270531.8720 58.5347
v -411196.1813 -270531.8720 57.6947
f 1574 1573 1576
f 1575 1574 1576
f 1575 1576 1578
f 1577 1575 1578
f 1577 1578 1580
f 1579 1577 1580
f 1579 1580 1573
f 1574 1579 1573
f 1578 1576 1573
f 1580 1578 1573
f 1574 1575 1577
f 1574 1577 1579
o walls_133950_Basic_Wall:עץ_3:6127061
v -411195.9697 -270532.4277 57.6947
v -411195.9697 -270532.4277 58.5347
v -411194.3248 -270531.8024 58.5347
v -411194.3248 -270531.8024 57.6947
v -411194.3319 -270531.7837 58.5347
v -411194.3319 -270531.7837 57.6947
v -411195.9768 -270532.4090 58.5347
v -411195.9768 -270532.4090 57.6947
f 1582 1581 1584
f 1583 1582 1584
f 1583 1584 1586
f 1585 1583 1586
f 1585 1586 1588
f 1587 1585 1588
f 1587 1588 1581
f 1582 1587 1581
f 1586 1584 1581
f 1588 1586 1581
f 1582 1583 1585
f 1582 1585 1587
o walls_134040_Basic_Wall:עץ_3:6127934
v -411196.2583 -270531.6552 58.3347
v -411196.2583 -270531.6552 58.5347
v -411194.6180 -270531.0317 58.5347
v -411194.6180 -270531.0317 58.3347
v -411194.6251 -270531.0130 58.5347
v -411194.6251 -270531.0130 58.3347
v -411196.2654 -270531.6365 58.5347
v -411196.2654 -270531.6365 58.3347
f 1590 1589 1592
f 1591 1590 1592
f 1591 1592 1594
f 1593 1591 1594
f 1593 1594 1596
f 1595 1593 1596
f 1595 1596 1589
f 1590 1595 1589
f 1594 1592 1589
f 1596 1594 1589
f 1590 1591 1593
f 1590 1593 1595
o walls_134217_Basic_Wall:עץ_4:6128669
v -411195.9817 -270533.6711 57.7489
v -411195.9817 -270533.6711 58.5347
v -411193.8779 -270532.8713 58.5347
v -411193.8779 -270532.8713 57.7489
v -411193.8850 -270532.8526 58.5347
v -411193.8850 -270532.8526 57.7489
v -411195.9888 -270533.6524 58.5347
v -411195.9888 -270533.6524 57.7489
f 1598 1597 1600
f 1599 1598 1600
f 1599 1600 1602
f 1601 1599 1602
f 1601 1602 1604
f 1603 1601 1604
f 1603 1604 1597
f 1598 1603 1597
f 1602 1600 1597
f 1604 1602 1597
f 1598 1599 1601
f 1598 1601 1603
o walls_134253_Basic_Wall:עץ_4:6128892
v -411193.8148 -270533.0372 57.6947
v -411193.8148 -270533.0372 58.5347
v -411193.8779 -270532.8713 58.5347
v -411193.8779 -270532.8713 57.6947
v -411193.8966 -270532.8784 58.5347
v -411193.8966 -270532.8784 57.6947
v -411193.8335 -270533.0443 58.5347
v -411193.8335 -270533.0443 57.6947
f 1606 1605 1608
f 1607 1606 1608
f 1607 1608 1610
f 1609 1607 1610
f 1609 1610 1612
f 1611 1609 1612
f 1611 1612 1605
f 1606 1611 1605
f 1610 1608 1605
f 1612 1610 1605
f 1606 1607 1609
f 1606 1609 1611
o walls_134283_Basic_Wall:עץ_4:6129072
v -411193.8867 -270533.7486 57.6947
v -411193.8867 -270533.7486 58.5347
v -411193.8680 -270533.7416 58.5347
v -411193.8680 -270533.7416 57.6947
v -411194.1583 -270532.9779 58.5347
v -411194.1583 -270532.9779 57.6947
v -411194.1770 -270532.9850 58.5347
v -411194.1770 -270532.9850 57.6947
f 1614 1613 1616
f 1615 1614 1616
f 1615 1616 1618
f 1617 1615 1618
f 1617 1618 1620
f 1619 1617 1620
f 1619 1620 1613
f 1614 1619 1613
f 1620 1618 1613
f 1613 1618 1616
f 1614 1617 1619
f 1615 1617 1614
o walls_134313_Basic_Wall:עץ_4:6129076
v -411194.4478 -270533.9611 57.6947
v -411194.4478 -270533.9611 58.5347
v -411194.4291 -270533.9540 58.5347
v -411194.4291 -270533.9540 57.6947
v -411194.7191 -270533.1911 58.5347
v -411194.7191 -270533.1911 57.6947
v -411194.7378 -270533.1983 58.5347
v -411194.7378 -270533.1983 57.6947
f 1622 1621 1624
f 1623 1622 1624
f 1623 1624 1626
f 1625 1623 1626
f 1625 1626 1628
f 1627 1625 1628
f 1627 1628 1621
f 1622 1627 1621
f 1628 1626 1621
f 1621 1626 1624
f 1622 1625 1627
f 1623 1625 1622
o walls_134343_Basic_Wall:עץ_4:6129080
v -411195.1025 -270534.2090 57.6947
v -411195.1025 -270534.2090 58.5347
v -411195.0838 -270534.2019 58.5347
v -411195.0838 -270534.2019 57.6947
v -411195.3735 -270533.4399 58.5347
v -411195.3735 -270533.4399 57.6947
v -411195.3921 -270533.4470 58.5347
v -411195.3921 -270533.4470 57.6947
f 1630 1629 1632
f 1631 1630 1632
f 1631 1632 1634
f 1633 1631 1634
f 1633 1634 1636
f 1635 1633 1636
f 1635 1636 1629
f 1630 1635 1629
f 1636 1634 1629
f 1629 1634 1632
f 1630 1633 1635
f 1631 1633 1630
o walls_134373_Basic_Wall:עץ_4:6129084
v -411195.6636 -270534.4215 57.6947
v -411195.6636 -270534.4215 58.5347
v -411195.6449 -270534.4144 58.5347
v -411195.6449 -270534.4144 57.6947
v -411195.9343 -270533.6531 58.5347
v -411195.9343 -270533.6531 57.6947
v -411195.9530 -270533.6602 58.5347
v -411195.9530 -270533.6602 57.6947
f 1638 1637 1640
f 1639 1638 1640
f 1639 1640 1642
f 1641 1639 1642
f 1641 1642 1644
f 1643 1641 1644
f 1643 1644 1637
f 1638 1643 1637
f 1644 1642 1637
f 1637 1642 1640
f 1638 1641 1643
f 1639 1641 1638
o walls_134404_Basic_Wall:עץ_5:6129098
v -411195.1638 -270533.9886 58.5347
v -411195.1638 -270533.9886 59.2247
v -411193.6878 -270533.4275 59.2247
v -411193.6878 -270533.4275 58.5347
v -411193.6950 -270533.4088 59.2247
v -411193.6950 -270533.4088 58.5347
v -411195.1709 -270533.9699 59.2247
v -411195.1709 -270533.9699 58.5347
f 1646 1645 1648
f 1647 1646 1648
f 1647 1648 1650
f 1649 1647 1650
f 1649 1650 1652
f 1651 1649 1652
f 1651 1652 1645
f 1646 1651 1645
f 1650 1648 1645
f 1652 1650 1645
f 1646 1647 1649
f 1646 1649 1651
o walls_134457_Basic_Wall:עץ_4:6129412
v -411193.8277 -270533.0314 59.6647
v -411193.8206 -270533.0501 59.6647
v -411192.8852 -270532.6944 59.6647
v -411192.8923 -270532.6758 59.6647
v -411193.8277 -270533.0314 58.5747
v -411193.8206 -270533.0501 58.5747
v -411194.2413 -270533.2100 58.5747
v -411194.2484 -270533.1913 58.5747
v -411194.2484 -270533.1913 59.1747
v -411194.2413 -270533.2100 59.1747
v -411195.3050 -270533.5929 59.1747
v -411195.2979 -270533.6116 59.1747
v -411195.3050 -270533.5929 58.5747
v -411195.2979 -270533.6116 58.5747
v -411195.3073 -270533.6152 58.5747
v -411195.3144 -270533.5965 58.5747
v -411195.3073 -270533.6152 60.3947
v -411195.3144 -270533.5965 60.3947
v -411192.8923 -270532.6758 60.3947
v -411192.8852 -270532.6944 60.3947
f 1654 1653 1656
f 1655 1654 1656
f 1658 1657 1653
f 1654 1658 1653
f 1660 1657 1658
f 1660 1658 1659
f 1662 1661 1660
f 1659 1662 1660
f 1664 1663 1661
f 1662 1664 1661
f 1666 1665 1663
f 1664 1666 1663
f 1668 1665 1666
f 1668 1666 1667
f 1670 1668 1667
f 1670 1667 1669
f 1672 1671 1670
f 1669 1672 1670
f 1655 1656 1671
f 1672 1655 1671
f 1671 1656 1653
f 1671 1653 1670
f 1670 1653 1661
f 1661 1653 1657
f 1661 1657 1660
f 1670 1661 1663
f 1663 1665 1668
f 1663 1668 1670
f 1654 1655 1672
f 1669 1654 1672
f 1662 1654 1669
f 1658 1654 1662
f 1659 1658 1662
f 1664 1662 1669
f 1667 1666 1664
f 1669 1667 1664
o walls_134584_Basic_Wall:עץ_4:6130807
v -411195.1578 -270533.9520 59.1747
v -411195.1578 -270533.9520 61.9747
v -411195.2886 -270533.6081 61.9747
v -411195.2886 -270533.6081 59.1747
v -411195.3073 -270533.6152 61.9747
v -411195.3073 -270533.6152 59.1747
v -411195.1765 -270533.9591 61.9747
v -411195.1765 -270533.9591 59.1747
f 1674 1673 1676
f 1675 1674 1676
f 1675 1676 1678
f 1677 1675 1678
f 1677 1678 1680
f 1679 1677 1680
f 1679 1680 1673
f 1674 1679 1673
f 1678 1676 1673
f 1680 1678 1673
f 1674 1675 1677
f 1674 1677 1679
o walls_134614_Basic_Wall:עץ_4:6131295
v -411195.0842 -270534.2021 57.6947
v -411195.0842 -270534.2021 60.4947
v -411195.0655 -270534.1950 60.4947
v -411195.0655 -270534.1950 57.6947
v -411195.1578 -270533.9520 60.4947
v -411195.1578 -270533.9520 57.6947
v -411195.1765 -270533.9591 60.4947
v -411195.1765 -270533.9591 57.6947
f 1682 1681 1684
f 1683 1682 1684
f 1683 1684 1686
f 1685 1683 1686
f 1685 1686 1688
f 1687 1685 1688
f 1687 1688 1681
f 1682 1687 1681
f 1688 1686 1681
f 1681 1686 1684
f 1682 1685 1687
f 1683 1685 1682
o walls_134655_Basic_Wall:עץ_5:6133571
v -411194.0270 -270533.8018 57.6947
v -411194.0083 -270533.7947 57.6947
v -411194.0270 -270533.8018 58.5347
v -411194.0083 -270533.7947 58.5347
v -411194.2319 -270533.2064 57.6947
v -411194.2506 -270533.2135 57.6947
v -411194.0969 -270533.5616 58.5347
v -411194.0969 -270533.5616 59.1747
v -411194.2319 -270533.2064 59.1747
v -411194.1156 -270533.5687 58.5347
v -411194.2506 -270533.2135 59.1747
v -411194.1156 -270533.5687 59.1747
f 1691 1689 1690
f 1692 1691 1690
f 1694 1693 1689
f 1689 1693 1690
f 1697 1696 1695
f 1695 1692 1690
f 1697 1695 1693
f 1695 1690 1693
f 1691 1692 1695
f 1698 1691 1695
f 1700 1699 1698
f 1698 1699 1694
f 1691 1698 1689
f 1698 1694 1689
f 1697 1693 1694
f 1699 1697 1694
f 1696 1699 1700
f 1696 1697 1699
f 1696 1700 1698
f 1696 1698 1695
o walls_134817_Basic_Wall:עץ_3:6134406
v -411195.6345 -270534.1461 59.0530
v -411195.6345 -270534.1461 59.8547
v -411195.6532 -270534.1532 59.8547
v -411195.6532 -270534.1532 59.0530
v -411195.5654 -270534.3843 59.8547
v -411195.5654 -270534.3843 59.0530
v -411195.5467 -270534.3772 59.8547
v -411195.5467 -270534.3772 59.0530
f 1702 1701 1704
f 1703 1702 1704
f 1703 1704 1706
f 1705 1703 1706
f 1705 1706 1708
f 1707 1705 1708
f 1707 1708 1701
f 1702 1707 1701
f 1708 1706 1701
f 1701 1706 1704
f 1702 1705 1707
f 1703 1705 1702
o walls_134847_Basic_Wall:עץ_3:6134625
v -411195.2279 -270533.9916 59.0530
v -411195.2279 -270533.9916 59.8547
v -411195.2466 -270533.9987 59.8547
v -411195.2466 -270533.9987 59.0530
v -411195.1586 -270534.2302 59.8547
v -411195.1586 -270534.2302 59.0530
v -411195.1399 -270534.2232 59.8547
v -411195.1399 -270534.2232 59.0530
f 1710 1709 1712
f 1711 1710 1712
f 1711 1712 1714
f 1713 1711 1714
f 1713 1714 1716
f 1715 1713 1716
f 1715 1716 1709
f 1710 1715 1709
f 1716 1714 1709
f 1709 1714 1712
f 1710 1713 1715
f 1711 1713 1710
o walls_134874_Basic_Wall:עץ_5:6134748
v -411195.5522 -270534.3768 59.0530
v -411195.5522 -270534.3768 59.8547
v -411195.1596 -270534.2276 59.8547
v -411195.1596 -270534.2276 59.0530
v -411195.1667 -270534.2089 59.8547
v -411195.1667 -270534.2089 59.0530
v -411195.5593 -270534.3581 59.8547
v -411195.5593 -270534.3581 59.0530
f 1718 1717 1720
f 1719 1718 1720
f 1719 1720 1722
f 1721 1719 1722
f 1721 1722 1724
f 1723 1721 1724
f 1723 1724 1717
f 1718 1723 1717
f 1722 1720 1717
f 1724 1722 1717
f 1718 1719 1721
f 1718 1721 1723
o walls_135000_Basic_Wall:עץ_4:6143805
v -411193.6935 -270533.3846 59.6647
v -411193.6864 -270533.4033 59.6647
v -411192.7509 -270533.0477 59.6647
v -411192.7580 -270533.0290 59.6647
v -411193.6935 -270533.3846 58.5747
v -411193.6864 -270533.4033 58.5747
v -411194.1070 -270533.5632 58.5747
v -411194.1141 -270533.5445 58.5747
v -411194.1141 -270533.5445 59.1747
v -411194.1070 -270533.5632 59.1747
v -411195.1614 -270533.9426 59.1747
v -411195.1543 -270533.9613 59.1747
v -411195.1543 -270533.9613 59.9647
v -411195.1614 -270533.9426 59.9647
v -411192.7580 -270533.0290 59.9647
v -411192.7509 -270533.0477 59.9647
f 1726 1725 1728
f 1727 1726 1728
f 1730 1729 1725
f 1726 1730 1725
f 1732 1729 1730
f 1732 1730 1731
f 1734 1733 1732
f 1731 1734 1732
f 1736 1735 1733
f 1734 1736 1733
f 1738 1735 1736
f 1738 1736 1737
f 1740 1739 1738
f 1737 1740 1738
f 1727 1728 1739
f 1740 1727 1739
f 1739 1728 1725
f 1733 1725 1729
f 1739 1725 1738
f 1725 1733 1738
f 1733 1729 1732
f 1738 1733 1735
f 1726 1727 1740
f 1730 1726 1734
f 1737 1726 1740
f 1737 1734 1726
f 1731 1730 1734
f 1736 1734 1737
o windows_37082_M_Instance_-_Fixed:70X190:5709
v -411204.3661 -270533.0289 59.3947
v -411204.3661 -270533.0289 59.4138
v -411204.3899 -270533.0379 59.4138
v -411204.3899 -270533.0379 59.3947
v -411204.0358 -270533.9731 59.4138
v -411204.0358 -270533.9731 59.3947
v -411204.0120 -270533.9641 59.4138
v -411204.0120 -270533.9641 59.3947
v -411204.1028 -270533.9305 59.4582
v -411204.1028 -270533.9305 59.8312
v -411204.0909 -270533.9260 59.8312
v -411204.0909 -270533.9260 59.4582
v -411204.4000 -270533.1096 59.8312
v -411204.4000 -270533.1096 59.4582
v -411204.4119 -270533.1141 59.8312
v -411204.4119 -270533.1141 59.4582
v -411204.4425 -270533.0781 59.8757
v -411204.4009 -270533.0624 59.8757
v -411204.0603 -270533.9620 59.8757
v -411204.1019 -270533.9777 59.8757
v -411204.0603 -270533.9620 59.4138
v -411204.1019 -270533.9777 59.4138
v -411204.4009 -270533.0624 59.4138
v -411204.4425 -270533.0781 59.4138
v -411204.4267 -270533.1197 59.8312
v -411204.3852 -270533.1040 59.8312
v -411204.3852 -270533.1040 59.4582
v -411204.4267 -270533.1197 59.4582
v -411204.0760 -270533.9204 59.4582
v -411204.1176 -270533.9361 59.4582
v -411204.0760 -270533.9204 59.8312
v -411204.1176 -270533.9361 59.8312
v -411204.6705 -270533.1441 59.8947
v -411204.4492 -270533.0603 59.8947
v -411204.0951 -270533.9955 59.8947
v -411204.3163 -270534.0793 59.8947
v -411204.0951 -270533.9955 59.3947
v -411204.3163 -270534.0793 59.3947
v -411204.4492 -270533.0603 59.3947
v -411204.6705 -270533.1441 59.3947
v -411204.6592 -270533.1738 59.8630
v -411204.4380 -270533.0900 59.8630
v -411204.4380 -270533.0900 59.4265
v -411204.6592 -270533.1738 59.4265
v -411204.1064 -270533.9658 59.4265
v -411204.3276 -270534.0496 59.4265
v -411204.1064 -270533.9658 59.8630
v -411204.3276 -270534.0496 59.8630
v -411204.0951 -270533.9955 59.8947
v -411204.0358 -270533.9731 59.8947
v -411204.0358 -270533.9731 59.3947
v -411204.0951 -270533.9955 59.3947
v -411204.3899 -270533.0379 59.3947
v -411204.4492 -270533.0603 59.3947
v -411204.3899 -270533.0379 59.8947
v -411204.4492 -270533.0603 59.8947
v -411204.1019 -270533.9777 59.8757
v -411204.0425 -270533.9552 59.8757
v -411204.3832 -270533.0557 59.8757
v -411204.4425 -270533.0781 59.8757
v -411204.3832 -270533.0557 59.4138
v -411204.4425 -270533.0781 59.4138
v -411204.0425 -270533.9552 59.4138
v -411204.1019 -270533.9777 59.4138
f 1742 1741 1744
f 1743 1742 1744
f 1743 1744 1746
f 1745 1743 1746
f 1745 1746 1748
f 1747 1745 1748
f 1747 1748 1741
f 1742 1747 1741
f 1744 1741 1746
f 1741 1748 1746
f 1745 1742 1743
f 1745 1747 1742
f 1750 1749 1752
f 1751 1750 1752
f 1751 1752 1754
f 1753 1751 1754
f 1753 1754 1756
f 1755 1753 1756
f 1755 1756 1749
f 1750 1755 1749
f 1752 1749 1754
f 1749 1756 1754
f 1753 1750 1751
f 1753 1755 1750
f 1758 1757 1760
f 1759 1758 1760
f 1759 1760 1762
f 1761 1759 1762
f 1761 1762 1764
f 1763 1761 1764
f 1763 1764 1757
f 1758 1763 1757
f 1766 1765 1768
f 1767 1766 1768
f 1767 1768 1770
f 1769 1767 1770
f 1769 1770 1772
f 1771 1769 1772
f 1771 1772 1765
f 1766 1771 1765
f 1765 1757 1768
f 1768 1757 1764
f 1760 1757 1772
f 1757 1765 1772
f 1772 1770 1762
f 1760 1772 1762
f 1768 1764 1762
f 1770 1768 1762
f 1767 1758 1766
f 1763 1758 1767
f 1771 1758 1759
f 1771 1766 1758
f 1761 1769 1771
f 1761 1771 1759
f 1761 1763 1767
f 1761 1767 1769
f 1774 1773 1776
f 1775 1774 1776
f 1775 1776 1778
f 1777 1775 1778
f 1777 1778 1780
f 1779 1777 1780
f 1779 1780 1773
f 1774 1779 1773
f 1782 1781 1784
f 1783 1782 1784
f 1783 1784 1786
f 1785 1783 1786
f 1785 1786 1788
f 1787 1785 1788
f 1787 1788 1781
f 1782 1787 1781
f 1781 1773 1780
f 1781 1780 1784
f 1776 1773 1788
f 1773 1781 1788
f 1788 1786 1778
f 1776 1788 1778
f 1784 1780 1778
f 1786 1784 1778
f 1779 1774 1782
f 1783 1779 1782
f 1787 1774 1775
f 1787 1782 1774
f 1777 1785 1787
f 1777 1787 1775
f 1777 1779 1783
f 1777 1783 1785
f 1790 1789 1792
f 1791 1790 1792
f 1791 1792 1794
f 1793 1791 1794
f 1793 1794 1796
f 1795 1793 1796
f 1795 1796 1789
f 1790 1795 1789
f 1798 1797 1800
f 1799 1798 1800
f 1799 1800 1802
f 1801 1799 1802
f 1801 1802 1804
f 1803 1801 1804
f 1803 1804 1797
f 1798 1803 1797
f 1789 1797 1792
f 1792 1797 1804
f 1797 1789 1796
f 1797 1796 1800
f 1802 1800 1794
f 1804 1802 1794
f 1792 1804 1794
f 1800 1796 1794
f 1791 1798 1790
f 1803 1798 1791
f 1795 1790 1798
f 1799 1795 1798
f 1793 1799 1801
f 1793 1801 1803
f 1793 1803 1791
f 1793 1795 1799
o windows_52978_M_Instance_-_Fixed:70X190:5774
v -411204.9239 -270531.5557 59.3947
v -411204.9239 -270531.5557 59.4138
v -411204.9477 -270531.5647 59.4138
v -411204.9477 -270531.5647 59.3947
v -411204.5936 -270532.4999 59.4138
v -411204.5936 -270532.4999 59.3947
v -411204.5698 -270532.4909 59.4138
v -411204.5698 -270532.4909 59.3947
v -411204.6606 -270532.4574 59.4582
v -411204.6606 -270532.4574 59.8312
v -411204.6487 -270532.4529 59.8312
v -411204.6487 -270532.4529 59.4582
v -411204.9578 -270531.6365 59.8312
v -411204.9578 -270531.6365 59.4582
v -411204.9697 -270531.6410 59.8312
v -411204.9697 -270531.6410 59.4582
v -411205.0003 -270531.6050 59.8757
v -411204.9587 -270531.5893 59.8757
v -411204.6181 -270532.4888 59.8757
v -411204.6597 -270532.5046 59.8757
v -411204.6181 -270532.4888 59.4138
v -411204.6597 -270532.5046 59.4138
v -411204.9587 -270531.5893 59.4138
v -411205.0003 -270531.6050 59.4138
v -411204.9846 -270531.6466 59.8312
v -411204.9430 -270531.6308 59.8312
v -411204.9430 -270531.6308 59.4582
v -411204.9846 -270531.6466 59.4582
v -411204.6338 -270532.4473 59.4582
v -411204.6754 -270532.4630 59.4582
v -411204.6338 -270532.4473 59.8312
v -411204.6754 -270532.4630 59.8312
v -411205.2283 -270531.6710 59.8947
v -411205.0070 -270531.5872 59.8947
v -411204.6529 -270532.5224 59.8947
v -411204.8741 -270532.6062 59.8947
v -411204.6529 -270532.5224 59.3947
v -411204.8741 -270532.6062 59.3947
v -411205.0070 -270531.5872 59.3947
v -411205.2283 -270531.6710 59.3947
v -411205.2170 -270531.7007 59.8630
v -411204.9958 -270531.6169 59.8630
v -411204.9958 -270531.6169 59.4265
v -411205.2170 -270531.7007 59.4265
v -411204.6642 -270532.4927 59.4265
v -411204.8854 -270532.5765 59.4265
v -411204.6642 -270532.4927 59.8630
v -411204.8854 -270532.5765 59.8630
v -411204.6529 -270532.5224 59.8947
v -411204.5936 -270532.4999 59.8947
v -411204.5936 -270532.4999 59.3947
v -411204.6529 -270532.5224 59.3947
v -411204.9477 -270531.5647 59.3947
v -411205.0070 -270531.5872 59.3947
v -411204.9477 -270531.5647 59.8947
v -411205.0070 -270531.5872 59.8947
v -411204.6597 -270532.5046 59.8757
v -411204.6003 -270532.4821 59.8757
v -411204.9410 -270531.5825 59.8757
v -411205.0003 -270531.6050 59.8757
v -411204.9410 -270531.5825 59.4138
v -411205.0003 -270531.6050 59.4138
v -411204.6003 -270532.4821 59.4138
v -411204.6597 -270532.5046 59.4138
f 1806 1805 1808
f 1807 1806 1808
f 1807 1808 1810
f 1809 1807 1810
f 1809 1810 1812
f 1811 1809 1812
f 1811 1812 1805
f 1806 1811 1805
f 1808 1805 1810
f 1805 1812 1810
f 1809 1806 1807
f 1809 1811 1806
f 1814 1813 1816
f 1815 1814 1816
f 1815 1816 1818
f 1817 1815 1818
f 1817 1818 1820
f 1819 1817 1820
f 1819 1820 1813
f 1814 1819 1813
f 1816 1813 1818
f 1813 1820 1818
f 1817 1814 1815
f 1817 1819 1814
f 1822 1821 1824
f 1823 1822 1824
f 1823 1824 1826
f 1825 1823 1826
f 1825 1826 1828
f 1827 1825 1828
f 1827 1828 1821
f 1822 1827 1821
f 1830 1829 1832
f 1831 1830 1832
f 1831 1832 1834
f 1833 1831 1834
f 1833 1834 1836
f 1835 1833 1836
f 1835 1836 1829
f 1830 1835 1829
f 1829 1821 1832
f 1832 1821 1828
f 1824 1821 1836
f 1821 1829 1836
f 1836 1834 1826
f 1824 1836 1826
f 1832 1828 1826
f 1834 1832 1826
f 1831 1822 1830
f 1827 1822 1831
f 1835 1822 1823
f 1835 1830 1822
f 1825 1833 1835
f 1825 1835 1823
f 1825 1827 1831
f 1825 1831 1833
f 1838 1837 1840
f 1839 1838 1840
f 1839 1840 1842
f 1841 1839 1842
f 1841 1842 1844
f 1843 1841 1844
f 1843 1844 1837
f 1838 1843 1837
f 1846 1845 1848
f 1847 1846 1848
f 1847 1848 1850
f 1849 1847 1850
f 1849 1850 1852
f 1851 1849 1852
f 1851 1852 1845
f 1846 1851 1845
f 1845 1837 1844
f 1845 1844 1848
f 1840 1837 1852
f 1837 1845 1852
f 1852 1850 1842
f 1840 1852 1842
f 1848 1844 1842
f 1850 1848 1842
f 1843 1838 1846
f 1847 1843 1846
f 1851 1838 1839
f 1851 1846 1838
f 1841 1849 1851
f 1841 1851 1839
f 1841 1843 1847
f 1841 1847 1849
f 1854 1853 1856
f 1855 1854 1856
f 1855 1856 1858
f 1857 1855 1858
f 1857 1858 1860
f 1859 1857 1860
f 1859 1860 1853
f 1854 1859 1853
f 1862 1861 1864
f 1863 1862 1864
f 1863 1864 1866
f 1865 1863 1866
f 1865 1866 1868
f 1867 1865 1868
f 1867 1868 1861
f 1862 1867 1861
f 1853 1861 1856
f 1856 1861 1868
f 1861 1853 1860
f 1861 1860 1864
f 1866 1864 1858
f 1868 1866 1858
f 1856 1868 1858
f 1864 1860 1858
f 1855 1862 1854
f 1867 1862 1855
f 1859 1854 1862
f 1863 1859 1862
f 1857 1863 1865
f 1857 1865 1867
f 1857 1867 1855
f 1857 1859 1863
o windows_53396_M_Instance_-_Fixed:70X190:5782
v -411203.5148 -270535.2772 58.6947
v -411203.5148 -270535.2772 58.7138
v -411203.5386 -270535.2862 58.7138
v -411203.5386 -270535.2862 58.6947
v -411203.0428 -270536.5954 58.7138
v -411203.0428 -270536.5954 58.6947
v -411203.0191 -270536.5864 58.7138
v -411203.0191 -270536.5864 58.6947
v -411203.1098 -270536.5529 58.7582
v -411203.1098 -270536.5529 59.8312
v -411203.0979 -270536.5484 59.8312
v -411203.0979 -270536.5484 58.7582
v -411203.5487 -270535.3579 59.8312
v -411203.5487 -270535.3579 58.7582
v -411203.5606 -270535.3624 59.8312
v -411203.5606 -270535.3624 58.7582
v -411203.5912 -270535.3264 59.8757
v -411203.5496 -270535.3107 59.8757
v -411203.0673 -270536.5844 59.8757
v -411203.1089 -270536.6001 59.8757
v -411203.0673 -270536.5844 58.7138
v -411203.1089 -270536.6001 58.7138
v -411203.5496 -270535.3107 58.7138
v -411203.5912 -270535.3264 58.7138
v -411203.5754 -270535.3680 59.8312
v -411203.5339 -270535.3523 59.8312
v -411203.5339 -270535.3523 58.7582
v -411203.5754 -270535.3680 58.7582
v -411203.0831 -270536.5428 58.7582
v -411203.1246 -270536.5585 58.7582
v -411203.0831 -270536.5428 59.8312
v -411203.1246 -270536.5585 59.8312
v -411203.8191 -270535.3924 59.8947
v -411203.5979 -270535.3086 59.8947
v -411203.1021 -270536.6179 59.8947
v -411203.3234 -270536.7017 59.8947
v -411203.1021 -270536.6179 58.6947
v -411203.3234 -270536.7017 58.6947
v -411203.5979 -270535.3086 58.6947
v -411203.8191 -270535.3924 58.6947
v -411203.8079 -270535.4221 59.8630
v -411203.5867 -270535.3383 59.8630
v -411203.5867 -270535.3383 58.7264
v -411203.8079 -270535.4221 58.7264
v -411203.1134 -270536.5882 58.7264
v -411203.3346 -270536.6720 58.7264
v -411203.1134 -270536.5882 59.8630
v -411203.3346 -270536.6720 59.8630
v -411203.1021 -270536.6179 59.8947
v -411203.0428 -270536.5954 59.8947
v -411203.0428 -270536.5954 58.6947
v -411203.1021 -270536.6179 58.6947
v -411203.5386 -270535.2862 58.6947
v -411203.5979 -270535.3086 58.6947
v -411203.5386 -270535.2862 59.8947
v -411203.5979 -270535.3086 59.8947
v -411203.1089 -270536.6001 59.8757
v -411203.0496 -270536.5776 59.8757
v -411203.5318 -270535.3040 59.8757
v -411203.5912 -270535.3264 59.8757
v -411203.5318 -270535.3040 58.7138
v -411203.5912 -270535.3264 58.7138
v -411203.0496 -270536.5776 58.7138
v -411203.1089 -270536.6001 58.7138
f 1870 1869 1872
f 1871 1870 1872
f 1871 1872 1874
f 1873 1871 1874
f 1873 1874 1876
f 1875 1873 1876
f 1875 1876 1869
f 1870 1875 1869
f 1872 1869 1874
f 1869 1876 1874
f 1873 1870 1871
f 1873 1875 1870
f 1878 1877 1880
f 1879 1878 1880
f 1879 1880 1882
f 1881 1879 1882
f 1881 1882 1884
f 1883 1881 1884
f 1883 1884 1877
f 1878 1883 1877
f 1880 1877 1882
f 1877 1884 1882
f 1881 1878 1879
f 1881 1883 1878
f 1886 1885 1888
f 1887 1886 1888
f 1887 1888 1890
f 1889 1887 1890
f 1889 1890 1892
f 1891 1889 1892
f 1891 1892 1885
f 1886 1891 1885
f 1894 1893 1896
f 1895 1894 1896
f 1895 1896 1898
f 1897 1895 1898
f 1897 1898 1900
f 1899 1897 1900
f 1899 1900 1893
f 1894 1899 1893
f 1893 1885 1896
f 1896 1885 1892
f 1885 1893 1888
f 1888 1893 1900
f 1900 1898 1890
f 1888 1900 1890
f 1896 1892 1890
f 1898 1896 1890
f 1895 1886 1894
f 1891 1886 1895
f 1887 1894 1886
f 1899 1894 1887
f 1889 1897 1899
f 1889 1899 1887
f 1889 1891 1895
f 1889 1895 1897
f 1902 1901 1904
f 1903 1902 1904
f 1903 1904 1906
f 1905 1903 1906
f 1905 1906 1908
f 1907 1905 1908
f 1907 1908 1901
f 1902 1907 1901
f 1910 1909 1912
f 1911 1910 1912
f 1911 1912 1914
f 1913 1911 1914
f 1913 1914 1916
f 1915 1913 1916
f 1915 1916 1909
f 1910 1915 1909
f 1909 1901 1908
f 1909 1908 1912
f 1904 1901 1916
f 1901 1909 1916
f 1916 1914 1906
f 1904 1916 1906
f 1912 1908 1906
f 1914 1912 1906
f 1907 1902 1910
f 1911 1907 1910
f 1915 1902 1903
f 1915 1910 1902
f 1905 1913 1915
f 1905 1915 1903
f 1905 1907 1911
f 1905 1911 1913
f 1918 1917 1920
f 1919 1918 1920
f 1919 1920 1922
f 1921 1919 1922
f 1921 1922 1924
f 1923 1921 1924
f 1923 1924 1917
f 1918 1923 1917
f 1926 1925 1928
f 1927 1926 1928
f 1927 1928 1930
f 1929 1927 1930
f 1929 1930 1932
f 1931 1929 1932
f 1931 1932 1925
f 1926 1931 1925
f 1917 1925 1920
f 1920 1925 1932
f 1925 1917 1924
f 1925 1924 1928
f 1932 1930 1922
f 1920 1932 1922
f 1928 1924 1922
f 1930 1928 1922
f 1919 1926 1918
f 1931 1926 1919
f 1923 1918 1926
f 1927 1923 1926
f 1921 1929 1931
f 1921 1931 1919
f 1921 1923 1927
f 1921 1927 1929
o windows_63670_M_Instance_-_Fixed:70X190:5792
v -411206.6995 -270526.8803 61.1947
v -411206.6995 -270526.8803 61.2138
v -411206.6959 -270526.9054 61.2138
v -411206.6959 -270526.9054 61.1947
v -411203.9624 -270526.5080 61.2138
v -411203.9624 -270526.5080 61.1947
v -411203.9660 -270526.4828 61.2138
v -411203.9660 -270526.4828 61.1947
v -411204.0184 -270526.5642 61.2582
v -411204.0184 -270526.5642 62.6312
v -411204.0202 -270526.5516 62.6312
v -411204.0202 -270526.5516 61.2582
v -411206.6280 -270526.9308 62.6312
v -411206.6280 -270526.9308 61.2582
v -411206.6262 -270526.9433 62.6312
v -411206.6262 -270526.9433 61.2582
v -411206.6679 -270526.9655 62.6757
v -411206.6743 -270526.9215 62.6757
v -411203.9785 -270526.5295 62.6757
v -411203.9721 -270526.5735 62.6757
v -411203.9785 -270526.5295 61.2138
v -411203.9721 -270526.5735 61.2138
v -411206.6743 -270526.9215 61.2138
v -411206.6679 -270526.9655 61.2138
v -411206.6239 -270526.9591 62.6312
v -411206.6303 -270526.9151 62.6312
v -411206.6303 -270526.9151 61.2582
v -411206.6239 -270526.9591 61.2582
v -411204.0225 -270526.5359 61.2582
v -411204.0161 -270526.5799 61.2582
v -411204.0225 -270526.5359 62.6312
v -411204.0161 -270526.5799 62.6312
v -411206.6815 -270527.0044 62.6947
v -411206.6868 -270526.9682 62.6947
v -411203.9532 -270526.5708 62.6947
v -411203.9480 -270526.6069 62.6947
v -411203.9532 -270526.5708 61.1947
v -411203.9480 -270526.6069 61.1947
v -411206.6868 -270526.9682 61.1947
v -411206.6815 -270527.0044 61.1947
v -411206.6501 -270526.9998 62.6630
v -411206.6553 -270526.9636 62.6630
v -411206.6553 -270526.9636 61.2265
v -411206.6501 -270526.9998 61.2265
v -411203.9847 -270526.5753 61.2265
v -411203.9794 -270526.6115 61.2265
v -411203.9847 -270526.5753 62.6630
v -411203.9794 -270526.6115 62.6630
v -411203.9532 -270526.5708 62.6947
v -411203.9624 -270526.5080 62.6947
v -411203.9624 -270526.5080 61.1947
v -411203.9532 -270526.5708 61.1947
v -411206.6959 -270526.9054 61.1947
v -411206.6868 -270526.9682 61.1947
v -411206.6959 -270526.9054 62.6947
v -411206.6868 -270526.9682 62.6947
v -411203.9721 -270526.5735 62.6757
v -411203.9812 -270526.5107 62.6757
v -411206.6770 -270526.9027 62.6757
v -411206.6679 -270526.9655 62.6757
v -411206.6770 -270526.9027 61.2138
v -411206.6679 -270526.9655 61.2138
v -411203.9812 -270526.5107 61.2138
v -411203.9721 -270526.5735 61.2138
f 1934 1933 1936
f 1935 1934 1936
f 1935 1936 1938
f 1937 1935 1938
f 1937 1938 1940
f 1939 1937 1940
f 1939 1940 1933
f 1934 1939 1933
f 1936 1933 1938
f 1933 1940 1938
f 1937 1934 1935
f 1937 1939 1934
f 1942 1941 1944
f 1943 1942 1944
f 1943 1944 1946
f 1945 1943 1946
f 1945 1946 1948
f 1947 1945 1948
f 1947 1948 1941
f 1942 1947 1941
f 1944 1941 1946
f 1941 1948 1946
f 1945 1942 1943
f 1945 1947 1942
f 1950 1949 1952
f 1951 1950 1952
f 1951 1952 1954
f 1953 1951 1954
f 1953 1954 1956
f 1955 1953 1956
f 1955 1956 1949
f 1950 1955 1949
f 1958 1957 1960
f 1959 1958 1960
f 1959 1960 1962
f 1961 1959 1962
f 1961 1962 1964
f 1963 1961 1964
f 1963 1964 1957
f 1958 1963 1957
f 1957 1949 1960
f 1960 1949 1956
f 1952 1949 1964
f 1949 1957 1964
f 1952 1964 1962
f 1952 1962 1954
f 1960 1956 1954
f 1962 1960 1954
f 1959 1950 1958
f 1955 1950 1959
f 1963 1950 1951
f 1963 1958 1950
f 1961 1963 1951
f 1953 1961 1951
f 1953 1955 1959
f 1953 1959 1961
f 1966 1965 1968
f 1967 1966 1968
f 1967 1968 1970
f 1969 1967 1970
f 1969 1970 1972
f 1971 1969 1972
f 1971 1972 1965
f 1966 1971 1965
f 1974 1973 1976
f 1975 1974 1976
f 1975 1976 1978
f 1977 1975 1978
f 1977 1978 1980
f 1979 1977 1980
f 1979 1980 1973
f 1974 1979 1973
f 1973 1965 1972
f 1973 1972 1976
f 1968 1965 1980
f 1965 1973 1980
f 1980 1978 1970
f 1968 1980 1970
f 1976 1972 1970
f 1978 1976 1970
f 1971 1966 1974
f 1975 1971 1974
f 1979 1966 1967
f 1979 1974 1966
f 1969 1977 1979
f 1969 1979 1967
f 1969 1971 1975
f 1969 1975 1977
f 1982 1981 1984
f 1983 1982 1984
f 1983 1984 1986
f 1985 1983 1986
f 1985 1986 1988
f 1987 1985 1988
f 1987 1988 1981
f 1982 1987 1981
f 1990 1989 1992
f 1991 1990 1992
f 1991 1992 1994
f 1993 1991 1994
f 1993 1994 1996
f 1995 1993 1996
f 1995 1996 1989
f 1990 1995 1989
f 1981 1989 1984
f 1984 1989 1996
f 1981 1988 1992
f 1989 1981 1992
f 1994 1992 1986
f 1996 1994 1986
f 1992 1988 1986
f 1984 1996 1986
f 1983 1990 1982
f 1995 1990 1983
f 1991 1987 1982
f 1991 1982 1990
f 1985 1991 1993
f 1985 1993 1995
f 1985 1987 1991
f 1985 1995 1983
o windows_63689_M_Instance_-_Fixed:70X190:5792
v -411204.5027 -270532.6681 62.4947
v -411204.5027 -270532.6681 62.5138
v -411204.5265 -270532.6771 62.5138
v -411204.5265 -270532.6771 62.4947
v -411204.1724 -270533.6123 62.5138
v -411204.1724 -270533.6123 62.4947
v -411204.1486 -270533.6033 62.5138
v -411204.1486 -270533.6033 62.4947
v -411204.2393 -270533.5698 62.5582
v -411204.2393 -270533.5698 62.9312
v -411204.2275 -270533.5653 62.9312
v -411204.2275 -270533.5653 62.5582
v -411204.5366 -270532.7489 62.9312
v -411204.5366 -270532.7489 62.5582
v -411204.5485 -270532.7534 62.9312
v -411204.5485 -270532.7534 62.5582
v -411204.5791 -270532.7174 62.9757
v -411204.5375 -270532.7017 62.9757
v -411204.1969 -270533.6012 62.9757
v -411204.2385 -270533.6170 62.9757
v -411204.1969 -270533.6012 62.5138
v -411204.2385 -270533.6170 62.5138
v -411204.5375 -270532.7017 62.5138
v -411204.5791 -270532.7174 62.5138
v -411204.5633 -270532.7590 62.9312
v -411204.5218 -270532.7432 62.9312
v -411204.5218 -270532.7432 62.5582
v -411204.5633 -270532.7590 62.5582
v -411204.2126 -270533.5597 62.5582
v -411204.2542 -270533.5754 62.5582
v -411204.2126 -270533.5597 62.9312
v -411204.2542 -270533.5754 62.9312
v -411204.8070 -270532.7834 62.9947
v -411204.5858 -270532.6996 62.9947
v -411204.2317 -270533.6348 62.9947
v -411204.4529 -270533.7186 62.9947
v -411204.2317 -270533.6348 62.4947
v -411204.4529 -270533.7186 62.4947
v -411204.5858 -270532.6996 62.4947
v -411204.8070 -270532.7834 62.4947
v -411204.7958 -270532.8131 62.9630
v -411204.5746 -270532.7293 62.9630
v -411204.5746 -270532.7293 62.5265
v -411204.7958 -270532.8131 62.5265
v -411204.2430 -270533.6051 62.5265
v -411204.4642 -270533.6889 62.5265
v -411204.2430 -270533.6051 62.9630
v -411204.4642 -270533.6889 62.9630
v -411204.2317 -270533.6348 62.9947
v -411204.1724 -270533.6123 62.9947
v -411204.1724 -270533.6123 62.4947
v -411204.2317 -270533.6348 62.4947
v -411204.5265 -270532.6771 62.4947
v -411204.5858 -270532.6996 62.4947
v -411204.5265 -270532.6771 62.9947
v -411204.5858 -270532.6996 62.9947
v -411204.2385 -270533.6170 62.9757
v -411204.1791 -270533.5945 62.9757
v -411204.5197 -270532.6949 62.9757
v -411204.5791 -270532.7174 62.9757
v -411204.5197 -270532.6949 62.5138
v -411204.5791 -270532.7174 62.5138
v -411204.1791 -270533.5945 62.5138
v -411204.2385 -270533.6170 62.5138
f 1998 1997 2000
f 1999 1998 2000
f 1999 2000 2002
f 2001 1999 2002
f 2001 2002 2004
f 2003 2001 2004
f 2003 2004 1997
f 1998 2003 1997
f 2000 1997 2002
f 1997 2004 2002
f 2001 1998 1999
f 2001 2003 1998
f 2006 2005 2008
f 2007 2006 2008
f 2007 2008 2010
f 2009 2007 2010
f 2009 2010 2012
f 2011 2009 2012
f 2011 2012 2005
f 2006 2011 2005
f 2008 2005 2010
f 2005 2012 2010
f 2009 2006 2007
f 2009 2011 2006
f 2014 2013 2016
f 2015 2014 2016
f 2015 2016 2018
f 2017 2015 2018
f 2017 2018 2020
f 2019 2017 2020
f 2019 2020 2013
f 2014 2019 2013
f 2022 2021 2024
f 2023 2022 2024
f 2023 2024 2026
f 2025 2023 2026
f 2025 2026 2028
f 2027 2025 2028
f 2027 2028 2021
f 2022 2027 2021
f 2021 2013 2024
f 2024 2013 2020
f 2016 2013 2028
f 2013 2021 2028
f 2028 2026 2018
f 2016 2028 2018
f 2024 2020 2018
f 2026 2024 2018
f 2023 2014 2022
f 2019 2014 2023
f 2027 2014 2015
f 2027 2022 2014
f 2017 2025 2027
f 2017 2027 2015
f 2017 2019 2023
f 2017 2023 2025
f 2030 2029 2032
f 2031 2030 2032
f 2031 2032 2034
f 2033 2031 2034
f 2033 2034 2036
f 2035 2033 2036
f 2035 2036 2029
f 2030 2035 2029
f 2038 2037 2040
f 2039 2038 2040
f 2039 2040 2042
f 2041 2039 2042
f 2041 2042 2044
f 2043 2041 2044
f 2043 2044 2037
f 2038 2043 2037
f 2037 2029 2036
f 2037 2036 2040
f 2032 2029 2044
f 2029 2037 2044
f 2044 2042 2034
f 2032 2044 2034
f 2040 2036 2034
f 2042 2040 2034
f 2035 2030 2038
f 2039 2035 2038
f 2043 2030 2031
f 2043 2038 2030
f 2033 2041 2043
f 2033 2043 2031
f 2033 2035 2039
f 2033 2039 2041
f 2046 2045 2048
f 2047 2046 2048
f 2047 2048 2050
f 2049 2047 2050
f 2049 2050 2052
f 2051 2049 2052
f 2051 2052 2045
f 2046 2051 2045
f 2054 2053 2056
f 2055 2054 2056
f 2055 2056 2058
f 2057 2055 2058
f 2057 2058 2060
f 2059 2057 2060
f 2059 2060 2053
f 2054 2059 2053
f 2045 2053 2048
f 2048 2053 2060
f 2053 2045 2052
f 2053 2052 2056
f 2058 2056 2050
f 2060 2058 2050
f 2048 2060 2050
f 2056 2052 2050
f 2047 2054 2046
f 2059 2054 2047
f 2051 2046 2054
f 2055 2051 2054
f 2049 2055 2057
f 2049 2057 2059
f 2049 2059 2047
f 2049 2051 2055
o windows_63766_Round_with_Trim:20"_Diameter_3
v -411198.5133 -270530.5085 61.7947
v -411198.4955 -270530.5018 61.7947
v -411198.4962 -270530.4999 61.7507
v -411198.4983 -270530.4944 61.7070
v -411198.5018 -270530.4852 61.6641
v -411198.5066 -270530.4725 61.6222
v -411198.5127 -270530.4563 61.5817
v -411198.5201 -270530.4368 61.5429
v -411198.5287 -270530.4141 61.5061
v -411198.5384 -270530.3884 61.4717
v -411198.5492 -270530.3599 61.4398
v -411198.5610 -270530.3289 61.4109
v -411198.5736 -270530.2956 61.3850
v -411198.5870 -270530.2602 61.3624
v -411198.6010 -270530.2231 61.3433
v -411198.6156 -270530.1845 61.3278
v -411198.6307 -270530.1448 61.3161
v -411198.6460 -270530.1043 61.3082
v -411198.6616 -270530.0632 61.3042
v -411198.6772 -270530.0220 61.3042
v -411198.6927 -270529.9810 61.3082
v -411198.7080 -270529.9405 61.3161
v -411198.7231 -270529.9008 61.3278
v -411198.7377 -270529.8622 61.3433
v -411198.7517 -270529.8251 61.3624
v -411198.7651 -270529.7897 61.3850
v -411198.7778 -270529.7564 61.4109
v -411198.7895 -270529.7253 61.4398
v -411198.8003 -270529.6969 61.4717
v -411198.8100 -270529.6712 61.5061
v -411198.8186 -270529.6485 61.5429
v -411198.8260 -270529.6290 61.5817
v -411198.8321 -270529.6128 61.6222
v -411198.8369 -270529.6000 61.6641
v -411198.8404 -270529.5909 61.7070
v -411198.8425 -270529.5853 61.7507
v -411198.8432 -270529.5835 61.7947
v -411198.8425 -270529.5853 61.8387
v -411198.8404 -270529.5909 61.8824
v -411198.8369 -270529.6000 61.9253
v -411198.8321 -270529.6128 61.9672
v -411198.8260 -270529.6290 62.0077
v -411198.8186 -270529.6485 62.0465
v -411198.8100 -270529.6712 62.0833
v -411198.8003 -270529.6969 62.1177
v -411198.7895 -270529.7253 62.1496
v -411198.7778 -270529.7564 62.1785
v -411198.7651 -270529.7897 62.2044
v -411198.7517 -270529.8251 62.2270
v -411198.7377 -270529.8622 62.2461
v -411198.7231 -270529.9008 62.2616
v -411198.7080 -270529.9405 62.2733
v -411198.6927 -270529.9810 62.2812
v -411198.6772 -270530.0220 62.2852
v -411198.6616 -270530.0632 62.2852
v -411198.6460 -270530.1043 62.2812
v -411198.6307 -270530.1448 62.2733
v -411198.6156 -270530.1845 62.2616
v -411198.6010 -270530.2231 62.2461
v -411198.5870 -270530.2602 62.2270
v -411198.5736 -270530.2956 62.2044
v -411198.5610 -270530.3289 62.1785
v -411198.5492 -270530.3599 62.1496
v -411198.5384 -270530.3884 62.1177
v -411198.5287 -270530.4141 62.0833
v -411198.5201 -270530.4368 62.0465
v -411198.5127 -270530.4563 62.0077
v -411198.5066 -270530.4725 61.9672
v -411198.5018 -270530.4852 61.9253
v -411198.4983 -270530.4944 61.8824
v -411198.4962 -270530.4999 61.8387
v -411198.5140 -270530.5067 61.7507
v -411198.5161 -270530.5011 61.7070
v -411198.5196 -270530.4920 61.6641
v -411198.5244 -270530.4792 61.6222
v -411198.5305 -270530.4630 61.5817
v -411198.5379 -270530.4435 61.5429
v -411198.5465 -270530.4208 61.5061
v -411198.5562 -270530.3951 61.4717
v -411198.5670 -270530.3667 61.4398
v -411198.5788 -270530.3356 61.4109
v -411198.5914 -270530.3023 61.3850
v -411198.6048 -270530.2670 61.3624
v -411198.6188 -270530.2298 61.3433
v -411198.6334 -270530.1913 61.3278
v -411198.6485 -270530.1515 61.3161
v -411198.6638 -270530.1110 61.3082
v -411198.6794 -270530.0700 61.3042
v -411198.6950 -270530.0288 61.3042
v -411198.7105 -270529.9878 61.3082
v -411198.7259 -270529.9472 61.3161
v -411198.7409 -270529.9075 61.3278
v -411198.7555 -270529.8689 61.3433
v -411198.7696 -270529.8318 61.3624
v -411198.7829 -270529.7964 61.3850
v -411198.7956 -270529.7631 61.4109
v -411198.8073 -270529.7321 61.4398
v -411198.8181 -270529.7036 61.4717
v -411198.8278 -270529.6779 61.5061
v -411198.8364 -270529.6552 61.5429
v -411198.8438 -270529.6357 61.5817
v -411198.8499 -270529.6195 61.6222
v -411198.8548 -270529.6068 61.6641
v -411198.8582 -270529.5976 61.7070
v -411198.8603 -270529.5921 61.7507
v -411198.8610 -270529.5902 61.7947
v -411198.8603 -270529.5921 61.8387
v -411198.8582 -270529.5976 61.8824
v -411198.8548 -270529.6068 61.9253
v -411198.8499 -270529.6195 61.9672
v -411198.8438 -270529.6357 62.0077
v -411198.8364 -270529.6552 62.0465
v -411198.8278 -270529.6779 62.0833
v -411198.8181 -270529.7036 62.1177
v -411198.8073 -270529.7321 62.1496
v -411198.7956 -270529.7631 62.1785
v -411198.7829 -270529.7964 62.2044
v -411198.7696 -270529.8318 62.2270
v -411198.7555 -270529.8689 62.2461
v -411198.7409 -270529.9075 62.2616
v -411198.7259 -270529.9472 62.2733
v -411198.7105 -270529.9878 62.2812
v -411198.6950 -270530.0288 62.2852
v -411198.6794 -270530.0700 62.2852
v -411198.6638 -270530.1110 62.2812
v -411198.6485 -270530.1515 62.2733
v -411198.6334 -270530.1913 62.2616
v -411198.6188 -270530.2298 62.2461
v -411198.6048 -270530.2670 62.2270
v -411198.5914 -270530.3023 62.2044
v -411198.5788 -270530.3356 62.1785
v -411198.5670 -270530.3667 62.1496
v -411198.5562 -270530.3951 62.1177
v -411198.5465 -270530.4208 62.0833
v -411198.5379 -270530.4435 62.0465
v -411198.5305 -270530.4630 62.0077
v -411198.5244 -270530.4792 61.9672
v -411198.5196 -270530.4920 61.9253
v -411198.5161 -270530.5011 61.8824
v -411198.5140 -270530.5067 61.8387
v -411198.5169 -270530.4992 61.7947
v -411198.4990 -270530.4924 61.7947
v -411198.4998 -270530.4906 61.7510
v -411198.5019 -270530.4850 61.7076
v -411198.5054 -270530.4757 61.6649
v -411198.5102 -270530.4629 61.6234
v -411198.5164 -270530.4466 61.5832
v -411198.5238 -270530.4269 61.5448
v -411198.5325 -270530.4041 61.5085
v -411198.5423 -270530.3783 61.4745
v -411198.5531 -270530.3496 61.4432
v -411198.5649 -270530.3185 61.4148
v -411198.5776 -270530.2850 61.3896
v -411198.5910 -270530.2496 61.3677
v -411198.6051 -270530.2124 61.3493
v -411198.6197 -270530.1738 61.3347
v -411198.6347 -270530.1341 61.3238
v -411198.6500 -270530.0937 61.3169
v -411198.6655 -270530.0529 61.3139
v -411198.6810 -270530.0119 61.3149
v -411198.6964 -270529.9713 61.3198
v -411198.7116 -270529.9312 61.3288
v -411198.7264 -270529.8920 61.3415
v -411198.7407 -270529.8541 61.3580
v -411198.7545 -270529.8177 61.3782
v -411198.7676 -270529.7833 61.4018
v -411198.7798 -270529.7509 61.4286
v -411198.7911 -270529.7210 61.4585
v -411198.8015 -270529.6937 61.4912
v -411198.8107 -270529.6694 61.5264
v -411198.8188 -270529.6481 61.5638
v -411198.8256 -270529.6301 61.6031
v -411198.8311 -270529.6155 61.6440
v -411198.8353 -270529.6045 61.6862
v -411198.8381 -270529.5970 61.7292
v -411198.8395 -270529.5933 61.7728
v -411198.8395 -270529.5933 61.8166
v -411198.8381 -270529.5970 61.8602
v -411198.8353 -270529.6045 61.9032
v -411198.8311 -270529.6155 61.9454
v -411198.8256 -270529.6301 61.9863
v -411198.8188 -270529.6481 62.0256
v -411198.8107 -270529.6694 62.0630
v -411198.8015 -270529.6937 62.0982
v -411198.7911 -270529.7210 62.1309
v -411198.7798 -270529.7509 62.1608
v -411198.7676 -270529.7833 62.1876
v -411198.7545 -270529.8177 62.2112
v -411198.7407 -270529.8541 62.2314
v -411198.7264 -270529.8920 62.2479
v -411198.7116 -270529.9312 62.2606
v -411198.6964 -270529.9713 62.2696
v -411198.6810 -270530.0119 62.2745
v -411198.6655 -270530.0529 62.2755
v -411198.6500 -270530.0937 62.2725
v -411198.6347 -270530.1341 62.2656
v -411198.6197 -270530.1738 62.2547
v -411198.6051 -270530.2124 62.2401
v -411198.5910 -270530.2496 62.2217
v -411198.5776 -270530.2850 62.1998
v -411198.5649 -270530.3185 62.1746
v -411198.5531 -270530.3496 62.1462
v -411198.5423 -270530.3783 62.1149
v -411198.5325 -270530.4041 62.0809
v -411198.5238 -270530.4269 62.0446
v -411198.5164 -270530.4466 62.0062
v -411198.5102 -270530.4629 61.9660
v -411198.5054 -270530.4757 61.9245
v -411198.5019 -270530.4850 61.8818
v -411198.4998 -270530.4906 61.8384
v -411198.5176 -270530.4973 61.7510
v -411198.5197 -270530.4917 61.7076
v -411198.5232 -270530.4825 61.6649
v -411198.5280 -270530.4697 61.6234
v -411198.5342 -270530.4533 61.5832
v -411198.5417 -270530.4337 61.5448
v -411198.5503 -270530.4108 61.5085
v -411198.5601 -270530.3850 61.4745
v -411198.5709 -270530.3564 61.4432
v -411198.5827 -270530.3252 61.4148
v -411198.5954 -270530.2918 61.3896
v -411198.6088 -270530.2563 61.3677
v -411198.6229 -270530.2191 61.3493
v -411198.6375 -270530.1806 61.3347
v -411198.6525 -270530.1409 61.3238
v -411198.6678 -270530.1005 61.3169
v -411198.6833 -270530.0596 61.3139
v -411198.6988 -270530.0187 61.3149
v -411198.7142 -270529.9780 61.3198
v -411198.7294 -270529.9379 61.3288
v -411198.7442 -270529.8988 61.3415
v -411198.7586 -270529.8608 61.3580
v -411198.7723 -270529.8245 61.3782
v -411198.7854 -270529.7900 61.4018
v -411198.7976 -270529.7577 61.4286
v -411198.8090 -270529.7277 61.4585
v -411198.8193 -270529.7005 61.4912
v -411198.8285 -270529.6761 61.5264
v -411198.8366 -270529.6548 61.5638
v -411198.8434 -270529.6368 61.6031
v -411198.8489 -270529.6222 61.6440
v -411198.8531 -270529.6112 61.6862
v -411198.8559 -270529.6038 61.7292
v -411198.8573 -270529.6001 61.7728
v -411198.8573 -270529.6001 61.8166
v -411198.8559 -270529.6038 61.8602
v -411198.8531 -270529.6112 61.9032
v -411198.8489 -270529.6222 61.9454
v -411198.8434 -270529.6368 61.9863
v -411198.8366 -270529.6548 62.0256
v -411198.8285 -270529.6761 62.0630
v -411198.8193 -270529.7005 62.0982
v -411198.8090 -270529.7277 62.1309
v -411198.7976 -270529.7577 62.1608
v -411198.7854 -270529.7900 62.1876
v -411198.7723 -270529.8245 62.2112
v -411198.7586 -270529.8608 62.2314
v -411198.7442 -270529.8988 62.2479
v -411198.7294 -270529.9379 62.2606
v -411198.7142 -270529.9780 62.2696
v -411198.6988 -270530.0187 62.2745
v -411198.6833 -270530.0596 62.2755
v -411198.6678 -270530.1005 62.2725
v -411198.6525 -270530.1409 62.2656
v -411198.6375 -270530.1806 62.2547
v -411198.6229 -270530.2191 62.2401
v -411198.6088 -270530.2563 62.2217
v -411198.5954 -270530.2918 62.1998
v -411198.5827 -270530.3252 62.1746
v -411198.5709 -270530.3564 62.1462
v -411198.5601 -270530.3850 62.1149
v -411198.5503 -270530.4108 62.0809
v -411198.5417 -270530.4337 62.0446
v -411198.5342 -270530.4533 62.0062
v -411198.5280 -270530.4697 61.9660
v -411198.5232 -270530.4825 61.9245
v -411198.5197 -270530.4917 61.8818
v -411198.5176 -270530.4973 61.8384
v -411198.3085 -270530.4309 61.7947
v -411198.2966 -270530.4265 61.7947
v -411198.2973 -270530.4246 61.7507
v -411198.2994 -270530.4191 61.7070
v -411198.3029 -270530.4099 61.6641
v -411198.3077 -270530.3972 61.6222
v -411198.3138 -270530.3810 61.5817
v -411198.3212 -270530.3615 61.5429
v -411198.3298 -270530.3388 61.5061
v -411198.3395 -270530.3131 61.4717
v -411198.3503 -270530.2846 61.4398
v -411198.3620 -270530.2536 61.4109
v -411198.3747 -270530.2203 61.3850
v -411198.3881 -270530.1849 61.3624
v -411198.4021 -270530.1478 61.3433
v -411198.4167 -270530.1092 61.3278
v -411198.4318 -270530.0695 61.3161
v -411198.4471 -270530.0289 61.3082
v -411198.4626 -270529.9879 61.3042
v -411198.4782 -270529.9467 61.3042
v -411198.4938 -270529.9057 61.3082
v -411198.5091 -270529.8651 61.3161
v -411198.5242 -270529.8254 61.3278
v -411198.5388 -270529.7869 61.3433
v -411198.5528 -270529.7497 61.3624
v -411198.5662 -270529.7144 61.3850
v -411198.5788 -270529.6810 61.4109
v -411198.5906 -270529.6500 61.4398
v -411198.6014 -270529.6216 61.4717
v -411198.6111 -270529.5959 61.5061
v -411198.6197 -270529.5732 61.5429
v -411198.6271 -270529.5536 61.5817
v -411198.6332 -270529.5375 61.6222
v -411198.6380 -270529.5247 61.6641
v -411198.6415 -270529.5156 61.7070
v -411198.6436 -270529.5100 61.7507
v -411198.6443 -270529.5082 61.7947
v -411198.6436 -270529.5100 61.8387
v -411198.6415 -270529.5156 61.8824
v -411198.6380 -270529.5247 61.9253
v -411198.6332 -270529.5375 61.9672
v -411198.6271 -270529.5536 62.0077
v -411198.6197 -270529.5732 62.0465
v -411198.6111 -270529.5959 62.0833
v -411198.6014 -270529.6216 62.1177
v -411198.5906 -270529.6500 62.1496
v -411198.5788 -270529.6810 62.1785
v -411198.5662 -270529.7144 62.2044
v -411198.5528 -270529.7497 62.2270
v -411198.5388 -270529.7869 62.2461
v -411198.5242 -270529.8254 62.2616
v -411198.5091 -270529.8651 62.2733
v -411198.4938 -270529.9057 62.2812
v -411198.4782 -270529.9467 62.2852
v -411198.4626 -270529.9879 62.2852
v -411198.4471 -270530.0289 62.2812
v -411198.4318 -270530.0695 62.2733
v -411198.4167 -270530.1092 62.2616
v -411198.4021 -270530.1478 62.2461
v -411198.3881 -270530.1849 62.2270
v -411198.3747 -270530.2203 62.2044
v -411198.3620 -270530.2536 62.1785
v -411198.3503 -270530.2846 62.1496
v -411198.3395 -270530.3131 62.1177
v -411198.3298 -270530.3388 62.0833
v -411198.3212 -270530.3615 62.0465
v -411198.3138 -270530.3810 62.0077
v -411198.3077 -270530.3972 61.9672
v -411198.3029 -270530.4099 61.9253
v -411198.2994 -270530.4191 61.8824
v -411198.2973 -270530.4246 61.8387
v -411198.3092 -270530.4291 61.7507
v -411198.3113 -270530.4236 61.7070
v -411198.3147 -270530.4144 61.6641
v -411198.3195 -270530.4017 61.6222
v -411198.3257 -270530.3855 61.5817
v -411198.3331 -270530.3660 61.5429
v -411198.3417 -270530.3433 61.5061
v -411198.3514 -270530.3176 61.4717
v -411198.3622 -270530.2891 61.4398
v -411198.3739 -270530.2581 61.4109
v -411198.3865 -270530.2247 61.3850
v -411198.3999 -270530.1894 61.3624
v -411198.4140 -270530.1523 61.3433
v -411198.4286 -270530.1137 61.3278
v -411198.4436 -270530.0740 61.3161
v -411198.4590 -270530.0334 61.3082
v -411198.4745 -270529.9924 61.3042
v -411198.4901 -270529.9512 61.3042
v -411198.5057 -270529.9102 61.3082
v -411198.5210 -270529.8696 61.3161
v -411198.5360 -270529.8299 61.3278
v -411198.5506 -270529.7914 61.3433
v -411198.5647 -270529.7542 61.3624
v -411198.5781 -270529.7189 61.3850
v -411198.5907 -270529.6855 61.4109
v -411198.6025 -270529.6545 61.4398
v -411198.6132 -270529.6260 61.4717
v -411198.6230 -270529.6004 61.5061
v -411198.6316 -270529.5777 61.5429
v -411198.6390 -270529.5581 61.5817
v -411198.6451 -270529.5420 61.6222
v -411198.6499 -270529.5292 61.6641
v -411198.6534 -270529.5201 61.7070
v -411198.6555 -270529.5145 61.7507
v -411198.6562 -270529.5127 61.7947
v -411198.6555 -270529.5145 61.8387
v -411198.6534 -270529.5201 61.8824
v -411198.6499 -270529.5292 61.9253
v -411198.6451 -270529.5420 61.9672
v -411198.6390 -270529.5581 62.0077
v -411198.6316 -270529.5777 62.0465
v -411198.6230 -270529.6004 62.0833
v -411198.6132 -270529.6260 62.1177
v -411198.6025 -270529.6545 62.1496
v -411198.5907 -270529.6855 62.1785
v -411198.5781 -270529.7189 62.2044
v -411198.5647 -270529.7542 62.2270
v -411198.5506 -270529.7914 62.2461
v -411198.5360 -270529.8299 62.2616
v -411198.5210 -270529.8696 62.2733
v -411198.5057 -270529.9102 62.2812
v -411198.4901 -270529.9512 62.2852
v -411198.4745 -270529.9924 62.2852
v -411198.4590 -270530.0334 62.2812
v -411198.4436 -270530.0740 62.2733
v -411198.4286 -270530.1137 62.2616
v -411198.4140 -270530.1523 62.2461
v -411198.3999 -270530.1894 62.2270
v -411198.3865 -270530.2247 62.2044
v -411198.3739 -270530.2581 62.1785
v -411198.3622 -270530.2891 62.1496
v -411198.3514 -270530.3176 62.1177
v -411198.3417 -270530.3433 62.0833
v -411198.3331 -270530.3660 62.0465
v -411198.3257 -270530.3855 62.0077
v -411198.3195 -270530.4017 61.9672
v -411198.3147 -270530.4144 61.9253
v -411198.3113 -270530.4236 61.8824
v -411198.3092 -270530.4291 61.8387
v -411198.3120 -270530.4216 61.7947
v -411198.3001 -270530.4171 61.7947
v -411198.3008 -270530.4152 61.7510
v -411198.3029 -270530.4097 61.7076
v -411198.3064 -270530.4004 61.6649
v -411198.3113 -270530.3876 61.6234
v -411198.3175 -270530.3713 61.5832
v -411198.3249 -270530.3516 61.5448
v -411198.3336 -270530.3288 61.5085
v -411198.3434 -270530.3029 61.4745
v -411198.3542 -270530.2743 61.4432
v -411198.3660 -270530.2432 61.4148
v -411198.3787 -270530.2097 61.3896
v -411198.3921 -270530.1742 61.3677
v -411198.4062 -270530.1371 61.3493
v -411198.4208 -270530.0985 61.3347
v -411198.4358 -270530.0588 61.3238
v -411198.4511 -270530.0184 61.3169
v -411198.4666 -270529.9776 61.3139
v -411198.4821 -270529.9366 61.3149
v -411198.4975 -270529.8959 61.3198
v -411198.5126 -270529.8559 61.3288
v -411198.5275 -270529.8167 61.3415
v -411198.5418 -270529.7788 61.3580
v -411198.5556 -270529.7424 61.3782
v -411198.5687 -270529.7079 61.4018
v -411198.5809 -270529.6756 61.4286
v -411198.5922 -270529.6457 61.4585
v -411198.6026 -270529.6184 61.4912
v -411198.6118 -270529.5940 61.5264
v -411198.6198 -270529.5728 61.5638
v -411198.6267 -270529.5548 61.6031
v -411198.6322 -270529.5402 61.6440
v -411198.6364 -270529.5291 61.6862
v -411198.6392 -270529.5217 61.7292
v -411198.6406 -270529.5180 61.7728
v -411198.6406 -270529.5180 61.8166
v -411198.6392 -270529.5217 61.8602
v -411198.6364 -270529.5291 61.9032
v -411198.6322 -270529.5402 61.9454
v -411198.6267 -270529.5548 61.9863
v -411198.6198 -270529.5728 62.0256
v -411198.6118 -270529.5940 62.0630
v -411198.6026 -270529.6184 62.0982
v -411198.5922 -270529.6457 62.1309
v -411198.5809 -270529.6756 62.1608
v -411198.5687 -270529.7079 62.1876
v -411198.5556 -270529.7424 62.2112
v -411198.5418 -270529.7788 62.2314
v -411198.5275 -270529.8167 62.2479
v -411198.5126 -270529.8559 62.2606
v -411198.4975 -270529.8959 62.2696
v -411198.4821 -270529.9366 62.2745
v -411198.4666 -270529.9776 62.2755
v -411198.4511 -270530.0184 62.2725
v -411198.4358 -270530.0588 62.2656
v -411198.4208 -270530.0985 62.2547
v -411198.4062 -270530.1371 62.2401
v -411198.3921 -270530.1742 62.2217
v -411198.3787 -270530.2097 62.1998
v -411198.3660 -270530.2432 62.1746
v -411198.3542 -270530.2743 62.1462
v -411198.3434 -270530.3029 62.1149
v -411198.3336 -270530.3288 62.0809
v -411198.3249 -270530.3516 62.0446
v -411198.3175 -270530.3713 62.0062
v -411198.3113 -270530.3876 61.9660
v -411198.3064 -270530.4004 61.9245
v -411198.3029 -270530.4097 61.8818
v -411198.3008 -270530.4152 61.8384
v -411198.3127 -270530.4197 61.7510
v -411198.3148 -270530.4142 61.7076
v -411198.3183 -270530.4049 61.6649
v -411198.3232 -270530.3921 61.6234
v -411198.3294 -270530.3758 61.5832
v -411198.3368 -270530.3561 61.5448
v -411198.3454 -270530.3333 61.5085
v -411198.3552 -270530.3074 61.4745
v -411198.3661 -270530.2788 61.4432
v -411198.3779 -270530.2477 61.4148
v -411198.3905 -270530.2142 61.3896
v -411198.4040 -270530.1787 61.3677
v -411198.4180 -270530.1416 61.3493
v -411198.4326 -270530.1030 61.3347
v -411198.4477 -270530.0633 61.3238
v -411198.4630 -270530.0229 61.3169
v -411198.4784 -270529.9821 61.3139
v -411198.4939 -270529.9411 61.3149
v -411198.5093 -270529.9004 61.3198
v -411198.5245 -270529.8604 61.3288
v -411198.5394 -270529.8212 61.3415
v -411198.5537 -270529.7833 61.3580
v -411198.5675 -270529.7469 61.3782
v -411198.5805 -270529.7124 61.4018
v -411198.5928 -270529.6801 61.4286
v -411198.6041 -270529.6502 61.4585
v -411198.6144 -270529.6229 61.4912
v -411198.6237 -270529.5985 61.5264
v -411198.6317 -270529.5773 61.5638
v -411198.6385 -270529.5593 61.6031
v -411198.6441 -270529.5447 61.6440
v -411198.6482 -270529.5336 61.6862
v -411198.6510 -270529.5262 61.7292
v -411198.6525 -270529.5225 61.7728
v -411198.6525 -270529.5225 61.8166
v -411198.6510 -270529.5262 61.8602
v -411198.6482 -270529.5336 61.9032
v -411198.6441 -270529.5447 61.9454
v -411198.6385 -270529.5593 61.9863
v -411198.6317 -270529.5773 62.0256
v -411198.6237 -270529.5985 62.0630
v -411198.6144 -270529.6229 62.0982
v -411198.6041 -270529.6502 62.1309
v -411198.5928 -270529.6801 62.1608
v -411198.5805 -270529.7124 62.1876
v -411198.5675 -270529.7469 62.2112
v -411198.5537 -270529.7833 62.2314
v -411198.5394 -270529.8212 62.2479
v -411198.5245 -270529.8604 62.2606
v -411198.5093 -270529.9004 62.2696
v -411198.4939 -270529.9411 62.2745
v -411198.4784 -270529.9821 62.2755
v -411198.4630 -270530.0229 62.2725
v -411198.4477 -270530.0633 62.2656
v -411198.4326 -270530.1030 62.2547
v -411198.4180 -270530.1416 62.2401
v -411198.4040 -270530.1787 62.2217
v -411198.3905 -270530.2142 62.1998
v -411198.3779 -270530.2477 62.1746
v -411198.3661 -270530.2788 62.1462
v -411198.3552 -270530.3074 62.1149
v -411198.3454 -270530.3333 62.0809
v -411198.3368 -270530.3561 62.0446
v -411198.3294 -270530.3758 62.0062
v -411198.3232 -270530.3921 61.9660
v -411198.3183 -270530.4049 61.9245
v -411198.3148 -270530.4142 61.8818
v -411198.3127 -270530.4197 61.8384
v -411198.3603 -270530.4195 61.7947
v -411198.3484 -270530.4150 61.7947
v -411198.3491 -270530.4132 61.7521
v -411198.3512 -270530.4077 61.7098
v -411198.3547 -270530.3985 61.6683
v -411198.3595 -270530.3859 61.6278
v -411198.3656 -270530.3697 61.5888
v -411198.3729 -270530.3503 61.5515
v -411198.3815 -270530.3278 61.5163
v -411198.3911 -270530.3023 61.4835
v -411198.4018 -270530.2741 61.4534
v -411198.4134 -270530.2434 61.4261
v -411198.4259 -270530.2105 61.4020
v -411198.4391 -270530.1756 61.3812
v -411198.4529 -270530.1391 61.3640
v -411198.4672 -270530.1013 61.3504
v -411198.4820 -270530.0624 61.3407
v -411198.4969 -270530.0229 61.3348
v -411198.5120 -270529.9831 61.3328
v -411198.5271 -270529.9432 61.3348
v -411198.5421 -270529.9037 61.3407
v -411198.5568 -270529.8648 61.3504
v -411198.5711 -270529.8270 61.3640
v -411198.5849 -270529.7905 61.3812
v -411198.5981 -270529.7557 61.4020
v -411198.6106 -270529.7227 61.4261
v -411198.6222 -270529.6920 61.4534
v -411198.6329 -270529.6638 61.4835
v -411198.6425 -270529.6383 61.5163
v -411198.6511 -270529.6158 61.5515
v -411198.6584 -270529.5964 61.5888
v -411198.6645 -270529.5803 61.6278
v -411198.6693 -270529.5676 61.6683
v -411198.6728 -270529.5584 61.7098
v -411198.6749 -270529.5529 61.7521
v -411198.6756 -270529.5511 61.7947
v -411198.6749 -270529.5529 61.8373
v -411198.6728 -270529.5584 61.8796
v -411198.6693 -270529.5676 61.9211
v -411198.6645 -270529.5803 61.9616
v -411198.6584 -270529.5964 62.0006
v -411198.6511 -270529.6158 62.0379
v -411198.6425 -270529.6383 62.0731
v -411198.6329 -270529.6638 62.1059
v -411198.6222 -270529.6920 62.1360
v -411198.6106 -270529.7227 62.1633
v -411198.5981 -270529.7557 62.1874
v -411198.5849 -270529.7905 62.2082
v -411198.5711 -270529.8270 62.2254
v -411198.5568 -270529.8648 62.2390
v -411198.5421 -270529.9037 62.2487
v -411198.5271 -270529.9432 62.2546
v -411198.5120 -270529.9831 62.2566
v -411198.4969 -270530.0229 62.2546
v -411198.4820 -270530.0624 62.2487
v -411198.4672 -270530.1013 62.2390
v -411198.4529 -270530.1391 62.2254
v -411198.4391 -270530.1756 62.2082
v -411198.4259 -270530.2105 62.1874
v -411198.4134 -270530.2434 62.1633
v -411198.4018 -270530.2741 62.1360
v -411198.3911 -270530.3023 62.1059
v -411198.3815 -270530.3278 62.0731
v -411198.3729 -270530.3503 62.0379
v -411198.3656 -270530.3697 62.0006
v -411198.3595 -270530.3859 61.9616
v -411198.3547 -270530.3985 61.9211
v -411198.3512 -270530.4077 61.8796
v -411198.3491 -270530.4132 61.8373
v -411198.3610 -270530.4177 61.7521
v -411198.3631 -270530.4122 61.7098
v -411198.3666 -270530.4030 61.6683
v -411198.3714 -270530.3904 61.6278
v -411198.3775 -270530.3742 61.5888
v -411198.3848 -270530.3548 61.5515
v -411198.3934 -270530.3323 61.5163
v -411198.4030 -270530.3068 61.4835
v -411198.4137 -270530.2786 61.4534
v -411198.4253 -270530.2479 61.4261
v -411198.4378 -270530.2150 61.4020
v -411198.4510 -270530.1801 61.3812
v -411198.4648 -270530.1436 61.3640
v -411198.4791 -270530.1058 61.3504
v -411198.4938 -270530.0669 61.3407
v -411198.5088 -270530.0274 61.3348
v -411198.5239 -270529.9876 61.3328
v -411198.5390 -270529.9477 61.3348
v -411198.5539 -270529.9082 61.3407
v -411198.5686 -270529.8693 61.3504
v -411198.5830 -270529.8315 61.3640
v -411198.5968 -270529.7950 61.3812
v -411198.6100 -270529.7602 61.4020
v -411198.6225 -270529.7272 61.4261
v -411198.6341 -270529.6965 61.4534
v -411198.6448 -270529.6683 61.4835
v -411198.6544 -270529.6428 61.5163
v -411198.6630 -270529.6203 61.5515
v -411198.6703 -270529.6009 61.5888
v -411198.6764 -270529.5848 61.6278
v -411198.6812 -270529.5721 61.6683
v -411198.6847 -270529.5629 61.7098
v -411198.6868 -270529.5574 61.7521
v -411198.6875 -270529.5556 61.7947
v -411198.6868 -270529.5574 61.8373
v -411198.6847 -270529.5629 61.8796
v -411198.6812 -270529.5721 61.9211
v -411198.6764 -270529.5848 61.9616
v -411198.6703 -270529.6009 62.0006
v -411198.6630 -270529.6203 62.0379
v -411198.6544 -270529.6428 62.0731
v -411198.6448 -270529.6683 62.1059
v -411198.6341 -270529.6965 62.1360
v -411198.6225 -270529.7272 62.1633
v -411198.6100 -270529.7602 62.1874
v -411198.5968 -270529.7950 62.2082
v -411198.5830 -270529.8315 62.2254
v -411198.5686 -270529.8693 62.2390
v -411198.5539 -270529.9082 62.2487
v -411198.5390 -270529.9477 62.2546
v -411198.5239 -270529.9876 62.2566
v -411198.5088 -270530.0274 62.2546
v -411198.4938 -270530.0669 62.2487
v -411198.4791 -270530.1058 62.2390
v -411198.4648 -270530.1436 62.2254
v -411198.4510 -270530.1801 62.2082
v -411198.4378 -270530.2150 62.1874
v -411198.4253 -270530.2479 62.1633
v -411198.4137 -270530.2786 62.1360
v -411198.4030 -270530.3068 62.1059
v -411198.3934 -270530.3323 62.0731
v -411198.3848 -270530.3548 62.0379
v -411198.3775 -270530.3742 62.0006
v -411198.3714 -270530.3904 61.9616
v -411198.3666 -270530.4030 61.9211
v -411198.3631 -270530.4122 61.8796
v -411198.3610 -270530.4177 61.8373
v -411198.3773 -270530.4463 61.7947
v -411198.3298 -270530.4283 61.7947
v -411198.3305 -270530.4265 61.7510
v -411198.3326 -270530.4209 61.7076
v -411198.3361 -270530.4117 61.6649
v -411198.3410 -270530.3988 61.6234
v -411198.3472 -270530.3825 61.5832
v -411198.3546 -270530.3629 61.5448
v -411198.3633 -270530.3400 61.5085
v -411198.3730 -270530.3142 61.4745
v -411198.3839 -270530.2856 61.4432
v -411198.3957 -270530.2544 61.4148
v -411198.4084 -270530.2209 61.3896
v -411198.4218 -270530.1855 61.3677
v -411198.4359 -270530.1483 61.3493
v -411198.4505 -270530.1097 61.3347
v -411198.4655 -270530.0701 61.3238
v -411198.4808 -270530.0296 61.3169
v -411198.4963 -270529.9888 61.3139
v -411198.5118 -270529.9479 61.3149
v -411198.5272 -270529.9072 61.3198
v -411198.5423 -270529.8671 61.3288
v -411198.5572 -270529.8279 61.3415
v -411198.5715 -270529.7900 61.3580
v -411198.5853 -270529.7537 61.3782
v -411198.5983 -270529.7192 61.4018
v -411198.6106 -270529.6868 61.4286
v -411198.6219 -270529.6569 61.4585
v -411198.6322 -270529.6297 61.4912
v -411198.6415 -270529.6053 61.5264
v -411198.6495 -270529.5840 61.5638
v -411198.6563 -270529.5660 61.6031
v -411198.6619 -270529.5514 61.6440
v -411198.6661 -270529.5404 61.6862
v -411198.6689 -270529.5330 61.7292
v -411198.6703 -270529.5292 61.7728
v -411198.6703 -270529.5292 61.8166
v -411198.6689 -270529.5330 61.8602
v -411198.6661 -270529.5404 61.9032
v -411198.6619 -270529.5514 61.9454
v -411198.6563 -270529.5660 61.9863
v -411198.6495 -270529.5840 62.0256
v -411198.6415 -270529.6053 62.0630
v -411198.6322 -270529.6297 62.0982
v -411198.6219 -270529.6569 62.1309
v -411198.6106 -270529.6868 62.1608
v -411198.5983 -270529.7192 62.1876
v -411198.5853 -270529.7537 62.2112
v -411198.5715 -270529.7900 62.2314
v -411198.5572 -270529.8279 62.2479
v -411198.5423 -270529.8671 62.2606
v -411198.5272 -270529.9072 62.2696
v -411198.5118 -270529.9479 62.2745
v -411198.4963 -270529.9888 62.2755
v -411198.4808 -270530.0296 62.2725
v -411198.4655 -270530.0701 62.2656
v -411198.4505 -270530.1097 62.2547
v -411198.4359 -270530.1483 62.2401
v -411198.4218 -270530.1855 62.2217
v -411198.4084 -270530.2209 62.1998
v -411198.3957 -270530.2544 62.1746
v -411198.3839 -270530.2856 62.1462
v -411198.3730 -270530.3142 62.1149
v -411198.3633 -270530.3400 62.0809
v -411198.3546 -270530.3629 62.0446
v -411198.3472 -270530.3825 62.0062
v -411198.3410 -270530.3988 61.9660
v -411198.3361 -270530.4117 61.9245
v -411198.3326 -270530.4209 61.8818
v -411198.3305 -270530.4265 61.8384
v -411198.3780 -270530.4445 61.7510
v -411198.3801 -270530.4389 61.7076
v -411198.3836 -270530.4297 61.6649
v -411198.3885 -270530.4168 61.6234
v -411198.3947 -270530.4005 61.5832
v -411198.4021 -270530.3809 61.5448
v -411198.4108 -270530.3580 61.5085
v -411198.4206 -270530.3322 61.4745
v -411198.4314 -270530.3035 61.4432
v -411198.4432 -270530.2724 61.4148
v -411198.4559 -270530.2389 61.3896
v -411198.4693 -270530.2035 61.3677
v -411198.4834 -270530.1663 61.3493
v -411198.4980 -270530.1277 61.3347
v -411198.5130 -270530.0881 61.3238
v -411198.5283 -270530.0476 61.3169
v -411198.5438 -270530.0068 61.3139
v -411198.5593 -270529.9659 61.3149
v -411198.5747 -270529.9252 61.3198
v -411198.5898 -270529.8851 61.3288
v -411198.6047 -270529.8459 61.3415
v -411198.6190 -270529.8080 61.3580
v -411198.6328 -270529.7717 61.3782
v -411198.6459 -270529.7372 61.4018
v -411198.6581 -270529.7048 61.4286
v -411198.6694 -270529.6749 61.4585
v -411198.6798 -270529.6476 61.4912
v -411198.6890 -270529.6233 61.5264
v -411198.6970 -270529.6020 61.5638
v -411198.7039 -270529.5840 61.6031
v -411198.7094 -270529.5694 61.6440
v -411198.7136 -270529.5584 61.6862
v -411198.7164 -270529.5510 61.7292
v -411198.7178 -270529.5472 61.7728
v -411198.7178 -270529.5472 61.8166
v -411198.7164 -270529.5510 61.8602
v -411198.7136 -270529.5584 61.9032
v -411198.7094 -270529.5694 61.9454
v -411198.7039 -270529.5840 61.9863
v -411198.6970 -270529.6020 62.0256
v -411198.6890 -270529.6233 62.0630
v -411198.6798 -270529.6476 62.0982
v -411198.6694 -270529.6749 62.1309
v -411198.6581 -270529.7048 62.1608
v -411198.6459 -270529.7372 62.1876
v -411198.6328 -270529.7717 62.2112
v -411198.6190 -270529.8080 62.2314
v -411198.6047 -270529.8459 62.2479
v -411198.5898 -270529.8851 62.2606
v -411198.5747 -270529.9252 62.2696
v -411198.5593 -270529.9659 62.2745
v -411198.5438 -270530.0068 62.2755
v -411198.5283 -270530.0476 62.2725
v -411198.5130 -270530.0881 62.2656
v -411198.4980 -270530.1277 62.2547
v -411198.4834 -270530.1663 62.2401
v -411198.4693 -270530.2035 62.2217
v -411198.4559 -270530.2389 62.1998
v -411198.4432 -270530.2724 62.1746
v -411198.4314 -270530.3035 62.1462
v -411198.4206 -270530.3322 62.1149
v -411198.4108 -270530.3580 62.0809
v -411198.4021 -270530.3809 62.0446
v -411198.3947 -270530.4005 62.0062
v -411198.3885 -270530.4168 61.9660
v -411198.3836 -270530.4297 61.9245
v -411198.3801 -270530.4389 61.8818
v -411198.3780 -270530.4445 61.8384
v -411198.3841 -270530.4285 61.7947
v -411198.3366 -270530.4105 61.7947
v -411198.3373 -270530.4087 61.7521
v -411198.3394 -270530.4032 61.7098
v -411198.3428 -270530.3940 61.6683
v -411198.3476 -270530.3814 61.6278
v -411198.3537 -270530.3652 61.5888
v -411198.3611 -270530.3458 61.5515
v -411198.3696 -270530.3233 61.5163
v -411198.3793 -270530.2978 61.4835
v -411198.3899 -270530.2696 61.4534
v -411198.4016 -270530.2389 61.4261
v -411198.4140 -270530.2060 61.4020
v -411198.4272 -270530.1711 61.3812
v -411198.4410 -270530.1346 61.3640
v -411198.4554 -270530.0968 61.3504
v -411198.4701 -270530.0579 61.3407
v -411198.4850 -270530.0184 61.3348
v -411198.5001 -270529.9786 61.3328
v -411198.5152 -270529.9387 61.3348
v -411198.5302 -270529.8992 61.3407
v -411198.5449 -270529.8603 61.3504
v -411198.5592 -270529.8225 61.3640
v -411198.5730 -270529.7860 61.3812
v -411198.5862 -270529.7512 61.4020
v -411198.5987 -270529.7182 61.4261
v -411198.6103 -270529.6875 61.4534
v -411198.6210 -270529.6593 61.4835
v -411198.6307 -270529.6338 61.5163
v -411198.6392 -270529.6113 61.5515
v -411198.6466 -270529.5919 61.5888
v -411198.6527 -270529.5758 61.6278
v -411198.6575 -270529.5631 61.6683
v -411198.6609 -270529.5539 61.7098
v -411198.6630 -270529.5484 61.7521
v -411198.6637 -270529.5466 61.7947
v -411198.6630 -270529.5484 61.8373
v -411198.6609 -270529.5539 61.8796
v -411198.6575 -270529.5631 61.9211
v -411198.6527 -270529.5758 61.9616
v -411198.6466 -270529.5919 62.0006
v -411198.6392 -270529.6113 62.0379
v -411198.6307 -270529.6338 62.0731
v -411198.6210 -270529.6593 62.1059
v -411198.6103 -270529.6875 62.1360
v -411198.5987 -270529.7182 62.1633
v -411198.5862 -270529.7512 62.1874
v -411198.5730 -270529.7860 62.2082
v -411198.5592 -270529.8225 62.2254
v -411198.5449 -270529.8603 62.2390
v -411198.5302 -270529.8992 62.2487
v -411198.5152 -270529.9387 62.2546
v -411198.5001 -270529.9786 62.2566
v -411198.4850 -270530.0184 62.2546
v -411198.4701 -270530.0579 62.2487
v -411198.4554 -270530.0968 62.2390
v -411198.4410 -270530.1346 62.2254
v -411198.4272 -270530.1711 62.2082
v -411198.4140 -270530.2060 62.1874
v -411198.4016 -270530.2389 62.1633
v -411198.3899 -270530.2696 62.1360
v -411198.3793 -270530.2978 62.1059
v -411198.3696 -270530.3233 62.0731
v -411198.3611 -270530.3458 62.0379
v -411198.3537 -270530.3652 62.0006
v -411198.3476 -270530.3814 61.9616
v -411198.3428 -270530.3940 61.9211
v -411198.3394 -270530.4032 61.8796
v -411198.3373 -270530.4087 61.8373
v -411198.3848 -270530.4267 61.7521
v -411198.3869 -270530.4212 61.7098
v -411198.3903 -270530.4120 61.6683
v -411198.3951 -270530.3993 61.6278
v -411198.4012 -270530.3832 61.5888
v -411198.4086 -270530.3638 61.5515
v -411198.4171 -270530.3413 61.5163
v -411198.4268 -270530.3158 61.4835
v -411198.4374 -270530.2876 61.4534
v -411198.4491 -270530.2569 61.4261
v -411198.4615 -270530.2240 61.4020
v -411198.4747 -270530.1891 61.3812
v -411198.4886 -270530.1526 61.3640
v -411198.5029 -270530.1148 61.3504
v -411198.5176 -270530.0759 61.3407
v -411198.5325 -270530.0364 61.3348
v -411198.5476 -270529.9965 61.3328
v -411198.5627 -270529.9567 61.3348
v -411198.5777 -270529.9172 61.3407
v -411198.5924 -270529.8783 61.3504
v -411198.6067 -270529.8405 61.3640
v -411198.6205 -270529.8040 61.3812
v -411198.6337 -270529.7691 61.4020
v -411198.6462 -270529.7362 61.4261
v -411198.6578 -270529.7055 61.4534
v -411198.6685 -270529.6773 61.4835
v -411198.6782 -270529.6518 61.5163
v -411198.6867 -270529.6293 61.5515
v -411198.6941 -270529.6099 61.5888
v -411198.7002 -270529.5937 61.6278
v -411198.7050 -270529.5811 61.6683
v -411198.7084 -270529.5719 61.7098
v -411198.7105 -270529.5664 61.7521
v -411198.7112 -270529.5646 61.7947
v -411198.7105 -270529.5664 61.8373
v -411198.7084 -270529.5719 61.8796
v -411198.7050 -270529.5811 61.9211
v -411198.7002 -270529.5937 61.9616
v -411198.6941 -270529.6099 62.0006
v -411198.6867 -270529.6293 62.0379
v -411198.6782 -270529.6518 62.0731
v -411198.6685 -270529.6773 62.1059
v -411198.6578 -270529.7055 62.1360
v -411198.6462 -270529.7362 62.1633
v -411198.6337 -270529.7691 62.1874
v -411198.6205 -270529.8040 62.2082
v -411198.6067 -270529.8405 62.2254
v -411198.5924 -270529.8783 62.2390
v -411198.5777 -270529.9172 62.2487
v -411198.5627 -270529.9567 62.2546
v -411198.5476 -270529.9965 62.2566
v -411198.5325 -270530.0364 62.2546
v -411198.5176 -270530.0759 62.2487
v -411198.5029 -270530.1148 62.2390
v -411198.4886 -270530.1526 62.2254
v -411198.4747 -270530.1891 62.2082
v -411198.4615 -270530.2240 62.1874
v -411198.4491 -270530.2569 62.1633
v -411198.4374 -270530.2876 62.1360
v -411198.4268 -270530.3158 62.1059
v -411198.4171 -270530.3413 62.0731
v -411198.4086 -270530.3638 62.0379
v -411198.4012 -270530.3832 62.0006
v -411198.3951 -270530.3993 61.9616
v -411198.3903 -270530.4120 61.9211
v -411198.3869 -270530.4212 61.8796
v -411198.3848 -270530.4267 61.8373
v -411198.4923 -270530.5102 61.7947
v -411198.3053 -270530.4394 61.7947
v -411198.3060 -270530.4376 61.7505
v -411198.3080 -270530.4321 61.7067
v -411198.3115 -270530.4230 61.6635
v -411198.3162 -270530.4104 61.6214
v -411198.3223 -270530.3944 61.5806
v -411198.3296 -270530.3750 61.5415
v -411198.3382 -270530.3525 61.5044
v -411198.3478 -270530.3270 61.4696
v -411198.3585 -270530.2988 61.4373
v -411198.3702 -270530.2680 61.4078
v -411198.3827 -270530.2348 61.3813
v -411198.3961 -270530.1996 61.3580
v -411198.4101 -270530.1626 61.3382
v -411198.4246 -270530.1242 61.3220
v -411198.4397 -270530.0845 61.3094
v -411198.4550 -270530.0439 61.3007
v -411198.4706 -270530.0028 61.2958
v -411198.4862 -270529.9615 61.2948
v -411198.5019 -270529.9202 61.2978
v -411198.5173 -270529.8793 61.3046
v -411198.5325 -270529.8392 61.3152
v -411198.5474 -270529.8001 61.3296
v -411198.5617 -270529.7623 61.3477
v -411198.5753 -270529.7262 61.3692
v -411198.5883 -270529.6920 61.3941
v -411198.6004 -270529.6600 61.4221
v -411198.6116 -270529.6304 61.4531
v -411198.6218 -270529.6035 61.4867
v -411198.6309 -270529.5795 61.5227
v -411198.6388 -270529.5585 61.5608
v -411198.6455 -270529.5408 61.6008
v -411198.6509 -270529.5265 61.6423
v -411198.6551 -270529.5156 61.6850
v -411198.6578 -270529.5083 61.7285
v -411198.6592 -270529.5047 61.7726
v -411198.6592 -270529.5047 61.8168
v -411198.6578 -270529.5083 61.8609
v -411198.6551 -270529.5156 61.9044
v -411198.6509 -270529.5265 61.9471
v -411198.6455 -270529.5408 61.9886
v -411198.6388 -270529.5585 62.0286
v -411198.6309 -270529.5795 62.0667
v -411198.6218 -270529.6035 62.1027
v -411198.6116 -270529.6304 62.1363
v -411198.6004 -270529.6600 62.1673
v -411198.5883 -270529.6920 62.1953
v -411198.5753 -270529.7262 62.2202
v -411198.5617 -270529.7623 62.2417
v -411198.5474 -270529.8001 62.2598
v -411198.5325 -270529.8392 62.2742
v -411198.5173 -270529.8793 62.2848
v -411198.5019 -270529.9202 62.2916
v -411198.4862 -270529.9615 62.2946
v -411198.4706 -270530.0028 62.2936
v -411198.4550 -270530.0439 62.2887
v -411198.4397 -270530.0845 62.2800
v -411198.4246 -270530.1242 62.2674
v -411198.4101 -270530.1626 62.2512
v -411198.3961 -270530.1996 62.2314
v -411198.3827 -270530.2348 62.2081
v -411198.3702 -270530.2680 62.1816
v -411198.3585 -270530.2988 62.1521
v -411198.3478 -270530.3270 62.1198
v -411198.3382 -270530.3525 62.0850
v -411198.3296 -270530.3750 62.0479
v -411198.3223 -270530.3944 62.0088
v -411198.3162 -270530.4104 61.9680
v -411198.3115 -270530.4230 61.9259
v -411198.3080 -270530.4321 61.8827
v -411198.3060 -270530.4376 61.8389
v -411198.4930 -270530.5084 61.7505
v -411198.4951 -270530.5029 61.7067
v -411198.4985 -270530.4939 61.6635
v -411198.5033 -270530.4812 61.6214
v -411198.5094 -270530.4652 61.5806
v -411198.5167 -270530.4459 61.5415
v -411198.5252 -270530.4234 61.5044
v -411198.5348 -270530.3979 61.4696
v -411198.5456 -270530.3696 61.4373
v -411198.5572 -270530.3388 61.4078
v -411198.5698 -270530.3056 61.3813
v -411198.5831 -270530.2704 61.3580
v -411198.5971 -270530.2335 61.3382
v -411198.6117 -270530.1950 61.3220
v -411198.6267 -270530.1553 61.3094
v -411198.6420 -270530.1148 61.3007
v -411198.6576 -270530.0736 61.2958
v -411198.6733 -270530.0323 61.2948
v -411198.6889 -270529.9910 61.2978
v -411198.7044 -270529.9501 61.3046
v -411198.7196 -270529.9100 61.3152
v -411198.7344 -270529.8709 61.3296
v -411198.7487 -270529.8331 61.3477
v -411198.7624 -270529.7970 61.3692
v -411198.7753 -270529.7628 61.3941
v -411198.7874 -270529.7308 61.4221
v -411198.7986 -270529.7012 61.4531
v -411198.8088 -270529.6743 61.4867
v -411198.8179 -270529.6503 61.5227
v -411198.8259 -270529.6293 61.5608
v -411198.8326 -270529.6116 61.6008
v -411198.8380 -270529.5973 61.6423
v -411198.8421 -270529.5864 61.6850
v -411198.8449 -270529.5791 61.7285
v -411198.8462 -270529.5755 61.7726
v -411198.8462 -270529.5755 61.8168
v -411198.8449 -270529.5791 61.8609
v -411198.8421 -270529.5864 61.9044
v -411198.8380 -270529.5973 61.9471
v -411198.8326 -270529.6116 61.9886
v -411198.8259 -270529.6293 62.0286
v -411198.8179 -270529.6503 62.0667
v -411198.8088 -270529.6743 62.1027
v -411198.7986 -270529.7012 62.1363
v -411198.7874 -270529.7308 62.1673
v -411198.7753 -270529.7628 62.1953
v -411198.7624 -270529.7970 62.2202
v -411198.7487 -270529.8331 62.2417
v -411198.7344 -270529.8709 62.2598
v -411198.7196 -270529.9100 62.2742
v -411198.7044 -270529.9501 62.2848
v -411198.6889 -270529.9910 62.2916
v -411198.6733 -270530.0323 62.2946
v -411198.6576 -270530.0736 62.2936
v -411198.6420 -270530.1148 62.2887
v -411198.6267 -270530.1553 62.2800
v -411198.6117 -270530.1950 62.2674
v -411198.5971 -270530.2335 62.2512
v -411198.5831 -270530.2704 62.2314
v -411198.5698 -270530.3056 62.2081
v -411198.5572 -270530.3388 62.1816
v -411198.5456 -270530.3696 62.1521
v -411198.5348 -270530.3979 62.1198
v -411198.5252 -270530.4234 62.0850
v -411198.5167 -270530.4459 62.0479
v -411198.5094 -270530.4652 62.0088
v -411198.5033 -270530.4812 61.9680
v -411198.4985 -270530.4939 61.9259
v -411198.4951 -270530.5029 61.8827
v -411198.4930 -270530.5084 61.8389
v -411198.4990 -270530.4924 61.7947
v -411198.3120 -270530.4216 61.7947
v -411198.3127 -270530.4197 61.7510
v -411198.3148 -270530.4142 61.7076
v -411198.3183 -270530.4049 61.6649
v -411198.3232 -270530.3921 61.6234
v -411198.3294 -270530.3758 61.5832
v -411198.3368 -270530.3561 61.5448
v -411198.3454 -270530.3333 61.5085
v -411198.3552 -270530.3074 61.4745
v -411198.3661 -270530.2788 61.4432
v -411198.3779 -270530.2477 61.4148
v -411198.3905 -270530.2142 61.3896
v -411198.4040 -270530.1787 61.3677
v -411198.4180 -270530.1416 61.3493
v -411198.4326 -270530.1030 61.3347
v -411198.4477 -270530.0633 61.3238
v -411198.4630 -270530.0229 61.3169
v -411198.4784 -270529.9821 61.3139
v -411198.4939 -270529.9411 61.3149
v -411198.5093 -270529.9004 61.3198
v -411198.5245 -270529.8604 61.3288
v -411198.5394 -270529.8212 61.3415
v -411198.5537 -270529.7833 61.3580
v -411198.5675 -270529.7469 61.3782
v -411198.5805 -270529.7124 61.4018
v -411198.5928 -270529.6801 61.4286
v -411198.6041 -270529.6502 61.4585
v -411198.6144 -270529.6229 61.4912
v -411198.6237 -270529.5985 61.5264
v -411198.6317 -270529.5773 61.5638
v -411198.6385 -270529.5593 61.6031
v -411198.6441 -270529.5447 61.6440
v -411198.6482 -270529.5336 61.6862
v -411198.6510 -270529.5262 61.7292
v -411198.6525 -270529.5225 61.7728
v -411198.6525 -270529.5225 61.8166
v -411198.6510 -270529.5262 61.8602
v -411198.6482 -270529.5336 61.9032
v -411198.6441 -270529.5447 61.9454
v -411198.6385 -270529.5593 61.9863
v -411198.6317 -270529.5773 62.0256
v -411198.6237 -270529.5985 62.0630
v -411198.6144 -270529.6229 62.0982
v -411198.6041 -270529.6502 62.1309
v -411198.5928 -270529.6801 62.1608
v -411198.5805 -270529.7124 62.1876
v -411198.5675 -270529.7469 62.2112
v -411198.5537 -270529.7833 62.2314
v -411198.5394 -270529.8212 62.2479
v -411198.5245 -270529.8604 62.2606
v -411198.5093 -270529.9004 62.2696
v -411198.4939 -270529.9411 62.2745
v -411198.4784 -270529.9821 62.2755
v -411198.4630 -270530.0229 62.2725
v -411198.4477 -270530.0633 62.2656
v -411198.4326 -270530.1030 62.2547
v -411198.4180 -270530.1416 62.2401
v -411198.4040 -270530.1787 62.2217
v -411198.3905 -270530.2142 62.1998
v -411198.3779 -270530.2477 62.1746
v -411198.3661 -270530.2788 62.1462
v -411198.3552 -270530.3074 62.1149
v -411198.3454 -270530.3333 62.0809
v -411198.3368 -270530.3561 62.0446
v -411198.3294 -270530.3758 62.0062
v -411198.3232 -270530.3921 61.9660
v -411198.3183 -270530.4049 61.9245
v -411198.3148 -270530.4142 61.8818
v -411198.3127 -270530.4197 61.8384
v -411198.4998 -270530.4906 61.7510
v -411198.5019 -270530.4850 61.7076
v -411198.5054 -270530.4757 61.6649
v -411198.5102 -270530.4629 61.6234
v -411198.5164 -270530.4466 61.5832
v -411198.5238 -270530.4269 61.5448
v -411198.5325 -270530.4041 61.5085
v -411198.5423 -270530.3783 61.4745
v -411198.5531 -270530.3496 61.4432
v -411198.5649 -270530.3185 61.4148
v -411198.5776 -270530.2850 61.3896
v -411198.5910 -270530.2496 61.3677
v -411198.6051 -270530.2124 61.3493
v -411198.6197 -270530.1738 61.3347
v -411198.6347 -270530.1341 61.3238
v -411198.6500 -270530.0937 61.3169
v -411198.6655 -270530.0529 61.3139
v -411198.6810 -270530.0119 61.3149
v -411198.6964 -270529.9713 61.3198
v -411198.7116 -270529.9312 61.3288
v -411198.7264 -270529.8920 61.3415
v -411198.7407 -270529.8541 61.3580
v -411198.7545 -270529.8177 61.3782
v -411198.7676 -270529.7833 61.4018
v -411198.7798 -270529.7509 61.4286
v -411198.7911 -270529.7210 61.4585
v -411198.8015 -270529.6937 61.4912
v -411198.8107 -270529.6694 61.5264
v -411198.8188 -270529.6481 61.5638
v -411198.8256 -270529.6301 61.6031
v -411198.8311 -270529.6155 61.6440
v -411198.8353 -270529.6045 61.6862
v -411198.8381 -270529.5970 61.7292
v -411198.8395 -270529.5933 61.7728
v -411198.8395 -270529.5933 61.8166
v -411198.8381 -270529.5970 61.8602
v -411198.8353 -270529.6045 61.9032
v -411198.8311 -270529.6155 61.9454
v -411198.8256 -270529.6301 61.9863
v -411198.8188 -270529.6481 62.0256
v -411198.8107 -270529.6694 62.0630
v -411198.8015 -270529.6937 62.0982
v -411198.7911 -270529.7210 62.1309
v -411198.7798 -270529.7509 62.1608
v -411198.7676 -270529.7833 62.1876
v -411198.7545 -270529.8177 62.2112
v -411198.7407 -270529.8541 62.2314
v -411198.7264 -270529.8920 62.2479
v -411198.7116 -270529.9312 62.2606
v -411198.6964 -270529.9713 62.2696
v -411198.6810 -270530.0119 62.2745
v -411198.6655 -270530.0529 62.2755
v -411198.6500 -270530.0937 62.2725
v -411198.6347 -270530.1341 62.2656
v -411198.6197 -270530.1738 62.2547
v -411198.6051 -270530.2124 62.2401
v -411198.5910 -270530.2496 62.2217
v -411198.5776 -270530.2850 62.1998
v -411198.5649 -270530.3185 62.1746
v -411198.5531 -270530.3496 62.1462
v -411198.5423 -270530.3783 62.1149
v -411198.5325 -270530.4041 62.0809
v -411198.5238 -270530.4269 62.0446
v -411198.5164 -270530.4466 62.0062
v -411198.5102 -270530.4629 61.9660
v -411198.5054 -270530.4757 61.9245
v -411198.5019 -270530.4850 61.8818
v -411198.4998 -270530.4906 61.8384
f 2062 2061 2132
f 2063 2062 2132
f 2064 2063 2133
f 2063 2132 2133
f 2065 2064 2134
f 2064 2133 2134
f 2066 2065 2135
f 2065 2134 2135
f 2067 2066 2136
f 2066 2135 2136
f 2068 2067 2137
f 2067 2136 2137
f 2069 2068 2138
f 2068 2137 2138
f 2070 2069 2139
f 2069 2138 2139
f 2071 2070 2140
f 2070 2139 2140
f 2072 2071 2141
f 2071 2140 2141
f 2073 2072 2142
f 2072 2141 2142
f 2074 2073 2143
f 2073 2142 2143
f 2075 2074 2144
f 2074 2143 2144
f 2076 2075 2145
f 2075 2144 2145
f 2076 2145 2146
f 2077 2076 2146
f 2077 2146 2147
f 2078 2077 2147
f 2078 2147 2148
f 2079 2078 2148
f 2079 2148 2149
f 2080 2079 2149
f 2081 2080 2150
f 2080 2149 2150
f 2082 2081 2151
f 2081 2150 2151
f 2083 2082 2152
f 2082 2151 2152
f 2084 2083 2153
f 2083 2152 2153
f 2085 2084 2154
f 2084 2153 2154
f 2086 2085 2155
f 2085 2154 2155
f 2087 2086 2156
f 2086 2155 2156
f 2088 2087 2157
f 2087 2156 2157
f 2089 2088 2158
f 2088 2157 2158
f 2090 2089 2159
f 2089 2158 2159
f 2091 2090 2160
f 2090 2159 2160
f 2092 2091 2161
f 2091 2160 2161
f 2093 2092 2162
f 2092 2161 2162
f 2094 2093 2163
f 2093 2162 2163
f 2095 2094 2164
f 2094 2163 2164
f 2096 2095 2165
f 2097 2096 2165
f 2095 2164 2165
f 2097 2165 2166
f 2098 2097 2167
f 2097 2166 2167
f 2099 2098 2168
f 2098 2167 2168
f 2100 2099 2169
f 2099 2168 2169
f 2101 2100 2170
f 2100 2169 2170
f 2101 2170 2171
f 2102 2101 2171
f 2102 2171 2172
f 2103 2102 2172
f 2103 2172 2173
f 2104 2103 2173
f 2105 2104 2173
f 2105 2173 2174
f 2106 2105 2174
f 2106 2174 2175
f 2106 2175 2176
f 2107 2106 2176
f 2107 2176 2177
f 2108 2107 2177
f 2108 2177 2178
f 2109 2108 2178
f 2109 2178 2179
f 2110 2109 2179
f 2110 2179 2180
f 2111 2110 2180
f 2112 2111 2180
f 2112 2180 2181
f 2112 2181 2182
f 2113 2112 2182
f 2114 2113 2183
f 2113 2182 2183
f 2115 2114 2184
f 2116 2115 2184
f 2114 2183 2184
f 2116 2184 2185
f 2117 2116 2186
f 2116 2185 2186
f 2118 2117 2187
f 2117 2186 2187
f 2119 2118 2188
f 2118 2187 2188
f 2120 2119 2189
f 2119 2188 2189
f 2121 2120 2190
f 2122 2121 2190
f 2120 2189 2190
f 2122 2190 2191
f 2123 2122 2192
f 2124 2123 2192
f 2122 2191 2192
f 2124 2192 2193
f 2125 2124 2194
f 2124 2193 2194
f 2126 2125 2195
f 2125 2194 2195
f 2126 2195 2196
f 2127 2126 2196
f 2127 2196 2197
f 2128 2127 2197
f 2128 2197 2198
f 2129 2128 2198
f 2129 2198 2199
f 2130 2129 2199
f 2130 2199 2200
f 2131 2130 2200
f 2131 2200 2061
f 2062 2131 2061
f 2271 2201 2202
f 2271 2202 2203
f 2272 2203 2204
f 2272 2271 2203
f 2273 2204 2205
f 2273 2272 2204
f 2274 2205 2206
f 2274 2273 2205
f 2275 2206 2207
f 2275 2274 2206
f 2276 2207 2208
f 2276 2275 2207
f 2277 2208 2209
f 2277 2276 2208
f 2278 2209 2210
f 2278 2277 2209
f 2279 2210 2211
f 2279 2278 2210
f 2280 2211 2212
f 2280 2279 2211
f 2281 2212 2213
f 2281 2280 2212
f 2282 2213 2214
f 2282 2281 2213
f 2283 2214 2215
f 2283 2282 2214
f 2284 2215 2216
f 2284 2283 2215
f 2285 2284 2216
f 2285 2216 2217
f 2286 2285 2217
f 2286 2217 2218
f 2287 2286 2218
f 2287 2218 2219
f 2288 2287 2219
f 2288 2219 2220
f 2289 2220 2221
f 2289 2288 2220
f 2290 2221 2222
f 2290 2289 2221
f 2291 2222 2223
f 2291 2290 2222
f 2292 2223 2224
f 2292 2291 2223
f 2293 2224 2225
f 2293 2292 2224
f 2294 2225 2226
f 2294 2293 2225
f 2295 2226 2227
f 2295 2294 2226
f 2296 2227 2228
f 2296 2295 2227
f 2297 2228 2229
f 2297 2296 2228
f 2298 2229 2230
f 2298 2297 2229
f 2299 2230 2231
f 2299 2231 2232
f 2299 2298 2230
f 2300 2299 2232
f 2301 2232 2233
f 2301 2300 2232
f 2302 2233 2234
f 2302 2301 2233
f 2303 2234 2235
f 2303 2302 2234
f 2304 2235 2236
f 2304 2303 2235
f 2305 2236 2237
f 2305 2304 2236
f 2306 2237 2238
f 2306 2238 2239
f 2306 2305 2237
f 2307 2306 2239
f 2308 2239 2240
f 2308 2307 2239
f 2309 2240 2241
f 2309 2308 2240
f 2310 2309 2241
f 2310 2241 2242
f 2310 2242 2243
f 2311 2243 2244
f 2311 2310 2243
f 2312 2311 2244
f 2312 2244 2245
f 2313 2312 2245
f 2314 2313 2245
f 2314 2245 2246
f 2314 2246 2247
f 2315 2314 2247
f 2316 2315 2247
f 2316 2247 2248
f 2317 2316 2248
f 2317 2248 2249
f 2317 2249 2250
f 2318 2317 2250
f 2319 2318 2250
f 2319 2250 2251
f 2319 2251 2252
f 2320 2319 2252
f 2321 2320 2252
f 2321 2252 2253
f 2322 2321 2253
f 2322 2253 2254
f 2323 2254 2255
f 2323 2322 2254
f 2324 2255 2256
f 2324 2323 2255
f 2325 2256 2257
f 2325 2324 2256
f 2326 2257 2258
f 2326 2325 2257
f 2327 2258 2259
f 2327 2326 2258
f 2328 2259 2260
f 2328 2327 2259
f 2329 2260 2261
f 2329 2328 2260
f 2330 2261 2262
f 2330 2329 2261
f 2331 2262 2263
f 2331 2330 2262
f 2332 2263 2264
f 2332 2264 2265
f 2332 2331 2263
f 2333 2332 2265
f 2334 2265 2266
f 2334 2333 2265
f 2335 2334 2266
f 2335 2266 2267
f 2336 2335 2267
f 2336 2267 2268
f 2337 2336 2268
f 2337 2268 2269
f 2337 2269 2270
f 2338 2337 2270
f 2201 2338 2270
f 2201 2270 2202
f 2175 2174 2313
f 2176 2175 2314
f 2175 2313 2314
f 2174 2173 2312
f 2313 2174 2312
f 2177 2176 2315
f 2176 2314 2315
f 2173 2172 2311
f 2312 2173 2311
f 2178 2177 2316
f 2177 2315 2316
f 2172 2171 2310
f 2311 2172 2310
f 2179 2178 2317
f 2178 2316 2317
f 2310 2171 2309
f 2309 2171 2170
f 2180 2179 2318
f 2179 2317 2318
f 2309 2170 2308
f 2308 2170 2169
f 2181 2180 2319
f 2180 2318 2319
f 2308 2169 2307
f 2307 2169 2168
f 2182 2181 2320
f 2181 2319 2320
f 2307 2168 2306
f 2306 2168 2167
f 2182 2320 2321
f 2182 2321 2183
f 2306 2167 2305
f 2305 2167 2166
f 2183 2321 2322
f 2183 2322 2184
f 2305 2166 2304
f 2304 2166 2165
f 2184 2322 2323
f 2184 2323 2185
f 2304 2165 2303
f 2303 2165 2164
f 2185 2323 2324
f 2185 2324 2186
f 2303 2164 2302
f 2302 2164 2163
f 2186 2324 2325
f 2186 2325 2187
f 2302 2163 2301
f 2301 2163 2162
f 2187 2325 2326
f 2187 2326 2188
f 2301 2162 2300
f 2300 2162 2161
f 2188 2326 2327
f 2188 2327 2189
f 2300 2161 2299
f 2299 2161 2160
f 2189 2327 2328
f 2189 2328 2190
f 2299 2160 2298
f 2298 2160 2159
f 2190 2328 2329
f 2190 2329 2191
f 2298 2159 2297
f 2297 2159 2158
f 2191 2329 2330
f 2191 2330 2192
f 2297 2158 2296
f 2296 2158 2157
f 2192 2330 2331
f 2192 2331 2193
f 2296 2157 2295
f 2295 2157 2156
f 2193 2331 2332
f 2193 2332 2194
f 2295 2156 2294
f 2294 2156 2155
f 2194 2332 2333
f 2194 2333 2195
f 2294 2155 2293
f 2293 2155 2154
f 2195 2333 2334
f 2195 2334 2196
f 2293 2154 2292
f 2292 2154 2153
f 2196 2334 2335
f 2196 2335 2197
f 2292 2153 2291
f 2291 2153 2152
f 2197 2335 2336
f 2197 2336 2198
f 2291 2152 2290
f 2290 2152 2151
f 2198 2336 2337
f 2198 2337 2199
f 2290 2151 2289
f 2289 2151 2150
f 2199 2337 2338
f 2199 2338 2200
f 2289 2150 2288
f 2288 2150 2149
f 2200 2338 2201
f 2200 2201 2061
f 2288 2149 2287
f 2287 2149 2148
f 2287 2148 2286
f 2061 2201 2132
f 2201 2271 2132
f 2286 2148 2147
f 2286 2147 2285
f 2132 2271 2133
f 2271 2272 2133
f 2285 2147 2146
f 2285 2146 2284
f 2133 2272 2134
f 2272 2273 2134
f 2284 2146 2145
f 2284 2145 2283
f 2273 2274 2135
f 2134 2273 2135
f 2283 2145 2144
f 2283 2144 2282
f 2274 2275 2136
f 2135 2274 2136
f 2282 2144 2143
f 2281 2282 2143
f 2275 2276 2137
f 2136 2275 2137
f 2281 2143 2142
f 2280 2281 2142
f 2137 2276 2138
f 2276 2277 2138
f 2280 2142 2141
f 2279 2280 2141
f 2138 2277 2139
f 2277 2278 2139
f 2279 2141 2140
f 2139 2278 2140
f 2278 2279 2140
f 2245 2105 2106
f 2246 2106 2107
f 2246 2245 2106
f 2244 2104 2105
f 2244 2105 2245
f 2247 2107 2108
f 2247 2246 2107
f 2243 2103 2104
f 2243 2104 2244
f 2248 2108 2109
f 2248 2247 2108
f 2242 2102 2103
f 2242 2103 2243
f 2249 2109 2110
f 2249 2248 2109
f 2241 2102 2242
f 2101 2102 2241
f 2250 2110 2111
f 2250 2249 2110
f 2240 2101 2241
f 2100 2101 2240
f 2251 2111 2112
f 2251 2250 2111
f 2239 2100 2240
f 2099 2100 2239
f 2252 2112 2113
f 2252 2251 2112
f 2238 2099 2239
f 2098 2099 2238
f 2253 2252 2113
f 2114 2253 2113
f 2237 2098 2238
f 2097 2098 2237
f 2254 2253 2114
f 2115 2254 2114
f 2236 2097 2237
f 2096 2097 2236
f 2255 2254 2115
f 2116 2255 2115
f 2235 2096 2236
f 2095 2096 2235
f 2256 2255 2116
f 2117 2256 2116
f 2234 2095 2235
f 2094 2095 2234
f 2257 2256 2117
f 2118 2257 2117
f 2233 2094 2234
f 2093 2094 2233
f 2258 2257 2118
f 2119 2258 2118
f 2232 2093 2233
f 2092 2093 2232
f 2259 2258 2119
f 2120 2259 2119
f 2231 2092 2232
f 2091 2092 2231
f 2260 2259 2120
f 2121 2260 2120
f 2230 2091 2231
f 2090 2091 2230
f 2261 2260 2121
f 2122 2261 2121
f 2229 2090 2230
f 2089 2090 2229
f 2262 2261 2122
f 2123 2262 2122
f 2228 2089 2229
f 2088 2089 2228
f 2263 2262 2123
f 2124 2263 2123
f 2227 2088 2228
f 2087 2088 2227
f 2264 2263 2124
f 2125 2264 2124
f 2226 2087 2227
f 2086 2087 2226
f 2265 2264 2125
f 2126 2265 2125
f 2225 2086 2226
f 2085 2086 2225
f 2266 2265 2126
f 2127 2266 2126
f 2224 2085 2225
f 2084 2085 2224
f 2267 2266 2127
f 2128 2267 2127
f 2223 2084 2224
f 2083 2084 2223
f 2268 2267 2128
f 2129 2268 2128
f 2222 2083 2223
f 2082 2083 2222
f 2269 2268 2129
f 2130 2269 2129
f 2221 2082 2222
f 2081 2082 2221
f 2270 2269 2130
f 2131 2270 2130
f 2220 2081 2221
f 2080 2081 2220
f 2202 2270 2131
f 2062 2202 2131
f 2219 2080 2220
f 2079 2080 2219
f 2218 2079 2219
f 2063 2202 2062
f 2063 2203 2202
f 2078 2079 2218
f 2217 2078 2218
f 2064 2203 2063
f 2064 2204 2203
f 2077 2078 2217
f 2216 2077 2217
f 2065 2204 2064
f 2065 2205 2204
f 2076 2077 2216
f 2215 2076 2216
f 2066 2206 2205
f 2066 2205 2065
f 2075 2076 2215
f 2214 2075 2215
f 2067 2207 2206
f 2067 2206 2066
f 2074 2075 2214
f 2074 2214 2213
f 2068 2208 2207
f 2068 2207 2067
f 2073 2074 2213
f 2073 2213 2212
f 2069 2208 2068
f 2069 2209 2208
f 2072 2073 2212
f 2072 2212 2211
f 2070 2209 2069
f 2070 2210 2209
f 2071 2072 2211
f 2071 2210 2070
f 2071 2211 2210
f 2340 2339 2410
f 2341 2340 2410
f 2342 2341 2411
f 2341 2410 2411
f 2343 2342 2412
f 2342 2411 2412
f 2344 2343 2413
f 2343 2412 2413
f 2345 2344 2414
f 2344 2413 2414
f 2346 2345 2415
f 2345 2414 2415
f 2347 2346 2416
f 2346 2415 2416
f 2348 2347 2417
f 2347 2416 2417
f 2349 2348 2418
f 2348 2417 2418
f 2350 2349 2419
f 2349 2418 2419
f 2351 2350 2420
f 2350 2419 2420
f 2352 2351 2421
f 2351 2420 2421
f 2353 2352 2422
f 2352 2421 2422
f 2354 2353 2423
f 2353 2422 2423
f 2354 2423 2424
f 2355 2354 2424
f 2355 2424 2425
f 2356 2355 2425
f 2356 2425 2426
f 2357 2356 2426
f 2357 2426 2427
f 2358 2357 2427
f 2359 2358 2428
f 2358 2427 2428
f 2360 2359 2429
f 2359 2428 2429
f 2361 2360 2430
f 2360 2429 2430
f 2362 2361 2431
f 2361 2430 2431
f 2363 2362 2432
f 2362 2431 2432
f 2364 2363 2433
f 2363 2432 2433
f 2365 2364 2434
f 2364 2433 2434
f 2366 2365 2435
f 2365 2434 2435
f 2367 2366 2436
f 2366 2435 2436
f 2368 2367 2437
f 2367 2436 2437
f 2369 2368 2438
f 2368 2437 2438
f 2370 2369 2439
f 2371 2370 2439
f 2369 2438 2439
f 2371 2439 2440
f 2372 2371 2441
f 2371 2440 2441
f 2373 2372 2442
f 2372 2441 2442
f 2374 2373 2443
f 2375 2374 2443
f 2373 2442 2443
f 2375 2443 2444
f 2376 2375 2445
f 2375 2444 2445
f 2377 2376 2446
f 2376 2445 2446
f 2378 2377 2447
f 2379 2378 2447
f 2377 2446 2447
f 2379 2447 2448
f 2379 2448 2449
f 2380 2379 2449
f 2380 2449 2450
f 2381 2380 2450
f 2382 2381 2450
f 2382 2450 2451
f 2382 2451 2452
f 2383 2382 2452
f 2383 2452 2453
f 2384 2383 2453
f 2384 2453 2454
f 2385 2384 2454
f 2386 2385 2454
f 2386 2454 2455
f 2386 2455 2456
f 2387 2386 2456
f 2387 2456 2457
f 2388 2387 2457
f 2388 2457 2458
f 2389 2388 2458
f 2390 2389 2458
f 2390 2458 2459
f 2390 2459 2460
f 2391 2390 2460
f 2392 2391 2461
f 2391 2460 2461
f 2393 2392 2462
f 2394 2393 2462
f 2392 2461 2462
f 2394 2462 2463
f 2395 2394 2464
f 2394 2463 2464
f 2396 2395 2465
f 2397 2396 2465
f 2395 2464 2465
f 2397 2465 2466
f 2398 2397 2467
f 2397 2466 2467
f 2399 2398 2468
f 2398 2467 2468
f 2400 2399 2469
f 2401 2400 2469
f 2399 2468 2469
f 2401 2469 2470
f 2402 2401 2471
f 2401 2470 2471
f 2403 2402 2472
f 2402 2471 2472
f 2404 2403 2473
f 2403 2472 2473
f 2404 2473 2474
f 2405 2404 2474
f 2405 2474 2475
f 2406 2405 2475
f 2407 2406 2475
f 2407 2475 2476
f 2407 2476 2477
f 2408 2407 2477
f 2409 2408 2477
f 2409 2477 2478
f 2409 2478 2339
f 2340 2409 2339
f 2549 2479 2480
f 2549 2480 2481
f 2550 2481 2482
f 2550 2549 2481
f 2551 2482 2483
f 2551 2550 2482
f 2552 2483 2484
f 2552 2551 2483
f 2553 2484 2485
f 2553 2552 2484
f 2554 2485 2486
f 2554 2553 2485
f 2555 2486 2487
f 2555 2554 2486
f 2556 2487 2488
f 2556 2555 2487
f 2557 2488 2489
f 2557 2556 2488
f 2558 2489 2490
f 2558 2557 2489
f 2559 2490 2491
f 2559 2558 2490
f 2560 2491 2492
f 2560 2559 2491
f 2561 2492 2493
f 2561 2560 2492
f 2562 2493 2494
f 2562 2561 2493
f 2563 2562 2494
f 2563 2494 2495
f 2564 2563 2495
f 2564 2495 2496
f 2565 2564 2496
f 2565 2496 2497
f 2566 2565 2497
f 2566 2497 2498
f 2567 2498 2499
f 2567 2566 2498
f 2568 2499 2500
f 2568 2567 2499
f 2569 2500 2501
f 2569 2568 2500
f 2570 2501 2502
f 2570 2569 2501
f 2571 2502 2503
f 2571 2570 2502
f 2572 2503 2504
f 2572 2571 2503
f 2573 2504 2505
f 2573 2572 2504
f 2574 2505 2506
f 2574 2573 2505
f 2575 2506 2507
f 2575 2574 2506
f 2576 2507 2508
f 2576 2575 2507
f 2577 2508 2509
f 2577 2576 2508
f 2578 2509 2510
f 2578 2577 2509
f 2579 2510 2511
f 2579 2578 2510
f 2580 2511 2512
f 2580 2579 2511
f 2581 2512 2513
f 2581 2580 2512
f 2582 2513 2514
f 2582 2581 2513
f 2583 2514 2515
f 2583 2582 2514
f 2584 2515 2516
f 2584 2583 2515
f 2585 2516 2517
f 2585 2584 2516
f 2586 2517 2518
f 2586 2585 2517
f 2587 2518 2519
f 2587 2586 2518
f 2588 2587 2519
f 2588 2519 2520
f 2589 2588 2520
f 2589 2520 2521
f 2589 2521 2522
f 2590 2589 2522
f 2591 2590 2522
f 2591 2522 2523
f 2592 2591 2523
f 2592 2523 2524
f 2593 2592 2524
f 2593 2524 2525
f 2594 2593 2525
f 2594 2525 2526
f 2595 2594 2526
f 2595 2526 2527
f 2596 2595 2527
f 2596 2527 2528
f 2597 2596 2528
f 2597 2528 2529
f 2598 2597 2529
f 2598 2529 2530
f 2599 2598 2530
f 2599 2530 2531
f 2600 2599 2531
f 2600 2531 2532
f 2601 2532 2533
f 2601 2600 2532
f 2601 2533 2534
f 2602 2601 2534
f 2603 2534 2535
f 2603 2602 2534
f 2604 2535 2536
f 2604 2536 2537
f 2604 2603 2535
f 2605 2604 2537
f 2606 2537 2538
f 2606 2605 2537
f 2607 2538 2539
f 2607 2539 2540
f 2607 2606 2538
f 2608 2540 2541
f 2608 2607 2540
f 2609 2608 2541
f 2610 2541 2542
f 2610 2609 2541
f 2611 2542 2543
f 2611 2610 2542
f 2612 2543 2544
f 2612 2611 2543
f 2613 2612 2544
f 2613 2544 2545
f 2614 2613 2545
f 2614 2545 2546
f 2614 2546 2547
f 2615 2614 2547
f 2616 2615 2547
f 2616 2547 2548
f 2479 2616 2548
f 2479 2548 2480
f 2453 2452 2591
f 2454 2453 2592
f 2453 2591 2592
f 2452 2451 2590
f 2591 2452 2590
f 2455 2454 2593
f 2454 2592 2593
f 2451 2450 2589
f 2590 2451 2589
f 2456 2455 2594
f 2455 2593 2594
f 2450 2449 2588
f 2589 2450 2588
f 2457 2456 2595
f 2456 2594 2595
f 2588 2449 2587
f 2587 2449 2448
f 2458 2457 2596
f 2457 2595 2596
f 2587 2448 2586
f 2586 2448 2447
f 2459 2458 2597
f 2458 2596 2597
f 2586 2447 2585
f 2585 2447 2446
f 2460 2459 2598
f 2459 2597 2598
f 2585 2446 2584
f 2584 2446 2445
f 2460 2598 2599
f 2460 2599 2461
f 2584 2445 2583
f 2583 2445 2444
f 2461 2599 2600
f 2461 2600 2462
f 2583 2444 2582
f 2582 2444 2443
f 2462 2600 2601
f 2462 2601 2463
f 2582 2443 2581
f 2581 2443 2442
f 2463 2601 2602
f 2463 2602 2464
f 2581 2442 2580
f 2580 2442 2441
f 2464 2602 2603
f 2464 2603 2465
f 2580 2441 2579
f 2579 2441 2440
f 2465 2603 2604
f 2465 2604 2466
f 2579 2440 2578
f 2578 2440 2439
f 2466 2604 2605
f 2466 2605 2467
f 2578 2439 2577
f 2577 2439 2438
f 2467 2605 2606
f 2467 2606 2468
f 2577 2438 2576
f 2576 2438 2437
f 2468 2606 2607
f 2468 2607 2469
f 2576 2437 2575
f 2575 2437 2436
f 2469 2607 2608
f 2469 2608 2470
f 2575 2436 2574
f 2574 2436 2435
f 2470 2608 2609
f 2470 2609 2471
f 2574 2435 2573
f 2573 2435 2434
f 2471 2609 2610
f 2471 2610 2472
f 2573 2434 2572
f 2572 2434 2433
f 2472 2610 2611
f 2472 2611 2473
f 2572 2433 2571
f 2571 2433 2432
f 2473 2611 2612
f 2473 2612 2474
f 2571 2432 2570
f 2570 2432 2431
f 2474 2612 2613
f 2474 2613 2475
f 2570 2431 2569
f 2569 2431 2430
f 2475 2613 2614
f 2475 2614 2476
f 2569 2430 2568
f 2568 2430 2429
f 2476 2614 2615
f 2476 2615 2477
f 2568 2429 2567
f 2567 2429 2428
f 2477 2615 2616
f 2477 2616 2478
f 2567 2428 2566
f 2566 2428 2427
f 2478 2616 2479
f 2478 2479 2339
f 2566 2427 2565
f 2565 2427 2426
f 2565 2426 2564
f 2339 2479 2410
f 2479 2549 2410
f 2564 2426 2425
f 2564 2425 2563
f 2410 2549 2411
f 2549 2550 2411
f 2563 2425 2424
f 2563 2424 2562
f 2411 2550 2412
f 2550 2551 2412
f 2562 2424 2423
f 2562 2423 2561
f 2412 2551 2413
f 2551 2552 2413
f 2561 2423 2422
f 2561 2422 2560
f 2552 2553 2414
f 2413 2552 2414
f 2559 2560 2421
f 2560 2422 2421
f 2553 2554 2415
f 2414 2553 2415
f 2558 2559 2420
f 2559 2421 2420
f 2415 2554 2416
f 2554 2555 2416
f 2558 2420 2419
f 2557 2558 2419
f 2416 2555 2417
f 2555 2556 2417
f 2557 2419 2418
f 2417 2556 2418
f 2556 2557 2418
f 2523 2383 2384
f 2524 2384 2385
f 2524 2523 2384
f 2522 2382 2383
f 2522 2383 2523
f 2525 2385 2386
f 2525 2524 2385
f 2521 2381 2382
f 2521 2382 2522
f 2526 2386 2387
f 2526 2525 2386
f 2520 2380 2381
f 2520 2381 2521
f 2527 2387 2388
f 2527 2526 2387
f 2519 2380 2520
f 2379 2380 2519
f 2528 2388 2389
f 2528 2527 2388
f 2518 2379 2519
f 2378 2379 2518
f 2529 2389 2390
f 2529 2528 2389
f 2517 2378 2518
f 2377 2378 2517
f 2530 2390 2391
f 2530 2529 2390
f 2516 2377 2517
f 2376 2377 2516
f 2531 2530 2391
f 2392 2531 2391
f 2515 2376 2516
f 2375 2376 2515
f 2532 2531 2392
f 2393 2532 2392
f 2514 2375 2515
f 2374 2375 2514
f 2533 2532 2393
f 2394 2533 2393
f 2513 2374 2514
f 2373 2374 2513
f 2534 2533 2394
f 2395 2534 2394
f 2512 2373 2513
f 2372 2373 2512
f 2535 2534 2395
f 2396 2535 2395
f 2511 2372 2512
f 2371 2372 2511
f 2536 2535 2396
f 2397 2536 2396
f 2510 2371 2511
f 2370 2371 2510
f 2537 2536 2397
f 2398 2537 2397
f 2509 2370 2510
f 2369 2370 2509
f 2538 2537 2398
f 2399 2538 2398
f 2508 2369 2509
f 2368 2369 2508
f 2539 2538 2399
f 2400 2539 2399
f 2507 2368 2508
f 2367 2368 2507
f 2540 2539 2400
f 2401 2540 2400
f 2506 2367 2507
f 2366 2367 2506
f 2541 2540 2401
f 2402 2541 2401
f 2505 2366 2506
f 2365 2366 2505
f 2542 2541 2402
f 2403 2542 2402
f 2504 2365 2505
f 2364 2365 2504
f 2543 2542 2403
f 2404 2543 2403
f 2503 2364 2504
f 2363 2364 2503
f 2544 2543 2404
f 2405 2544 2404
f 2502 2363 2503
f 2362 2363 2502
f 2545 2544 2405
f 2406 2545 2405
f 2501 2362 2502
f 2361 2362 2501
f 2546 2545 2406
f 2407 2546 2406
f 2500 2361 2501
f 2360 2361 2500
f 2547 2546 2407
f 2408 2547 2407
f 2499 2360 2500
f 2359 2360 2499
f 2548 2547 2408
f 2409 2548 2408
f 2498 2359 2499
f 2358 2359 2498
f 2480 2548 2409
f 2340 2480 2409
f 2497 2358 2498
f 2357 2358 2497
f 2496 2357 2497
f 2341 2480 2340
f 2341 2481 2480
f 2356 2357 2496
f 2495 2356 2496
f 2342 2481 2341
f 2342 2482 2481
f 2355 2356 2495
f 2494 2355 2495
f 2343 2482 2342
f 2343 2483 2482
f 2354 2355 2494
f 2493 2354 2494
f 2344 2483 2343
f 2344 2484 2483
f 2353 2354 2493
f 2492 2353 2493
f 2345 2485 2484
f 2345 2484 2344
f 2352 2492 2491
f 2352 2353 2492
f 2346 2486 2485
f 2346 2485 2345
f 2351 2491 2490
f 2351 2352 2491
f 2347 2486 2346
f 2347 2487 2486
f 2350 2351 2490
f 2350 2490 2489
f 2348 2487 2347
f 2348 2488 2487
f 2349 2350 2489
f 2349 2488 2348
f 2349 2489 2488
f 2618 2617 2686
f 2619 2618 2686
f 2620 2619 2687
f 2619 2686 2687
f 2621 2620 2688
f 2620 2687 2688
f 2622 2621 2689
f 2621 2688 2689
f 2623 2622 2690
f 2622 2689 2690
f 2624 2623 2691
f 2623 2690 2691
f 2625 2624 2692
f 2624 2691 2692
f 2626 2625 2693
f 2625 2692 2693
f 2627 2626 2694
f 2626 2693 2694
f 2628 2627 2695
f 2627 2694 2695
f 2629 2628 2696
f 2628 2695 2696
f 2630 2629 2697
f 2629 2696 2697
f 2631 2630 2698
f 2630 2697 2698
f 2632 2631 2699
f 2631 2698 2699
f 2633 2632 2700
f 2632 2699 2700
f 2633 2700 2701
f 2634 2633 2701
f 2634 2701 2702
f 2635 2634 2702
f 2635 2702 2703
f 2636 2635 2703
f 2636 2703 2704
f 2637 2636 2704
f 2638 2637 2705
f 2637 2704 2705
f 2639 2638 2706
f 2638 2705 2706
f 2640 2639 2707
f 2639 2706 2707
f 2641 2640 2708
f 2640 2707 2708
f 2642 2641 2709
f 2641 2708 2709
f 2643 2642 2710
f 2642 2709 2710
f 2644 2643 2711
f 2643 2710 2711
f 2645 2644 2712
f 2644 2711 2712
f 2646 2645 2713
f 2645 2712 2713
f 2647 2646 2714
f 2646 2713 2714
f 2648 2647 2715
f 2647 2714 2715
f 2649 2648 2716
f 2648 2715 2716
f 2650 2649 2717
f 2651 2650 2717
f 2649 2716 2717
f 2651 2717 2718
f 2652 2651 2719
f 2651 2718 2719
f 2653 2652 2720
f 2652 2719 2720
f 2654 2653 2721
f 2653 2720 2721
f 2655 2654 2722
f 2654 2721 2722
f 2656 2655 2723
f 2655 2722 2723
f 2657 2656 2724
f 2656 2723 2724
f 2658 2657 2725
f 2659 2658 2725
f 2657 2724 2725
f 2659 2725 2726
f 2659 2726 2727
f 2660 2659 2727
f 2660 2727 2728
f 2661 2660 2728
f 2662 2661 2728
f 2662 2728 2729
f 2663 2662 2729
f 2663 2729 2730
f 2663 2730 2731
f 2664 2663 2731
f 2664 2731 2732
f 2665 2664 2732
f 2665 2732 2733
f 2666 2665 2733
f 2666 2733 2734
f 2667 2666 2734
f 2667 2734 2735
f 2668 2667 2735
f 2668 2735 2736
f 2669 2668 2736
f 2669 2736 2737
f 2670 2669 2737
f 2671 2670 2737
f 2671 2737 2738
f 2672 2671 2738
f 2672 2738 2739
f 2673 2672 2740
f 2672 2739 2740
f 2674 2673 2741
f 2673 2740 2741
f 2675 2674 2742
f 2676 2675 2742
f 2674 2741 2742
f 2676 2742 2743
f 2677 2676 2744
f 2676 2743 2744
f 2678 2677 2745
f 2679 2678 2745
f 2677 2744 2745
f 2679 2745 2746
f 2680 2679 2747
f 2681 2680 2747
f 2679 2746 2747
f 2682 2681 2748
f 2681 2747 2748
f 2682 2748 2749
f 2683 2682 2750
f 2682 2749 2750
f 2683 2750 2751
f 2684 2683 2751
f 2684 2751 2752
f 2685 2684 2752
f 2685 2752 2617
f 2618 2685 2617
f 2742 2741 2743
f 2744 2743 2746
f 2745 2744 2746
f 2746 2743 2747
f 2749 2748 2750
f 2617 2752 2686
f 2686 2752 2687
f 2687 2752 2688
f 2701 2700 2699
f 2702 2701 2699
f 2703 2702 2699
f 2689 2688 2691
f 2690 2689 2691
f 2691 2688 2692
f 2697 2696 2695
f 2695 2694 2693
f 2747 2743 2693
f 2698 2697 2693
f 2699 2698 2693
f 2704 2703 2693
f 2705 2704 2693
f 2706 2705 2693
f 2707 2706 2693
f 2708 2707 2693
f 2709 2708 2693
f 2710 2709 2693
f 2711 2710 2693
f 2712 2711 2693
f 2713 2712 2693
f 2714 2713 2693
f 2715 2714 2693
f 2716 2715 2693
f 2717 2716 2693
f 2743 2741 2693
f 2718 2717 2693
f 2719 2718 2693
f 2720 2719 2693
f 2721 2720 2693
f 2722 2721 2693
f 2723 2722 2693
f 2724 2723 2693
f 2725 2724 2693
f 2726 2725 2693
f 2727 2726 2693
f 2728 2727 2693
f 2729 2728 2693
f 2730 2729 2693
f 2731 2730 2693
f 2732 2731 2693
f 2733 2732 2693
f 2734 2733 2693
f 2703 2699 2693
f 2735 2734 2693
f 2697 2695 2693
f 2736 2735 2693
f 2737 2736 2693
f 2738 2737 2693
f 2739 2738 2693
f 2740 2739 2693
f 2741 2740 2693
f 2688 2752 2693
f 2750 2748 2693
f 2748 2747 2693
f 2751 2750 2693
f 2752 2751 2693
f 2692 2688 2693
f 2676 2674 2675
f 2679 2676 2677
f 2679 2677 2678
f 2680 2676 2679
f 2683 2681 2682
f 2619 2685 2618
f 2620 2685 2619
f 2621 2685 2620
f 2632 2633 2634
f 2632 2634 2635
f 2632 2635 2636
f 2624 2621 2622
f 2624 2622 2623
f 2625 2621 2624
f 2628 2629 2630
f 2626 2627 2628
f 2626 2676 2680
f 2626 2630 2631
f 2626 2631 2632
f 2626 2636 2637
f 2626 2637 2638
f 2626 2638 2639
f 2626 2639 2640
f 2626 2640 2641
f 2626 2641 2642
f 2626 2642 2643
f 2626 2643 2644
f 2626 2644 2645
f 2626 2645 2646
f 2626 2646 2647
f 2626 2647 2648
f 2626 2648 2649
f 2626 2649 2650
f 2626 2674 2676
f 2626 2650 2651
f 2626 2651 2652
f 2626 2652 2653
f 2626 2653 2654
f 2626 2654 2655
f 2626 2655 2656
f 2626 2656 2657
f 2626 2657 2658
f 2626 2658 2659
f 2626 2659 2660
f 2626 2660 2661
f 2626 2661 2662
f 2626 2662 2663
f 2626 2663 2664
f 2626 2664 2665
f 2626 2665 2666
f 2626 2666 2667
f 2626 2632 2636
f 2626 2667 2668
f 2626 2628 2630
f 2626 2668 2669
f 2626 2669 2670
f 2626 2670 2671
f 2626 2671 2672
f 2626 2672 2673
f 2626 2673 2674
f 2626 2685 2621
f 2626 2681 2683
f 2626 2680 2681
f 2626 2683 2684
f 2626 2684 2685
f 2626 2621 2625
f 2754 2753 2823
f 2755 2754 2823
f 2756 2755 2824
f 2755 2823 2824
f 2757 2756 2825
f 2756 2824 2825
f 2758 2757 2826
f 2757 2825 2826
f 2759 2758 2827
f 2758 2826 2827
f 2760 2759 2828
f 2759 2827 2828
f 2761 2760 2829
f 2760 2828 2829
f 2762 2761 2830
f 2761 2829 2830
f 2763 2762 2831
f 2762 2830 2831
f 2764 2763 2832
f 2763 2831 2832
f 2765 2764 2833
f 2764 2832 2833
f 2766 2765 2834
f 2765 2833 2834
f 2767 2766 2835
f 2766 2834 2835
f 2768 2767 2836
f 2767 2835 2836
f 2768 2836 2837
f 2769 2768 2837
f 2769 2837 2838
f 2770 2769 2838
f 2770 2838 2839
f 2771 2770 2839
f 2771 2839 2840
f 2772 2771 2840
f 2773 2772 2840
f 2773 2840 2841
f 2774 2773 2842
f 2773 2841 2842
f 2775 2774 2843
f 2774 2842 2843
f 2775 2843 2844
f 2776 2775 2844
f 2777 2776 2844
f 2777 2844 2845
f 2778 2777 2846
f 2777 2845 2846
f 2779 2778 2847
f 2778 2846 2847
f 2780 2779 2848
f 2779 2847 2848
f 2781 2780 2849
f 2780 2848 2849
f 2782 2781 2850
f 2781 2849 2850
f 2783 2782 2851
f 2782 2850 2851
f 2784 2783 2852
f 2783 2851 2852
f 2785 2784 2853
f 2784 2852 2853
f 2786 2785 2854
f 2787 2786 2854
f 2785 2853 2854
f 2787 2854 2855
f 2788 2787 2856
f 2787 2855 2856
f 2789 2788 2857
f 2790 2789 2857
f 2788 2856 2857
f 2790 2857 2858
f 2791 2790 2859
f 2790 2858 2859
f 2792 2791 2860
f 2791 2859 2860
f 2793 2792 2861
f 2792 2860 2861
f 2793 2861 2862
f 2794 2793 2862
f 2794 2862 2863
f 2795 2794 2863
f 2795 2863 2864
f 2796 2795 2864
f 2796 2864 2865
f 2797 2796 2865
f 2798 2797 2865
f 2798 2865 2866
f 2798 2866 2867
f 2799 2798 2867
f 2799 2867 2868
f 2800 2799 2868
f 2800 2868 2869
f 2801 2800 2869
f 2801 2869 2870
f 2802 2801 2870
f 2803 2802 2870
f 2803 2870 2871
f 2803 2871 2872
f 2804 2803 2872
f 2804 2872 2873
f 2805 2804 2873
f 2806 2805 2873
f 2806 2873 2874
f 2807 2806 2875
f 2806 2874 2875
f 2808 2807 2875
f 2808 2875 2876
f 2809 2808 2877
f 2810 2809 2877
f 2808 2876 2877
f 2810 2877 2878
f 2811 2810 2879
f 2812 2811 2879
f 2810 2878 2879
f 2812 2879 2880
f 2813 2812 2881
f 2814 2813 2881
f 2812 2880 2881
f 2814 2881 2882
f 2815 2814 2883
f 2814 2882 2883
f 2816 2815 2884
f 2815 2883 2884
f 2817 2816 2885
f 2816 2884 2885
f 2818 2817 2886
f 2819 2818 2886
f 2817 2885 2886
f 2819 2886 2887
f 2819 2887 2888
f 2820 2819 2888
f 2820 2888 2889
f 2821 2820 2889
f 2821 2889 2890
f 2822 2821 2890
f 2822 2890 2753
f 2754 2822 2753
f 2960 2891 2892
f 2960 2892 2893
f 2961 2893 2894
f 2961 2960 2893
f 2962 2894 2895
f 2962 2961 2894
f 2963 2895 2896
f 2963 2962 2895
f 2964 2896 2897
f 2964 2963 2896
f 2965 2897 2898
f 2965 2964 2897
f 2966 2898 2899
f 2966 2965 2898
f 2967 2899 2900
f 2967 2966 2899
f 2968 2900 2901
f 2968 2967 2900
f 2969 2901 2902
f 2969 2968 2901
f 2970 2902 2903
f 2970 2969 2902
f 2971 2903 2904
f 2971 2970 2903
f 2972 2904 2905
f 2972 2971 2904
f 2973 2905 2906
f 2973 2972 2905
f 2974 2906 2907
f 2974 2973 2906
f 2975 2974 2907
f 2975 2907 2908
f 2975 2908 2909
f 2976 2975 2909
f 2977 2976 2909
f 2977 2909 2910
f 2978 2977 2910
f 2978 2910 2911
f 2979 2911 2912
f 2979 2978 2911
f 2980 2912 2913
f 2980 2979 2912
f 2981 2913 2914
f 2981 2980 2913
f 2982 2914 2915
f 2982 2981 2914
f 2983 2915 2916
f 2983 2982 2915
f 2984 2916 2917
f 2984 2983 2916
f 2985 2917 2918
f 2985 2984 2917
f 2986 2918 2919
f 2986 2985 2918
f 2987 2919 2920
f 2987 2986 2919
f 2988 2920 2921
f 2988 2921 2922
f 2988 2987 2920
f 2989 2922 2923
f 2989 2988 2922
f 2990 2989 2923
f 2991 2923 2924
f 2991 2990 2923
f 2992 2924 2925
f 2992 2925 2926
f 2992 2991 2924
f 2993 2992 2926
f 2994 2926 2927
f 2994 2927 2928
f 2994 2993 2926
f 2995 2994 2928
f 2996 2928 2929
f 2996 2995 2928
f 2997 2929 2930
f 2997 2996 2929
f 2998 2930 2931
f 2998 2997 2930
f 2999 2931 2932
f 2999 2998 2931
f 3000 2999 2932
f 3000 2932 2933
f 3000 2933 2934
f 3001 3000 2934
f 3002 3001 2934
f 3002 2934 2935
f 3003 3002 2935
f 3003 2935 2936
f 3004 3003 2936
f 3004 2936 2937
f 3004 2937 2938
f 3005 3004 2938
f 3006 3005 2938
f 3006 2938 2939
f 3007 3006 2939
f 3007 2939 2940
f 3008 3007 2940
f 3008 2940 2941
f 3009 3008 2941
f 3009 2941 2942
f 3010 3009 2942
f 3010 2942 2943
f 3011 3010 2943
f 3011 2943 2944
f 3012 3011 2944
f 3012 2944 2945
f 3013 2945 2946
f 3013 2946 2947
f 3013 3012 2945
f 3014 2947 2948
f 3014 3013 2947
f 3015 3014 2948
f 3016 2948 2949
f 3016 3015 2948
f 3017 2949 2950
f 3017 3016 2949
f 3018 2950 2951
f 3018 3017 2950
f 3019 2951 2952
f 3019 2952 2953
f 3019 3018 2951
f 3020 3019 2953
f 3021 2953 2954
f 3021 2954 2955
f 3021 3020 2953
f 3022 3021 2955
f 3023 2955 2956
f 3023 3022 2955
f 3024 2956 2957
f 3024 2957 2958
f 3024 3023 2956
f 3025 3024 2958
f 3026 3025 2958
f 3026 2958 2959
f 2891 3026 2959
f 2891 2959 2892
f 2865 2864 3001
f 2866 2865 3002
f 2865 3001 3002
f 2864 2863 3000
f 3001 2864 3000
f 2867 2866 3003
f 2866 3002 3003
f 2863 2862 2999
f 3000 2863 2999
f 2868 2867 3004
f 2867 3003 3004
f 2862 2861 2998
f 2999 2862 2998
f 2869 2868 3005
f 2868 3004 3005
f 2861 2860 2997
f 2998 2861 2997
f 2870 2869 3006
f 2869 3005 3006
f 2860 2859 2996
f 2997 2860 2996
f 2871 2870 3007
f 2870 3006 3007
f 2859 2858 2995
f 2996 2859 2995
f 2872 2871 3008
f 2871 3007 3008
f 2995 2858 2994
f 2873 2872 3009
f 2872 3008 3009
f 2994 2858 2857
f 2994 2857 2993
f 2873 3009 3010
f 2874 2873 3010
f 2993 2857 2856
f 2993 2856 2992
f 2874 3010 3011
f 2875 2874 3011
f 2992 2856 2855
f 2992 2855 2991
f 2876 2875 3012
f 2875 3011 3012
f 2991 2855 2854
f 2991 2854 2990
f 2877 2876 3013
f 2876 3012 3013
f 2990 2854 2853
f 2990 2853 2989
f 2878 2877 3014
f 2877 3013 3014
f 2989 2853 2852
f 2989 2852 2988
f 2878 3014 3015
f 2878 3015 2879
f 2988 2852 2851
f 2988 2851 2987
f 2879 3015 3016
f 2879 3016 2880
f 2987 2851 2850
f 2880 3016 3017
f 2987 2850 2986
f 2880 3017 2881
f 2986 2850 2849
f 2881 3017 3018
f 2986 2849 2985
f 2881 3018 2882
f 2985 2849 2848
f 2882 3018 3019
f 2985 2848 2984
f 2882 3019 2883
f 2984 2848 2847
f 2883 3019 3020
f 2984 2847 2983
f 2883 3020 2884
f 2983 2847 2846
f 2884 3020 3021
f 2983 2846 2982
f 2884 3021 2885
f 2982 2846 2845
f 2885 3021 3022
f 2982 2845 2981
f 2885 3022 2886
f 2981 2845 2844
f 2886 3022 3023
f 2981 2844 2980
f 2886 3023 2887
f 2980 2844 2843
f 2887 3023 3024
f 2980 2843 2979
f 2887 3024 2888
f 2979 2843 2842
f 2888 3024 3025
f 2979 2842 2978
f 2888 3025 2889
f 2978 2842 2841
f 2889 3025 3026
f 2978 2841 2977
f 2889 3026 2890
f 2977 2841 2840
f 2890 3026 2891
f 2977 2840 2976
f 2890 2891 2753
f 2976 2840 2839
f 2976 2839 2975
f 2753 2891 2823
f 2891 2960 2823
f 2975 2839 2838
f 2975 2838 2974
f 2823 2960 2824
f 2960 2961 2824
f 2974 2838 2837
f 2974 2837 2973
f 2824 2961 2825
f 2961 2962 2825
f 2973 2837 2836
f 2972 2973 2836
f 2825 2962 2826
f 2962 2963 2826
f 2972 2836 2835
f 2971 2972 2835
f 2963 2964 2827
f 2826 2963 2827
f 2970 2971 2834
f 2971 2835 2834
f 2964 2965 2828
f 2827 2964 2828
f 2969 2970 2833
f 2970 2834 2833
f 2828 2965 2829
f 2965 2966 2829
f 2969 2833 2832
f 2968 2969 2832
f 2829 2966 2830
f 2966 2967 2830
f 2968 2832 2831
f 2830 2967 2831
f 2967 2968 2831
f 2934 2796 2797
f 2935 2797 2798
f 2935 2934 2797
f 2933 2795 2796
f 2933 2796 2934
f 2936 2798 2799
f 2936 2935 2798
f 2932 2794 2795
f 2932 2795 2933
f 2937 2799 2800
f 2937 2936 2799
f 2931 2793 2794
f 2931 2794 2932
f 2938 2800 2801
f 2938 2937 2800
f 2930 2792 2793
f 2930 2793 2931
f 2939 2801 2802
f 2939 2938 2801
f 2929 2791 2792
f 2929 2792 2930
f 2940 2802 2803
f 2940 2939 2802
f 2928 2790 2791
f 2928 2791 2929
f 2941 2803 2804
f 2941 2940 2803
f 2927 2790 2928
f 2942 2804 2805
f 2942 2941 2804
f 2789 2790 2927
f 2926 2789 2927
f 2943 2942 2805
f 2943 2805 2806
f 2788 2789 2926
f 2925 2788 2926
f 2944 2943 2806
f 2944 2806 2807
f 2787 2788 2925
f 2924 2787 2925
f 2945 2807 2808
f 2945 2944 2807
f 2786 2787 2924
f 2923 2786 2924
f 2946 2808 2809
f 2946 2945 2808
f 2785 2786 2923
f 2922 2785 2923
f 2947 2809 2810
f 2947 2946 2809
f 2784 2785 2922
f 2921 2784 2922
f 2948 2947 2810
f 2811 2948 2810
f 2783 2784 2921
f 2920 2783 2921
f 2949 2948 2811
f 2812 2949 2811
f 2782 2783 2920
f 2950 2949 2812
f 2919 2782 2920
f 2813 2950 2812
f 2781 2782 2919
f 2951 2950 2813
f 2918 2781 2919
f 2814 2951 2813
f 2780 2781 2918
f 2952 2951 2814
f 2917 2780 2918
f 2815 2952 2814
f 2779 2780 2917
f 2953 2952 2815
f 2916 2779 2917
f 2816 2953 2815
f 2778 2779 2916
f 2954 2953 2816
f 2915 2778 2916
f 2817 2954 2816
f 2777 2778 2915
f 2955 2954 2817
f 2914 2777 2915
f 2818 2955 2817
f 2776 2777 2914
f 2956 2955 2818
f 2913 2776 2914
f 2819 2956 2818
f 2775 2776 2913
f 2957 2956 2819
f 2912 2775 2913
f 2820 2957 2819
f 2774 2775 2912
f 2958 2957 2820
f 2911 2774 2912
f 2821 2958 2820
f 2773 2774 2911
f 2959 2958 2821
f 2910 2773 2911
f 2822 2959 2821
f 2772 2773 2910
f 2892 2959 2822
f 2909 2772 2910
f 2754 2892 2822
f 2771 2772 2909
f 2908 2771 2909
f 2755 2892 2754
f 2755 2893 2892
f 2770 2771 2908
f 2907 2770 2908
f 2756 2893 2755
f 2756 2894 2893
f 2769 2770 2907
f 2906 2769 2907
f 2757 2894 2756
f 2757 2895 2894
f 2768 2769 2906
f 2768 2906 2905
f 2758 2895 2757
f 2758 2896 2895
f 2767 2768 2905
f 2767 2905 2904
f 2759 2897 2896
f 2759 2896 2758
f 2766 2904 2903
f 2766 2767 2904
f 2760 2898 2897
f 2760 2897 2759
f 2765 2903 2902
f 2765 2766 2903
f 2761 2898 2760
f 2761 2899 2898
f 2764 2765 2902
f 2764 2902 2901
f 2762 2899 2761
f 2762 2900 2899
f 2763 2764 2901
f 2763 2900 2762
f 2763 2901 2900
f 3028 3027 3099
f 3029 3028 3099
f 3030 3029 3100
f 3029 3099 3100
f 3031 3030 3101
f 3030 3100 3101
f 3032 3031 3102
f 3031 3101 3102
f 3033 3032 3103
f 3032 3102 3103
f 3034 3033 3104
f 3033 3103 3104
f 3035 3034 3105
f 3034 3104 3105
f 3036 3035 3106
f 3035 3105 3106
f 3037 3036 3107
f 3036 3106 3107
f 3038 3037 3108
f 3037 3107 3108
f 3039 3038 3109
f 3038 3108 3109
f 3040 3039 3110
f 3039 3109 3110
f 3041 3040 3111
f 3042 3041 3111
f 3040 3110 3111
f 3042 3111 3112
f 3043 3042 3112
f 3043 3112 3113
f 3043 3113 3114
f 3044 3043 3114
f 3044 3114 3115
f 3045 3044 3115
f 3046 3045 3116
f 3045 3115 3116
f 3047 3046 3116
f 3047 3116 3117
f 3048 3047 3117
f 3048 3117 3118
f 3048 3118 3119
f 3049 3048 3119
f 3050 3049 3120
f 3049 3119 3120
f 3051 3050 3121
f 3052 3051 3121
f 3050 3120 3121
f 3052 3121 3122
f 3053 3052 3123
f 3054 3053 3123
f 3052 3122 3123
f 3055 3054 3124
f 3054 3123 3124
f 3055 3124 3125
f 3056 3055 3126
f 3057 3056 3126
f 3055 3125 3126
f 3057 3126 3127
f 3058 3057 3128
f 3057 3127 3128
f 3059 3058 3129
f 3058 3128 3129
f 3060 3059 3130
f 3061 3060 3130
f 3059 3129 3130
f 3062 3061 3131
f 3061 3130 3131
f 3062 3131 3132
f 3063 3062 3133
f 3062 3132 3133
f 3064 3063 3134
f 3065 3064 3134
f 3063 3133 3134
f 3066 3065 3135
f 3065 3134 3135
f 3066 3135 3136
f 3066 3136 3137
f 3067 3066 3137
f 3068 3067 3137
f 3068 3137 3138
f 3068 3138 3139
f 3069 3068 3139
f 3070 3069 3139
f 3070 3139 3140
f 3070 3140 3141
f 3071 3070 3141
f 3072 3071 3141
f 3072 3141 3142
f 3072 3142 3143
f 3073 3072 3143
f 3073 3143 3144
f 3074 3073 3144
f 3074 3144 3145
f 3075 3074 3145
f 3075 3145 3146
f 3076 3075 3146
f 3076 3146 3147
f 3077 3076 3147
f 3077 3147 3148
f 3078 3077 3148
f 3078 3148 3149
f 3079 3078 3149
f 3080 3079 3149
f 3080 3149 3150
f 3081 3080 3150
f 3081 3150 3151
f 3082 3081 3152
f 3083 3082 3152
f 3081 3151 3152
f 3084 3083 3153
f 3083 3152 3153
f 3084 3153 3154
f 3085 3084 3155
f 3084 3154 3155
f 3086 3085 3156
f 3087 3086 3156
f 3085 3155 3156
f 3087 3156 3157
f 3088 3087 3158
f 3087 3157 3158
f 3089 3088 3159
f 3090 3089 3159
f 3088 3158 3159
f 3091 3090 3160
f 3090 3159 3160
f 3091 3160 3161
f 3091 3161 3162
f 3092 3091 3162
f 3093 3092 3162
f 3093 3162 3163
f 3093 3163 3164
f 3094 3093 3164
f 3095 3094 3164
f 3095 3164 3165
f 3095 3165 3166
f 3096 3095 3166
f 3096 3166 3167
f 3097 3096 3167
f 3097 3167 3168
f 3098 3097 3168
f 3098 3168 3027
f 3028 3098 3027
f 3239 3169 3170
f 3239 3170 3171
f 3240 3171 3172
f 3240 3239 3171
f 3241 3172 3173
f 3241 3240 3172
f 3242 3173 3174
f 3242 3241 3173
f 3243 3174 3175
f 3243 3242 3174
f 3244 3175 3176
f 3244 3243 3175
f 3245 3176 3177
f 3245 3244 3176
f 3246 3177 3178
f 3246 3245 3177
f 3247 3178 3179
f 3247 3246 3178
f 3248 3179 3180
f 3248 3247 3179
f 3249 3180 3181
f 3249 3181 3182
f 3249 3248 3180
f 3250 3249 3182
f 3251 3182 3183
f 3251 3250 3182
f 3252 3183 3184
f 3252 3251 3183
f 3253 3252 3184
f 3253 3184 3185
f 3253 3185 3186
f 3254 3253 3186
f 3255 3254 3186
f 3255 3186 3187
f 3256 3255 3187
f 3256 3187 3188
f 3257 3188 3189
f 3257 3256 3188
f 3258 3189 3190
f 3258 3257 3189
f 3259 3190 3191
f 3259 3258 3190
f 3260 3191 3192
f 3260 3259 3191
f 3261 3192 3193
f 3261 3260 3192
f 3262 3193 3194
f 3262 3261 3193
f 3263 3194 3195
f 3263 3195 3196
f 3263 3262 3194
f 3264 3263 3196
f 3265 3196 3197
f 3265 3197 3198
f 3265 3264 3196
f 3266 3265 3198
f 3267 3198 3199
f 3267 3266 3198
f 3268 3199 3200
f 3268 3267 3199
f 3269 3200 3201
f 3269 3268 3200
f 3270 3201 3202
f 3270 3269 3201
f 3271 3202 3203
f 3271 3203 3204
f 3271 3270 3202
f 3272 3271 3204
f 3273 3204 3205
f 3273 3205 3206
f 3273 3272 3204
f 3274 3273 3206
f 3275 3206 3207
f 3275 3274 3206
f 3276 3207 3208
f 3276 3208 3209
f 3276 3275 3207
f 3277 3276 3209
f 3278 3277 3209
f 3278 3209 3210
f 3279 3278 3210
f 3279 3210 3211
f 3280 3279 3211
f 3280 3211 3212
f 3281 3280 3212
f 3281 3212 3213
f 3282 3281 3213
f 3282 3213 3214
f 3283 3282 3214
f 3283 3214 3215
f 3284 3283 3215
f 3284 3215 3216
f 3285 3284 3216
f 3285 3216 3217
f 3285 3217 3218
f 3286 3285 3218
f 3286 3218 3219
f 3287 3286 3219
f 3288 3287 3219
f 3288 3219 3220
f 3289 3288 3220
f 3289 3220 3221
f 3289 3221 3222
f 3290 3289 3222
f 3290 3222 3223
f 3291 3290 3223
f 3292 3223 3224
f 3292 3291 3223
f 3293 3224 3225
f 3293 3292 3224
f 3294 3225 3226
f 3294 3293 3225
f 3295 3226 3227
f 3295 3294 3226
f 3296 3227 3228
f 3296 3295 3227
f 3297 3228 3229
f 3297 3296 3228
f 3298 3229 3230
f 3298 3297 3229
f 3299 3230 3231
f 3299 3298 3230
f 3300 3231 3232
f 3300 3299 3231
f 3301 3232 3233
f 3301 3233 3234
f 3301 3300 3232
f 3302 3301 3234
f 3303 3302 3234
f 3303 3234 3235
f 3304 3303 3235
f 3304 3235 3236
f 3305 3304 3236
f 3305 3236 3237
f 3306 3305 3237
f 3306 3237 3238
f 3306 3238 3170
f 3169 3306 3170
f 3143 3142 3281
f 3144 3143 3282
f 3143 3281 3282
f 3142 3141 3280
f 3281 3142 3280
f 3145 3144 3283
f 3144 3282 3283
f 3141 3140 3279
f 3280 3141 3279
f 3146 3145 3284
f 3145 3283 3284
f 3140 3139 3278
f 3279 3140 3278
f 3147 3146 3285
f 3146 3284 3285
f 3139 3138 3277
f 3278 3139 3277
f 3148 3147 3286
f 3147 3285 3286
f 3138 3137 3276
f 3277 3138 3276
f 3149 3148 3287
f 3148 3286 3287
f 3137 3136 3275
f 3276 3137 3275
f 3150 3149 3288
f 3149 3287 3288
f 3136 3135 3274
f 3275 3136 3274
f 3150 3288 3289
f 3150 3289 3151
f 3274 3135 3273
f 3135 3134 3273
f 3151 3289 3290
f 3151 3290 3152
f 3273 3134 3272
f 3134 3133 3272
f 3272 3133 3132
f 3152 3290 3291
f 3152 3291 3153
f 3272 3132 3271
f 3271 3132 3131
f 3153 3291 3292
f 3153 3292 3154
f 3271 3131 3270
f 3270 3131 3130
f 3154 3292 3293
f 3154 3293 3155
f 3270 3130 3269
f 3269 3130 3129
f 3155 3293 3294
f 3155 3294 3156
f 3269 3129 3268
f 3268 3129 3128
f 3156 3294 3295
f 3156 3295 3157
f 3268 3128 3267
f 3267 3128 3127
f 3157 3295 3296
f 3157 3296 3158
f 3267 3127 3266
f 3266 3127 3126
f 3158 3296 3297
f 3158 3297 3159
f 3266 3126 3265
f 3265 3126 3125
f 3159 3297 3298
f 3159 3298 3160
f 3265 3125 3264
f 3160 3298 3299
f 3264 3125 3124
f 3264 3124 3263
f 3160 3299 3161
f 3161 3299 3300
f 3263 3124 3123
f 3263 3123 3262
f 3161 3300 3162
f 3162 3300 3301
f 3262 3123 3122
f 3262 3122 3261
f 3162 3301 3163
f 3163 3301 3302
f 3261 3122 3121
f 3261 3121 3260
f 3163 3302 3164
f 3164 3302 3303
f 3260 3121 3120
f 3260 3120 3259
f 3164 3303 3165
f 3165 3303 3304
f 3259 3120 3119
f 3259 3119 3258
f 3165 3304 3166
f 3166 3304 3305
f 3258 3119 3118
f 3258 3118 3257
f 3166 3305 3167
f 3167 3305 3306
f 3257 3118 3117
f 3257 3117 3256
f 3167 3306 3168
f 3168 3306 3169
f 3256 3117 3116
f 3256 3116 3255
f 3168 3169 3027
f 3255 3116 3115
f 3255 3115 3254
f 3027 3169 3099
f 3169 3239 3099
f 3254 3115 3114
f 3253 3254 3114
f 3099 3239 3100
f 3239 3240 3100
f 3253 3114 3113
f 3252 3253 3113
f 3100 3240 3101
f 3240 3241 3101
f 3252 3113 3112
f 3251 3252 3112
f 3241 3242 3102
f 3101 3241 3102
f 3250 3251 3111
f 3251 3112 3111
f 3102 3242 3103
f 3242 3243 3103
f 3249 3250 3110
f 3250 3111 3110
f 3243 3244 3104
f 3103 3243 3104
f 3249 3110 3109
f 3248 3249 3109
f 3244 3245 3105
f 3104 3244 3105
f 3248 3109 3108
f 3247 3248 3108
f 3105 3245 3106
f 3245 3246 3106
f 3247 3108 3107
f 3106 3246 3107
f 3246 3247 3107
f 3213 3072 3073
f 3214 3073 3074
f 3214 3213 3073
f 3212 3071 3072
f 3212 3072 3213
f 3215 3074 3075
f 3215 3214 3074
f 3211 3070 3071
f 3211 3071 3212
f 3216 3075 3076
f 3216 3215 3075
f 3210 3069 3070
f 3210 3070 3211
f 3217 3076 3077
f 3217 3216 3076
f 3209 3068 3069
f 3209 3069 3210
f 3218 3077 3078
f 3218 3217 3077
f 3208 3067 3068
f 3208 3068 3209
f 3219 3078 3079
f 3219 3218 3078
f 3207 3066 3067
f 3207 3067 3208
f 3220 3079 3080
f 3220 3219 3079
f 3206 3065 3066
f 3206 3066 3207
f 3221 3220 3080
f 3081 3221 3080
f 3205 3065 3206
f 3205 3064 3065
f 3222 3221 3081
f 3082 3222 3081
f 3204 3064 3205
f 3204 3063 3064
f 3062 3063 3204
f 3223 3222 3082
f 3083 3223 3082
f 3203 3062 3204
f 3061 3062 3203
f 3224 3223 3083
f 3084 3224 3083
f 3202 3061 3203
f 3060 3061 3202
f 3225 3224 3084
f 3085 3225 3084
f 3201 3060 3202
f 3059 3060 3201
f 3226 3225 3085
f 3086 3226 3085
f 3200 3059 3201
f 3058 3059 3200
f 3227 3226 3086
f 3087 3227 3086
f 3199 3058 3200
f 3057 3058 3199
f 3228 3227 3087
f 3088 3228 3087
f 3198 3057 3199
f 3056 3057 3198
f 3229 3228 3088
f 3089 3229 3088
f 3197 3056 3198
f 3055 3056 3197
f 3230 3229 3089
f 3090 3230 3089
f 3196 3055 3197
f 3231 3230 3090
f 3054 3055 3196
f 3195 3054 3196
f 3091 3231 3090
f 3232 3231 3091
f 3053 3054 3195
f 3194 3053 3195
f 3092 3232 3091
f 3233 3232 3092
f 3052 3053 3194
f 3193 3052 3194
f 3093 3233 3092
f 3234 3233 3093
f 3051 3052 3193
f 3192 3051 3193
f 3094 3234 3093
f 3235 3234 3094
f 3050 3051 3192
f 3191 3050 3192
f 3095 3235 3094
f 3236 3235 3095
f 3049 3050 3191
f 3190 3049 3191
f 3096 3236 3095
f 3237 3236 3096
f 3048 3049 3190
f 3189 3048 3190
f 3097 3237 3096
f 3238 3237 3097
f 3047 3048 3189
f 3188 3047 3189
f 3098 3238 3097
f 3170 3238 3098
f 3046 3047 3188
f 3187 3046 3188
f 3028 3170 3098
f 3045 3046 3187
f 3186 3045 3187
f 3029 3170 3028
f 3029 3171 3170
f 3044 3045 3186
f 3044 3186 3185
f 3030 3171 3029
f 3030 3172 3171
f 3043 3044 3185
f 3043 3185 3184
f 3031 3172 3030
f 3031 3173 3172
f 3042 3043 3184
f 3042 3184 3183
f 3032 3174 3173
f 3032 3173 3031
f 3041 3183 3182
f 3041 3042 3183
f 3033 3174 3032
f 3033 3175 3174
f 3040 3182 3181
f 3040 3041 3182
f 3034 3176 3175
f 3034 3175 3033
f 3039 3040 3181
f 3039 3181 3180
f 3035 3177 3176
f 3035 3176 3034
f 3038 3039 3180
f 3038 3180 3179
f 3036 3177 3035
f 3036 3178 3177
f 3037 3038 3179
f 3037 3178 3036
f 3037 3179 3178
o windows_63851_M_Instance_-_Fixed:70X190:5793
v -411200.2299 -270533.8096 61.7947
v -411200.2299 -270533.8096 61.8138
v -411200.2536 -270533.8185 61.8138
v -411200.2536 -270533.8185 61.7947
v -411199.7273 -270535.2231 61.8138
v -411199.7273 -270535.2231 61.7947
v -411199.7035 -270535.2142 61.8138
v -411199.7035 -270535.2142 61.7947
v -411199.7941 -270535.1804 61.8582
v -411199.7941 -270535.1804 62.4312
v -411199.7822 -270535.1759 62.4312
v -411199.7822 -270535.1759 61.8582
v -411200.2640 -270533.8902 62.4312
v -411200.2640 -270533.8902 61.8582
v -411200.2759 -270533.8947 62.4312
v -411200.2759 -270533.8947 61.8582
v -411200.3064 -270533.8586 62.4757
v -411200.2647 -270533.8430 62.4757
v -411199.7518 -270535.2120 62.4757
v -411199.7934 -270535.2276 62.4757
v -411199.7518 -270535.2120 61.8138
v -411199.7934 -270535.2276 61.8138
v -411200.2647 -270533.8430 61.8138
v -411200.3064 -270533.8586 61.8138
v -411200.2908 -270533.9002 62.4312
v -411200.2491 -270533.8846 62.4312
v -411200.2491 -270533.8846 61.8582
v -411200.2908 -270533.9002 61.8582
v -411199.7674 -270535.1703 61.8582
v -411199.8090 -270535.1859 61.8582
v -411199.7674 -270535.1703 62.4312
v -411199.8090 -270535.1859 62.4312
v -411200.4409 -270533.8887 62.4947
v -411200.3131 -270533.8408 62.4947
v -411199.7867 -270535.2454 62.4947
v -411199.9146 -270535.2933 62.4947
v -411199.7867 -270535.2454 61.7947
v -411199.9146 -270535.2933 61.7947
v -411200.3131 -270533.8408 61.7947
v -411200.4409 -270533.8887 61.7947
v -411200.4298 -270533.9184 62.4630
v -411200.3019 -270533.8705 62.4630
v -411200.3019 -270533.8705 61.8265
v -411200.4298 -270533.9184 61.8265
v -411199.7979 -270535.2157 61.8265
v -411199.9257 -270535.2636 61.8265
v -411199.7979 -270535.2157 62.4630
v -411199.9257 -270535.2636 62.4630
v -411199.7867 -270535.2454 62.4947
v -411199.7273 -270535.2231 62.4947
v -411199.7273 -270535.2231 61.7947
v -411199.7867 -270535.2454 61.7947
v -411200.2536 -270533.8185 61.7947
v -411200.3131 -270533.8408 61.7947
v -411200.2536 -270533.8185 62.4947
v -411200.3131 -270533.8408 62.4947
v -411199.7934 -270535.2276 62.4757
v -411199.7340 -270535.2053 62.4757
v -411200.2470 -270533.8363 62.4757
v -411200.3064 -270533.8586 62.4757
v -411200.2470 -270533.8363 61.8138
v -411200.3064 -270533.8586 61.8138
v -411199.7340 -270535.2053 61.8138
v -411199.7934 -270535.2276 61.8138
f 3308 3307 3310
f 3309 3308 3310
f 3309 3310 3312
f 3311 3309 3312
f 3311 3312 3314
f 3313 3311 3314
f 3313 3314 3307
f 3308 3313 3307
f 3310 3307 3312
f 3307 3314 3312
f 3311 3308 3309
f 3311 3313 3308
f 3316 3315 3318
f 3317 3316 3318
f 3317 3318 3320
f 3319 3317 3320
f 3319 3320 3322
f 3321 3319 3322
f 3321 3322 3315
f 3316 3321 3315
f 3318 3315 3320
f 3315 3322 3320
f 3319 3316 3317
f 3319 3321 3316
f 3324 3323 3326
f 3325 3324 3326
f 3325 3326 3328
f 3327 3325 3328
f 3327 3328 3330
f 3329 3327 3330
f 3329 3330 3323
f 3324 3329 3323
f 3332 3331 3334
f 3333 3332 3334
f 3333 3334 3336
f 3335 3333 3336
f 3335 3336 3338
f 3337 3335 3338
f 3337 3338 3331
f 3332 3337 3331
f 3331 3323 3334
f 3334 3323 3330
f 3326 3323 3338
f 3323 3331 3338
f 3326 3338 3336
f 3326 3336 3328
f 3334 3330 3328
f 3336 3334 3328
f 3333 3324 3332
f 3329 3324 3333
f 3337 3324 3325
f 3337 3332 3324
f 3335 3337 3325
f 3327 3335 3325
f 3327 3329 3333
f 3327 3333 3335
f 3340 3339 3342
f 3341 3340 3342
f 3341 3342 3344
f 3343 3341 3344
f 3343 3344 3346
f 3345 3343 3346
f 3345 3346 3339
f 3340 3345 3339
f 3348 3347 3350
f 3349 3348 3350
f 3349 3350 3352
f 3351 3349 3352
f 3351 3352 3354
f 3353 3351 3354
f 3353 3354 3347
f 3348 3353 3347
f 3347 3339 3346
f 3347 3346 3350
f 3342 3339 3354
f 3339 3347 3354
f 3354 3352 3344
f 3342 3354 3344
f 3350 3346 3344
f 3352 3350 3344
f 3345 3340 3348
f 3349 3345 3348
f 3353 3340 3341
f 3353 3348 3340
f 3343 3351 3353
f 3343 3353 3341
f 3343 3345 3349
f 3343 3349 3351
f 3356 3355 3358
f 3357 3356 3358
f 3357 3358 3360
f 3359 3357 3360
f 3359 3360 3362
f 3361 3359 3362
f 3361 3362 3355
f 3356 3361 3355
f 3364 3363 3366
f 3365 3364 3366
f 3365 3366 3368
f 3367 3365 3368
f 3367 3368 3370
f 3369 3367 3370
f 3369 3370 3363
f 3364 3369 3363
f 3355 3363 3358
f 3358 3363 3370
f 3363 3355 3362
f 3363 3362 3366
f 3368 3366 3360
f 3370 3368 3360
f 3358 3370 3360
f 3366 3362 3360
f 3357 3364 3356
f 3369 3364 3357
f 3361 3356 3364
f 3365 3361 3364
f 3359 3365 3367
f 3359 3367 3369
f 3359 3369 3357
f 3359 3361 3365
o windows_64337_ממד_נגרר-דו_כנפי-שמאל:100/100:
v -411201.3531 -270526.3945 59.7047
v -411202.2240 -270526.5211 59.7047
v -411202.2240 -270526.5211 58.8247
v -411201.3531 -270526.3945 58.8247
v -411202.2248 -270526.5152 59.7047
v -411202.2248 -270526.5152 58.8247
v -411201.3540 -270526.3885 58.8247
v -411201.3540 -270526.3885 59.7047
v -411201.3104 -270526.4105 59.7447
v -411202.2604 -270526.5486 59.7447
v -411202.2604 -270526.5486 58.7847
v -411201.3104 -270526.4105 58.7847
v -411201.3500 -270526.4162 59.7047
v -411201.3500 -270526.4162 58.8247
v -411202.2208 -270526.5429 58.8247
v -411202.2208 -270526.5429 59.7047
v -411202.2676 -270526.4991 59.7447
v -411202.2676 -270526.4991 58.7847
v -411201.3176 -270526.3610 58.7847
v -411201.3176 -270526.3610 59.7447
v -411201.3572 -270526.3668 59.7047
v -411201.3572 -270526.3668 58.8247
v -411202.2280 -270526.4934 58.8247
v -411202.2280 -270526.4934 59.7047
v -411202.3000 -270526.5544 59.7847
v -411202.3000 -270526.5544 58.7447
v -411201.2708 -270526.4047 58.7447
v -411201.2708 -270526.4047 59.7847
v -411201.3104 -270526.4105 59.7447
v -411201.3104 -270526.4105 58.7847
v -411202.2604 -270526.5486 58.7847
v -411202.2604 -270526.5486 59.7447
v -411202.3072 -270526.5049 59.7847
v -411202.3072 -270526.5049 58.7447
v -411201.2780 -270526.3553 58.7447
v -411201.2780 -270526.3553 59.7847
v -411201.3176 -270526.3610 59.7447
v -411201.3176 -270526.3610 58.7847
v -411202.2676 -270526.4991 58.7847
v -411202.2676 -270526.4991 59.7447
v -411202.7557 -270526.4084 59.7997
v -411202.7557 -270526.4084 58.7397
v -411202.2114 -270526.3293 58.7397
v -411202.2114 -270526.3293 59.7997
v -411202.7579 -270526.3936 59.7997
v -411202.7579 -270526.3936 58.7397
v -411202.2136 -270526.3144 58.7397
v -411202.2136 -270526.3144 59.7997
v -411201.4198 -270526.2142 58.7397
v -411201.4198 -270526.2142 59.7997
v -411201.4219 -270526.1993 59.7997
v -411201.4219 -270526.1993 58.7397
v -411200.8755 -270526.1351 58.7397
v -411200.8777 -270526.1202 58.7397
v -411200.8755 -270526.1351 59.7997
v -411200.8777 -270526.1202 59.7997
v -411201.2680 -270526.1113 58.6797
v -411201.2680 -270526.1113 58.7147
v -411202.3862 -270526.2739 58.7147
v -411202.3862 -270526.2739 58.6797
v -411201.2694 -270526.1014 58.6797
v -411201.2694 -270526.1014 58.7247
v -411201.2565 -270526.1904 58.7247
v -411201.2565 -270526.1904 59.8097
v -411201.2586 -270526.1756 59.8097
v -411201.2586 -270526.1756 59.7797
v -411201.2694 -270526.1014 59.7797
v -411201.2694 -270526.1014 59.8197
v -411201.2680 -270526.1113 59.8197
v -411201.2680 -270526.1113 59.7897
v -411201.2601 -270526.1657 59.7897
v -411201.2601 -270526.1657 59.8197
v -411201.2551 -270526.2003 59.8197
v -411201.2551 -270526.2003 58.7147
v -411202.3733 -270526.3629 58.7147
v -411202.3733 -270526.3629 59.8197
v -411202.3783 -270526.3283 59.8197
v -411202.3783 -270526.3283 59.7897
v -411202.3862 -270526.2739 59.7897
v -411202.3862 -270526.2739 59.8197
v -411202.3877 -270526.2640 59.8197
v -411202.3877 -270526.2640 59.7797
v -411202.3769 -270526.3382 59.7797
v -411202.3769 -270526.3382 59.8097
v -411202.3747 -270526.3530 59.8097
v -411202.3747 -270526.3530 58.7247
v -411202.3877 -270526.2640 58.7247
v -411202.3877 -270526.2640 58.6797
v -411201.3208 -270526.1998 59.7647
v -411202.3104 -270526.3437 59.7647
v -411202.3104 -270526.3437 58.7647
v -411201.3208 -270526.1998 58.7647
v -411202.3189 -270526.3550 59.7747
v -411201.3095 -270526.2083 59.7747
v -411201.3095 -270526.2083 58.7547
v -411202.3189 -270526.3550 58.7547
v -411201.2624 -270526.3934 59.7947
v -411201.2475 -270526.3912 59.8097
v -411201.2475 -270526.3912 58.7197
v -411201.2624 -270526.3934 58.7347
v -411201.2461 -270526.4011 59.8097
v -411201.2461 -270526.4011 58.7197
v -411202.3262 -270526.5481 58.7197
v -411202.3113 -270526.5459 58.7347
v -411201.2695 -270526.3439 58.7347
v -411201.2695 -270526.3439 59.7947
v -411202.3185 -270526.4964 58.7347
v -411201.2893 -270526.3468 58.7547
v -411201.2893 -270526.3468 59.7747
v -411202.2987 -270526.4936 58.7547
v -411201.2978 -270526.3581 58.7647
v -411201.2978 -270526.3581 59.7647
v -411202.2874 -270526.5020 58.7647
v -411201.2780 -270526.3553 58.7447
v -411201.2780 -270526.3553 59.7847
v -411202.3072 -270526.5049 58.7447
v -411201.2708 -270526.4047 58.7447
v -411201.2708 -270526.4047 59.7847
v -411202.3000 -270526.5544 58.7447
v -411202.3247 -270526.5580 58.7197
v -411202.3262 -270526.5481 59.8097
v -411202.3113 -270526.5459 59.7947
v -411202.3185 -270526.4964 59.7947
v -411202.2987 -270526.4936 59.7747
v -411202.2874 -270526.5020 59.7647
v -411202.3072 -270526.5049 59.7847
v -411202.3000 -270526.5544 59.7847
v -411202.3247 -270526.5580 59.8097
f 3374 3371 3372
f 3374 3372 3373
f 3372 3375 3376
f 3372 3376 3373
f 3376 3374 3373
f 3376 3377 3374
f 3378 3371 3374
f 3378 3374 3377
f 3378 3377 3376
f 3378 3376 3375
f 3378 3372 3371
f 3378 3375 3372
f 3385 3380 3381
f 3385 3386 3380
f 3383 3379 3380
f 3383 3380 3386
f 3382 3384 3385
f 3382 3385 3381
f 3382 3379 3383
f 3382 3383 3384
f 3380 3387 3388
f 3380 3388 3381
f 3388 3382 3381
f 3388 3389 3382
f 3390 3379 3382
f 3390 3382 3389
f 3383 3391 3392
f 3383 3392 3384
f 3392 3385 3384
f 3392 3393 3385
f 3394 3386 3385
f 3394 3385 3393
f 3387 3394 3393
f 3387 3393 3388
f 3392 3389 3388
f 3392 3388 3393
f 3390 3391 3394
f 3390 3394 3387
f 3390 3389 3392
f 3390 3392 3391
f 3390 3380 3379
f 3390 3387 3380
f 3394 3383 3386
f 3394 3391 3383
f 3396 3401 3402
f 3396 3402 3395
f 3398 3402 3399
f 3398 3395 3402
f 3397 3400 3401
f 3397 3401 3396
f 3397 3398 3399
f 3397 3399 3400
f 3395 3403 3404
f 3395 3404 3396
f 3404 3397 3396
f 3404 3405 3397
f 3406 3398 3397
f 3406 3397 3405
f 3399 3407 3408
f 3399 3408 3400
f 3408 3401 3400
f 3408 3409 3401
f 3410 3402 3401
f 3410 3401 3409
f 3410 3404 3403
f 3410 3409 3404
f 3408 3405 3404
f 3408 3404 3409
f 3406 3407 3410
f 3406 3410 3403
f 3406 3405 3408
f 3406 3408 3407
f 3406 3395 3398
f 3406 3403 3395
f 3410 3399 3402
f 3410 3407 3399
f 3413 3411 3412
f 3413 3414 3411
f 3411 3415 3416
f 3411 3416 3412
f 3416 3413 3412
f 3416 3417 3413
f 3418 3414 3413
f 3418 3413 3417
f 3418 3411 3414
f 3418 3415 3411
f 3417 3415 3418
f 3417 3416 3415
f 3420 3421 3422
f 3420 3422 3419
f 3422 3423 3419
f 3422 3424 3423
f 3426 3425 3423
f 3426 3423 3424
f 3424 3422 3421
f 3424 3421 3426
f 3426 3420 3425
f 3426 3421 3420
f 3423 3425 3420
f 3423 3420 3419
f 3427 3428 3429
f 3427 3429 3430
f 3428 3427 3431
f 3432 3428 3431
f 3432 3433 3428
f 3435 3443 3434
f 3435 3436 3441
f 3442 3435 3441
f 3442 3443 3435
f 3440 3436 3437
f 3440 3441 3436
f 3438 3439 3440
f 3438 3440 3437
f 3433 3434 3443
f 3433 3443 3444
f 3444 3428 3433
f 3445 3429 3428
f 3445 3428 3444
f 3429 3457 3458
f 3429 3458 3430
f 3456 3457 3429
f 3451 3452 3449
f 3450 3451 3449
f 3453 3448 3449
f 3453 3449 3452
f 3454 3447 3448
f 3454 3448 3453
f 3446 3454 3455
f 3446 3447 3454
f 3429 3445 3456
f 3455 3456 3445
f 3455 3445 3446
f 3458 3427 3430
f 3458 3431 3427
f 3437 3452 3451
f 3438 3437 3451
f 3433 3457 3456
f 3432 3457 3433
f 3460 3456 3455
f 3460 3461 3456
f 3462 3456 3461
f 3433 3456 3462
f 3459 3433 3462
f 3434 3459 3460
f 3434 3460 3455
f 3434 3433 3459
f 3445 3463 3446
f 3466 3463 3445
f 3464 3446 3463
f 3443 3446 3464
f 3465 3466 3445
f 3444 3464 3465
f 3444 3465 3445
f 3444 3443 3464
f 3468 3469 3470
f 3468 3470 3467
f 3468 3471 3472
f 3468 3472 3469
f 3469 3473 3474
f 3469 3474 3470
f 3476 3467 3470
f 3476 3470 3475
f 3477 3475 3470
f 3477 3470 3474
f 3476 3475 3478
f 3476 3478 3479
f 3478 3475 3477
f 3478 3477 3480
f 3464 3479 3478
f 3464 3478 3465
f 3480 3465 3478
f 3480 3466 3465
f 3482 3459 3462
f 3482 3462 3481
f 3461 3481 3462
f 3461 3483 3481
f 3484 3485 3482
f 3484 3482 3481
f 3484 3481 3483
f 3484 3483 3486
f 3488 3485 3484
f 3488 3484 3487
f 3484 3486 3489
f 3484 3489 3487
f 3472 3471 3488
f 3472 3488 3487
f 3472 3487 3489
f 3472 3489 3490
f 3473 3469 3472
f 3473 3472 3490
f 3492 3474 3473
f 3491 3492 3473
f 3492 3477 3474
f 3492 3493 3477
f 3494 3480 3477
f 3494 3477 3493
f 3494 3463 3466
f 3494 3466 3480
f 3460 3483 3461
f 3460 3495 3483
f 3486 3483 3495
f 3486 3495 3496
f 3496 3489 3486
f 3496 3497 3489
f 3490 3497 3498
f 3489 3497 3490
f 3498 3473 3490
f 3498 3491 3473
f 3438 3450 3439
f 3438 3451 3450
f 3468 3467 3492
f 3468 3492 3491
f 3476 3493 3492
f 3476 3492 3467
f 3476 3479 3494
f 3476 3494 3493
f 3464 3463 3494
f 3464 3494 3479
f 3460 3459 3482
f 3495 3460 3482
f 3485 3496 3495
f 3485 3495 3482
f 3496 3485 3488
f 3496 3488 3497
f 3488 3471 3498
f 3488 3498 3497
f 3468 3491 3498
f 3468 3498 3471
f 3442 3447 3446
f 3442 3446 3443
f 3441 3448 3447
f 3441 3447 3442
f 3440 3448 3441
f 3440 3449 3448
f 3452 3437 3436
f 3452 3436 3453
f 3453 3436 3435
f 3453 3435 3454
f 3454 3435 3434
f 3454 3434 3455
f 3432 3431 3458
f 3432 3458 3457
f 3440 3439 3450
f 3440 3450 3449
o windows_64422_M_Instance_-_Fixed:70X190:5795
v -411198.7772 -270525.9818 59.1947
v -411198.7772 -270525.9818 59.2138
v -411198.7809 -270525.9567 59.2138
v -411198.7809 -270525.9567 59.1947
v -411199.7705 -270526.1006 59.2138
v -411199.7705 -270526.1006 59.1947
v -411199.7668 -270526.1257 59.2138
v -411199.7668 -270526.1257 59.1947
v -411199.7145 -270526.0444 59.2582
v -411199.7145 -270526.0444 59.6312
v -411199.7126 -270526.0569 59.6312
v -411199.7126 -270526.0569 59.2582
v -411198.8487 -270525.9313 59.6312
v -411198.8487 -270525.9313 59.2582
v -411198.8506 -270525.9188 59.6312
v -411198.8506 -270525.9188 59.2582
v -411198.8089 -270525.8967 59.6757
v -411198.8025 -270525.9406 59.6757
v -411199.7543 -270526.0790 59.6757
v -411199.7607 -270526.0351 59.6757
v -411199.7543 -270526.0790 59.2138
v -411199.7607 -270526.0351 59.2138
v -411198.8025 -270525.9406 59.2138
v -411198.8089 -270525.8967 59.2138
v -411198.8528 -270525.9031 59.6312
v -411198.8464 -270525.9470 59.6312
v -411198.8464 -270525.9470 59.2582
v -411198.8528 -270525.9031 59.2582
v -411199.7104 -270526.0726 59.2582
v -411199.7168 -270526.0287 59.2582
v -411199.7104 -270526.0726 59.6312
v -411199.7168 -270526.0287 59.6312
v -411198.8096 -270525.7588 59.6947
v -411198.7900 -270525.8939 59.6947
v -411199.7796 -270526.0378 59.6947
v -411199.7992 -270525.9027 59.6947
v -411199.7796 -270526.0378 59.1947
v -411199.7992 -270525.9027 59.1947
v -411198.7900 -270525.8939 59.1947
v -411198.8096 -270525.7588 59.1947
v -411198.8411 -270525.7634 59.6630
v -411198.8214 -270525.8985 59.6630
v -411198.8214 -270525.8985 59.2264
v -411198.8411 -270525.7634 59.2264
v -411199.7482 -270526.0332 59.2264
v -411199.7678 -270525.8981 59.2264
v -411199.7482 -270526.0332 59.6630
v -411199.7678 -270525.8981 59.6630
v -411199.7796 -270526.0378 59.6947
v -411199.7705 -270526.1006 59.6947
v -411199.7705 -270526.1006 59.1947
v -411199.7796 -270526.0378 59.1947
v -411198.7809 -270525.9567 59.1947
v -411198.7900 -270525.8939 59.1947
v -411198.7809 -270525.9567 59.6947
v -411198.7900 -270525.8939 59.6947
v -411199.7607 -270526.0351 59.6757
v -411199.7516 -270526.0978 59.6757
v -411198.7997 -270525.9594 59.6757
v -411198.8089 -270525.8967 59.6757
v -411198.7997 -270525.9594 59.2137
v -411198.8089 -270525.8967 59.2137
v -411199.7516 -270526.0978 59.2137
v -411199.7607 -270526.0351 59.2137
f 3500 3499 3502
f 3501 3500 3502
f 3501 3502 3504
f 3503 3501 3504
f 3503 3504 3506
f 3505 3503 3506
f 3505 3506 3499
f 3500 3505 3499
f 3502 3499 3504
f 3499 3506 3504
f 3503 3500 3501
f 3503 3505 3500
f 3508 3507 3510
f 3509 3508 3510
f 3509 3510 3512
f 3511 3509 3512
f 3511 3512 3514
f 3513 3511 3514
f 3513 3514 3507
f 3508 3513 3507
f 3510 3507 3512
f 3507 3514 3512
f 3511 3508 3509
f 3511 3513 3508
f 3516 3515 3518
f 3517 3516 3518
f 3517 3518 3520
f 3519 3517 3520
f 3519 3520 3522
f 3521 3519 3522
f 3521 3522 3515
f 3516 3521 3515
f 3524 3523 3526
f 3525 3524 3526
f 3525 3526 3528
f 3527 3525 3528
f 3527 3528 3530
f 3529 3527 3530
f 3529 3530 3523
f 3524 3529 3523
f 3523 3515 3526
f 3526 3515 3522
f 3518 3515 3530
f 3515 3523 3530
f 3530 3528 3520
f 3518 3530 3520
f 3526 3522 3520
f 3528 3526 3520
f 3525 3516 3524
f 3521 3516 3525
f 3529 3516 3517
f 3529 3524 3516
f 3519 3527 3529
f 3519 3529 3517
f 3519 3521 3525
f 3519 3525 3527
f 3532 3531 3534
f 3533 3532 3534
f 3533 3534 3536
f 3535 3533 3536
f 3535 3536 3538
f 3537 3535 3538
f 3537 3538 3531
f 3532 3537 3531
f 3540 3539 3542
f 3541 3540 3542
f 3541 3542 3544
f 3543 3541 3544
f 3543 3544 3546
f 3545 3543 3546
f 3545 3546 3539
f 3540 3545 3539
f 3539 3531 3538
f 3539 3538 3542
f 3534 3531 3546
f 3531 3539 3546
f 3546 3544 3536
f 3534 3546 3536
f 3542 3538 3536
f 3544 3542 3536
f 3537 3532 3540
f 3541 3537 3540
f 3545 3532 3533
f 3545 3540 3532
f 3535 3543 3545
f 3535 3545 3533
f 3535 3537 3541
f 3535 3541 3543
f 3548 3547 3550
f 3549 3548 3550
f 3549 3550 3552
f 3551 3549 3552
f 3551 3552 3554
f 3553 3551 3554
f 3553 3554 3547
f 3548 3553 3547
f 3556 3555 3558
f 3557 3556 3558
f 3557 3558 3560
f 3559 3557 3560
f 3559 3560 3562
f 3561 3559 3562
f 3561 3562 3555
f 3556 3561 3555
f 3547 3555 3550
f 3550 3555 3562
f 3555 3547 3554
f 3555 3554 3558
f 3560 3558 3552
f 3562 3560 3552
f 3550 3562 3552
f 3558 3554 3552
f 3549 3556 3548
f 3561 3556 3549
f 3553 3548 3556
f 3557 3553 3556
f 3551 3557 3559
f 3551 3559 3561
f 3551 3561 3549
f 3551 3553 3557
o windows_65260_M_Instance_-_Fixed:70X190:5829
v -411196.4542 -270531.8847 61.7947
v -411196.4542 -270531.8847 61.8138
v -411195.9231 -270533.2875 61.8138
v -411195.9231 -270533.2875 61.7947
v -411195.8993 -270533.2785 61.8138
v -411195.8993 -270533.2785 61.7947
v -411196.4305 -270531.8757 61.8138
v -411196.4305 -270531.8757 61.7947
v -411195.8773 -270533.2022 61.8582
v -411195.8773 -270533.2022 62.4312
v -411196.3635 -270531.9182 62.4312
v -411196.3635 -270531.9182 61.8582
v -411196.3754 -270531.9227 62.4312
v -411196.3754 -270531.9227 61.8582
v -411195.8892 -270533.2067 62.4312
v -411195.8892 -270533.2067 61.8582
v -411196.4060 -270531.8868 62.4757
v -411196.3644 -270531.8710 62.4757
v -411195.8467 -270533.2382 62.4757
v -411195.8883 -270533.2539 62.4757
v -411195.8467 -270533.2382 61.8138
v -411195.8883 -270533.2539 61.8138
v -411196.3644 -270531.8710 61.8138
v -411196.4060 -270531.8868 61.8138
v -411196.3902 -270531.9283 62.4312
v -411196.3487 -270531.9126 62.4312
v -411196.3487 -270531.9126 61.8582
v -411196.3902 -270531.9283 61.8582
v -411195.8625 -270533.1966 61.8582
v -411195.9040 -270533.2124 61.8582
v -411195.8625 -270533.1966 62.4312
v -411195.9040 -270533.2124 62.4312
v -411196.3711 -270531.8532 62.4947
v -411196.2434 -270531.8049 62.4947
v -411195.7123 -270533.2077 62.4947
v -411195.8400 -270533.2560 62.4947
v -411195.7123 -270533.2077 61.7947
v -411195.8400 -270533.2560 61.7947
v -411196.2434 -270531.8049 61.7947
v -411196.3711 -270531.8532 61.7947
v -411196.3599 -270531.8829 62.4630
v -411196.2322 -270531.8345 62.4630
v -411196.2322 -270531.8345 61.8265
v -411196.3599 -270531.8829 61.8265
v -411195.7235 -270533.1780 61.8265
v -411195.8512 -270533.2263 61.8265
v -411195.7235 -270533.1780 62.4630
v -411195.8512 -270533.2263 62.4630
v -411195.8993 -270533.2785 62.4947
v -411195.8400 -270533.2560 62.4947
v -411195.8400 -270533.2560 61.7947
v -411195.8993 -270533.2785 61.7947
v -411196.3711 -270531.8532 61.7947
v -411196.4305 -270531.8757 61.7947
v -411196.3711 -270531.8532 62.4947
v -411196.4305 -270531.8757 62.4947
v -411195.9061 -270533.2607 62.4757
v -411195.8467 -270533.2382 62.4757
v -411196.3644 -270531.8710 62.4757
v -411196.4237 -270531.8935 62.4757
v -411196.3644 -270531.8710 61.8138
v -411196.4237 -270531.8935 61.8138
v -411195.8467 -270533.2382 61.8138
v -411195.9061 -270533.2607 61.8138
f 3564 3563 3566
f 3565 3564 3566
f 3565 3566 3568
f 3567 3565 3568
f 3567 3568 3570
f 3569 3567 3570
f 3569 3570 3563
f 3564 3569 3563
f 3566 3563 3568
f 3563 3570 3568
f 3567 3564 3565
f 3567 3569 3564
f 3572 3571 3574
f 3573 3572 3574
f 3573 3574 3576
f 3575 3573 3576
f 3575 3576 3578
f 3577 3575 3578
f 3577 3578 3571
f 3572 3577 3571
f 3574 3571 3576
f 3571 3578 3576
f 3575 3572 3573
f 3575 3577 3572
f 3580 3579 3582
f 3581 3580 3582
f 3581 3582 3584
f 3583 3581 3584
f 3583 3584 3586
f 3585 3583 3586
f 3585 3586 3579
f 3580 3585 3579
f 3588 3587 3590
f 3589 3588 3590
f 3589 3590 3592
f 3591 3589 3592
f 3591 3592 3594
f 3593 3591 3594
f 3593 3594 3587
f 3588 3593 3587
f 3587 3579 3590
f 3590 3579 3586
f 3582 3579 3594
f 3579 3587 3594
f 3582 3594 3592
f 3582 3592 3584
f 3590 3586 3584
f 3592 3590 3584
f 3589 3580 3588
f 3585 3580 3589
f 3593 3580 3581
f 3593 3588 3580
f 3591 3593 3581
f 3583 3591 3581
f 3583 3585 3589
f 3583 3589 3591
f 3596 3595 3598
f 3597 3596 3598
f 3597 3598 3600
f 3599 3597 3600
f 3599 3600 3602
f 3601 3599 3602
f 3601 3602 3595
f 3596 3601 3595
f 3604 3603 3606
f 3605 3604 3606
f 3605 3606 3608
f 3607 3605 3608
f 3607 3608 3610
f 3609 3607 3610
f 3609 3610 3603
f 3604 3609 3603
f 3603 3595 3602
f 3603 3602 3606
f 3598 3595 3610
f 3595 3603 3610
f 3610 3608 3600
f 3598 3610 3600
f 3606 3602 3600
f 3608 3606 3600
f 3601 3596 3604
f 3605 3601 3604
f 3609 3596 3597
f 3609 3604 3596
f 3599 3607 3609
f 3599 3609 3597
f 3599 3601 3605
f 3599 3605 3607
f 3612 3611 3614
f 3613 3612 3614
f 3613 3614 3616
f 3615 3613 3616
f 3615 3616 3618
f 3617 3615 3618
f 3617 3618 3611
f 3612 3617 3611
f 3620 3619 3622
f 3621 3620 3622
f 3621 3622 3624
f 3623 3621 3624
f 3623 3624 3626
f 3625 3623 3626
f 3625 3626 3619
f 3620 3625 3619
f 3611 3619 3614
f 3614 3619 3626
f 3619 3611 3618
f 3619 3618 3622
f 3624 3622 3616
f 3626 3624 3616
f 3614 3626 3616
f 3622 3618 3616
f 3613 3620 3612
f 3625 3620 3613
f 3617 3612 3620
f 3621 3617 3620
f 3615 3621 3623
f 3615 3623 3625
f 3615 3625 3613
f 3615 3617 3621
o windows_65610_M_Instance_-_Fixed:70X190:5834
v -411204.4596 -270527.0917 58.6947
v -411204.4596 -270527.0917 58.7137
v -411204.4686 -270527.0680 58.7137
v -411204.4686 -270527.0680 58.6947
v -411205.7778 -270527.5637 58.7137
v -411205.7778 -270527.5637 58.6947
v -411205.7688 -270527.5875 58.7137
v -411205.7688 -270527.5875 58.6947
v -411205.7353 -270527.4968 58.7582
v -411205.7353 -270527.4968 59.8312
v -411205.7308 -270527.5086 59.8312
v -411205.7308 -270527.5086 58.7582
v -411204.5403 -270527.0578 59.8312
v -411204.5403 -270527.0578 58.7582
v -411204.5448 -270527.0460 59.8312
v -411204.5448 -270527.0460 58.7582
v -411204.5088 -270527.0154 59.8757
v -411204.4931 -270527.0570 59.8757
v -411205.7667 -270527.5392 59.8757
v -411205.7825 -270527.4977 59.8757
v -411205.7667 -270527.5392 58.7137
v -411205.7825 -270527.4977 58.7137
v -411204.4931 -270527.0570 58.7137
v -411204.5088 -270527.0154 58.7137
v -411204.5504 -270527.0311 59.8312
v -411204.5347 -270527.0727 59.8312
v -411204.5347 -270527.0727 58.7582
v -411204.5504 -270527.0311 58.7582
v -411205.7252 -270527.5235 58.7582
v -411205.7409 -270527.4819 58.7582
v -411205.7252 -270527.5235 59.8312
v -411205.7409 -270527.4819 59.8312
v -411204.5571 -270526.8342 59.8947
v -411204.4910 -270527.0086 59.8947
v -411205.8003 -270527.5044 59.8947
v -411205.8664 -270527.3299 59.8947
v -411205.8003 -270527.5044 58.6947
v -411205.8664 -270527.3299 58.6947
v -411204.4910 -270527.0086 58.6947
v -411204.5571 -270526.8342 58.6947
v -411204.5868 -270526.8454 59.8629
v -411204.5207 -270527.0199 59.8629
v -411204.5207 -270527.0199 58.7264
v -411204.5868 -270526.8454 58.7264
v -411205.7706 -270527.4932 58.7264
v -411205.8367 -270527.3187 58.7264
v -411205.7706 -270527.4932 59.8629
v -411205.8367 -270527.3187 59.8629
v -411205.8003 -270527.5044 59.8947
v -411205.7778 -270527.5637 59.8947
v -411205.7778 -270527.5637 58.6947
v -411205.8003 -270527.5044 58.6947
v -411204.4686 -270527.0680 58.6947
v -411204.4910 -270527.0086 58.6947
v -411204.4686 -270527.0680 59.8947
v -411204.4910 -270527.0086 59.8947
v -411205.7825 -270527.4977 59.8757
v -411205.7600 -270527.5570 59.8757
v -411204.4864 -270527.0747 59.8757
v -411204.5088 -270527.0154 59.8757
v -411204.4864 -270527.0747 58.7137
v -411204.5088 -270527.0154 58.7137
v -411205.7600 -270527.5570 58.7137
v -411205.7825 -270527.4977 58.7137
f 3628 3627 3630
f 3629 3628 3630
f 3629 3630 3632
f 3631 3629 3632
f 3631 3632 3634
f 3633 3631 3634
f 3633 3634 3627
f 3628 3633 3627
f 3630 3627 3632
f 3627 3634 3632
f 3631 3628 3629
f 3631 3633 3628
f 3636 3635 3638
f 3637 3636 3638
f 3637 3638 3640
f 3639 3637 3640
f 3639 3640 3642
f 3641 3639 3642
f 3641 3642 3635
f 3636 3641 3635
f 3638 3635 3640
f 3635 3642 3640
f 3639 3636 3637
f 3639 3641 3636
f 3644 3643 3646
f 3645 3644 3646
f 3645 3646 3648
f 3647 3645 3648
f 3647 3648 3650
f 3649 3647 3650
f 3649 3650 3643
f 3644 3649 3643
f 3652 3651 3654
f 3653 3652 3654
f 3653 3654 3656
f 3655 3653 3656
f 3655 3656 3658
f 3657 3655 3658
f 3657 3658 3651
f 3652 3657 3651
f 3651 3643 3654
f 3654 3643 3650
f 3643 3651 3646
f 3646 3651 3658
f 3658 3656 3648
f 3646 3658 3648
f 3654 3650 3648
f 3656 3654 3648
f 3653 3644 3652
f 3649 3644 3653
f 3645 3652 3644
f 3657 3652 3645
f 3647 3655 3657
f 3647 3657 3645
f 3647 3649 3653
f 3647 3653 3655
f 3660 3659 3662
f 3661 3660 3662
f 3661 3662 3664
f 3663 3661 3664
f 3663 3664 3666
f 3665 3663 3666
f 3665 3666 3659
f 3660 3665 3659
f 3668 3667 3670
f 3669 3668 3670
f 3669 3670 3672
f 3671 3669 3672
f 3671 3672 3674
f 3673 3671 3674
f 3673 3674 3667
f 3668 3673 3667
f 3667 3659 3666
f 3667 3666 3670
f 3662 3659 3674
f 3659 3667 3674
f 3674 3672 3664
f 3662 3674 3664
f 3670 3666 3664
f 3672 3670 3664
f 3665 3660 3668
f 3669 3665 3668
f 3673 3660 3661
f 3673 3668 3660
f 3663 3671 3673
f 3663 3673 3661
f 3663 3665 3669
f 3663 3669 3671
f 3676 3675 3678
f 3677 3676 3678
f 3677 3678 3680
f 3679 3677 3680
f 3679 3680 3682
f 3681 3679 3682
f 3681 3682 3675
f 3676 3681 3675
f 3684 3683 3686
f 3685 3684 3686
f 3685 3686 3688
f 3687 3685 3688
f 3687 3688 3690
f 3689 3687 3690
f 3689 3690 3683
f 3684 3689 3683
f 3675 3683 3678
f 3678 3683 3690
f 3683 3675 3682
f 3683 3682 3686
f 3690 3688 3680
f 3678 3690 3680
f 3686 3682 3680
f 3688 3686 3680
f 3677 3684 3676
f 3689 3684 3677
f 3681 3676 3684
f 3685 3681 3684
f 3679 3687 3689
f 3679 3689 3677
f 3679 3681 3685
f 3679 3685 3687
o windows_115184_צנור_אוורור_ממד_8.0006:צנור_או
v -411201.0834 -270526.0390 60.1447
v -411201.0776 -270526.0785 60.1447
v -411201.0757 -270526.0783 60.1185
v -411201.0700 -270526.0774 60.0928
v -411201.0608 -270526.0761 60.0683
v -411201.0480 -270526.0742 60.0454
v -411201.0321 -270526.0719 60.0246
v -411201.0134 -270526.0692 60.0063
v -411200.9923 -270526.0661 59.9911
v -411200.9691 -270526.0628 59.9790
v -411200.9445 -270526.0592 59.9706
v -411200.9190 -270526.0555 59.9658
v -411200.8930 -270526.0517 59.9648
v -411200.8671 -270526.0479 59.9677
v -411200.8420 -270526.0443 59.9743
v -411200.8180 -270526.0408 59.9846
v -411200.7958 -270526.0376 59.9983
v -411200.7758 -270526.0347 60.0151
v -411200.7585 -270526.0321 60.0347
v -411200.7441 -270526.0301 60.0566
v -411200.7331 -270526.0285 60.0804
v -411200.7256 -270526.0274 60.1056
v -411200.7218 -270526.0268 60.1316
v -411200.7218 -270526.0268 60.1578
v -411200.7256 -270526.0274 60.1838
v -411200.7331 -270526.0285 60.2090
v -411200.7441 -270526.0301 60.2328
v -411200.7585 -270526.0321 60.2547
v -411200.7758 -270526.0347 60.2743
v -411200.7958 -270526.0376 60.2911
v -411200.8180 -270526.0408 60.3048
v -411200.8420 -270526.0443 60.3151
v -411200.8671 -270526.0479 60.3217
v -411200.8930 -270526.0517 60.3246
v -411200.9190 -270526.0555 60.3236
v -411200.9445 -270526.0592 60.3188
v -411200.9691 -270526.0628 60.3104
v -411200.9923 -270526.0661 60.2983
v -411201.0134 -270526.0692 60.2831
v -411201.0321 -270526.0719 60.2648
v -411201.0480 -270526.0742 60.2440
v -411201.0608 -270526.0761 60.2211
v -411201.0700 -270526.0774 60.1966
v -411201.0757 -270526.0783 60.1709
v -411201.0815 -270526.0387 60.1185
v -411201.0758 -270526.0379 60.0928
v -411201.0665 -270526.0365 60.0683
v -411201.0538 -270526.0347 60.0454
v -411201.0379 -270526.0323 60.0246
v -411201.0192 -270526.0296 60.0063
v -411200.9980 -270526.0266 59.9911
v -411200.9749 -270526.0232 59.9790
v -411200.9503 -270526.0196 59.9706
v -411200.9247 -270526.0159 59.9658
v -411200.8987 -270526.0121 59.9648
v -411200.8729 -270526.0084 59.9677
v -411200.8477 -270526.0047 59.9743
v -411200.8238 -270526.0012 59.9846
v -411200.8016 -270525.9980 59.9983
v -411200.7816 -270525.9951 60.0151
v -411200.7642 -270525.9926 60.0347
v -411200.7499 -270525.9905 60.0566
v -411200.7388 -270525.9889 60.0804
v -411200.7314 -270525.9878 60.1056
v -411200.7276 -270525.9872 60.1316
v -411200.7276 -270525.9872 60.1578
v -411200.7314 -270525.9878 60.1838
v -411200.7388 -270525.9889 60.2090
v -411200.7499 -270525.9905 60.2328
v -411200.7642 -270525.9926 60.2547
v -411200.7816 -270525.9951 60.2743
v -411200.8016 -270525.9980 60.2911
v -411200.8238 -270526.0012 60.3048
v -411200.8477 -270526.0047 60.3151
v -411200.8729 -270526.0084 60.3217
v -411200.8987 -270526.0121 60.3246
v -411200.9247 -270526.0159 60.3236
v -411200.9503 -270526.0196 60.3188
v -411200.9749 -270526.0232 60.3104
v -411200.9980 -270526.0266 60.2983
v -411201.0192 -270526.0296 60.2831
v -411201.0379 -270526.0323 60.2648
v -411201.0538 -270526.0347 60.2440
v -411201.0665 -270526.0365 60.2211
v -411201.0758 -270526.0379 60.1966
v -411201.0815 -270526.0387 60.1709
v -411201.0092 -270525.9928 60.1447
v -411200.9991 -270526.0621 60.1447
v -411200.9972 -270526.0618 60.1252
v -411200.9916 -270526.0610 60.1064
v -411200.9825 -270526.0597 60.0891
v -411200.9702 -270526.0579 60.0740
v -411200.9552 -270526.0557 60.0616
v -411200.9381 -270526.0532 60.0523
v -411200.9195 -270526.0505 60.0466
v -411200.9002 -270526.0477 60.0447
v -411200.8809 -270526.0449 60.0466
v -411200.8623 -270526.0422 60.0523
v -411200.8452 -270526.0397 60.0616
v -411200.8302 -270526.0375 60.0740
v -411200.8179 -270526.0357 60.0891
v -411200.8088 -270526.0344 60.1064
v -411200.8031 -270526.0336 60.1252
v -411200.8012 -270526.0333 60.1447
v -411200.8031 -270526.0336 60.1642
v -411200.8088 -270526.0344 60.1830
v -411200.8179 -270526.0357 60.2003
v -411200.8302 -270526.0375 60.2154
v -411200.8452 -270526.0397 60.2278
v -411200.8623 -270526.0422 60.2371
v -411200.8809 -270526.0449 60.2428
v -411200.9002 -270526.0477 60.2447
v -411200.9195 -270526.0505 60.2428
v -411200.9381 -270526.0532 60.2371
v -411200.9552 -270526.0557 60.2278
v -411200.9702 -270526.0579 60.2154
v -411200.9825 -270526.0597 60.2003
v -411200.9916 -270526.0610 60.1830
v -411200.9972 -270526.0618 60.1642
v -411201.0073 -270525.9925 60.1252
v -411201.0017 -270525.9917 60.1064
v -411200.9925 -270525.9904 60.0891
v -411200.9802 -270525.9886 60.0740
v -411200.9652 -270525.9864 60.0616
v -411200.9481 -270525.9839 60.0523
v -411200.9296 -270525.9812 60.0466
v -411200.9103 -270525.9784 60.0447
v -411200.8910 -270525.9756 60.0466
v -411200.8724 -270525.9729 60.0523
v -411200.8553 -270525.9704 60.0616
v -411200.8403 -270525.9683 60.0740
v -411200.8280 -270525.9665 60.0891
v -411200.8188 -270525.9651 60.1064
v -411200.8132 -270525.9643 60.1252
v -411200.8113 -270525.9640 60.1447
v -411200.8132 -270525.9643 60.1642
v -411200.8188 -270525.9651 60.1830
v -411200.8280 -270525.9665 60.2003
v -411200.8403 -270525.9683 60.2154
v -411200.8553 -270525.9704 60.2278
v -411200.8724 -270525.9729 60.2371
v -411200.8910 -270525.9756 60.2428
v -411200.9103 -270525.9784 60.2447
v -411200.9296 -270525.9812 60.2428
v -411200.9481 -270525.9839 60.2371
v -411200.9652 -270525.9864 60.2278
v -411200.9802 -270525.9886 60.2154
v -411200.9925 -270525.9904 60.2003
v -411201.0017 -270525.9917 60.1830
v -411201.0073 -270525.9925 60.1642
v -411200.8704 -270526.3566 60.0016
v -411200.8661 -270526.3863 60.0016
v -411200.8657 -270526.3863 59.9980
v -411200.8644 -270526.3861 59.9946
v -411200.8624 -270526.3858 59.9916
v -411200.8597 -270526.3854 59.9892
v -411200.8565 -270526.3849 59.9875
v -411200.8531 -270526.3844 59.9867
v -411200.8495 -270526.3839 59.9867
v -411200.8460 -270526.3834 59.9875
v -411200.8428 -270526.3829 59.9892
v -411200.8402 -270526.3825 59.9916
v -411200.8381 -270526.3822 59.9946
v -411200.8369 -270526.3821 59.9980
v -411200.8364 -270526.3820 60.0016
v -411200.8369 -270526.3821 60.0052
v -411200.8381 -270526.3822 60.0085
v -411200.8402 -270526.3825 60.0115
v -411200.8428 -270526.3829 60.0139
v -411200.8460 -270526.3834 60.0156
v -411200.8495 -270526.3839 60.0165
v -411200.8531 -270526.3844 60.0165
v -411200.8565 -270526.3849 60.0156
v -411200.8597 -270526.3854 60.0139
v -411200.8624 -270526.3858 60.0115
v -411200.8644 -270526.3861 60.0085
v -411200.8657 -270526.3863 60.0052
v -411200.8700 -270526.3566 59.9980
v -411200.8687 -270526.3564 59.9946
v -411200.8667 -270526.3561 59.9916
v -411200.8640 -270526.3557 59.9892
v -411200.8608 -270526.3552 59.9875
v -411200.8574 -270526.3547 59.9867
v -411200.8538 -270526.3542 59.9867
v -411200.8503 -270526.3537 59.9875
v -411200.8472 -270526.3532 59.9892
v -411200.8445 -270526.3529 59.9916
v -411200.8424 -270526.3526 59.9946
v -411200.8412 -270526.3524 59.9980
v -411200.8407 -270526.3523 60.0016
v -411200.8412 -270526.3524 60.0052
v -411200.8424 -270526.3526 60.0085
v -411200.8445 -270526.3529 60.0115
v -411200.8472 -270526.3532 60.0139
v -411200.8503 -270526.3537 60.0156
v -411200.8538 -270526.3542 60.0165
v -411200.8574 -270526.3547 60.0165
v -411200.8608 -270526.3552 60.0156
v -411200.8640 -270526.3557 60.0139
v -411200.8667 -270526.3561 60.0115
v -411200.8687 -270526.3564 60.0085
v -411200.8700 -270526.3566 60.0052
v -411200.8704 -270526.3566 60.2878
v -411200.8661 -270526.3863 60.2878
v -411200.8657 -270526.3863 60.2842
v -411200.8644 -270526.3861 60.2809
v -411200.8624 -270526.3858 60.2779
v -411200.8597 -270526.3854 60.2755
v -411200.8565 -270526.3849 60.2738
v -411200.8531 -270526.3844 60.2729
v -411200.8495 -270526.3839 60.2729
v -411200.8460 -270526.3834 60.2738
v -411200.8428 -270526.3829 60.2755
v -411200.8402 -270526.3825 60.2779
v -411200.8381 -270526.3822 60.2809
v -411200.8369 -270526.3821 60.2842
v -411200.8364 -270526.3820 60.2878
v -411200.8369 -270526.3821 60.2914
v -411200.8381 -270526.3822 60.2948
v -411200.8402 -270526.3825 60.2978
v -411200.8428 -270526.3829 60.3002
v -411200.8460 -270526.3834 60.3019
v -411200.8495 -270526.3839 60.3027
v -411200.8531 -270526.3844 60.3027
v -411200.8565 -270526.3849 60.3019
v -411200.8597 -270526.3854 60.3002
v -411200.8624 -270526.3858 60.2978
v -411200.8644 -270526.3861 60.2948
v -411200.8657 -270526.3863 60.2914
v -411200.8700 -270526.3566 60.2842
v -411200.8687 -270526.3564 60.2809
v -411200.8667 -270526.3561 60.2779
v -411200.8640 -270526.3557 60.2755
v -411200.8608 -270526.3552 60.2738
v -411200.8574 -270526.3547 60.2729
v -411200.8538 -270526.3542 60.2729
v -411200.8503 -270526.3537 60.2738
v -411200.8472 -270526.3532 60.2755
v -411200.8445 -270526.3529 60.2779
v -411200.8424 -270526.3526 60.2809
v -411200.8412 -270526.3524 60.2842
v -411200.8407 -270526.3523 60.2878
v -411200.8412 -270526.3524 60.2914
v -411200.8424 -270526.3526 60.2948
v -411200.8445 -270526.3529 60.2978
v -411200.8472 -270526.3532 60.3002
v -411200.8503 -270526.3537 60.3019
v -411200.8538 -270526.3542 60.3027
v -411200.8574 -270526.3547 60.3027
v -411200.8608 -270526.3552 60.3019
v -411200.8640 -270526.3557 60.3002
v -411200.8667 -270526.3561 60.2978
v -411200.8687 -270526.3564 60.2948
v -411200.8700 -270526.3566 60.2914
v -411200.9412 -270526.3669 60.2687
v -411200.9369 -270526.3966 60.2687
v -411200.9365 -270526.3966 60.2651
v -411200.9352 -270526.3964 60.2617
v -411200.9332 -270526.3961 60.2587
v -411200.9305 -270526.3957 60.2563
v -411200.9274 -270526.3952 60.2546
v -411200.9239 -270526.3947 60.2538
v -411200.9203 -270526.3942 60.2538
v -411200.9168 -270526.3937 60.2546
v -411200.9137 -270526.3932 60.2563
v -411200.9110 -270526.3928 60.2587
v -411200.9089 -270526.3925 60.2617
v -411200.9077 -270526.3924 60.2651
v -411200.9072 -270526.3923 60.2687
v -411200.9077 -270526.3924 60.2722
v -411200.9089 -270526.3925 60.2756
v -411200.9110 -270526.3928 60.2786
v -411200.9137 -270526.3932 60.2810
v -411200.9168 -270526.3937 60.2827
v -411200.9203 -270526.3942 60.2835
v -411200.9239 -270526.3947 60.2835
v -411200.9274 -270526.3952 60.2827
v -411200.9305 -270526.3957 60.2810
v -411200.9332 -270526.3961 60.2786
v -411200.9352 -270526.3964 60.2756
v -411200.9365 -270526.3966 60.2722
v -411200.9408 -270526.3669 60.2651
v -411200.9395 -270526.3667 60.2617
v -411200.9375 -270526.3664 60.2587
v -411200.9348 -270526.3660 60.2563
v -411200.9317 -270526.3655 60.2546
v -411200.9282 -270526.3650 60.2538
v -411200.9246 -270526.3645 60.2538
v -411200.9211 -270526.3640 60.2546
v -411200.9180 -270526.3635 60.2563
v -411200.9153 -270526.3632 60.2587
v -411200.9133 -270526.3629 60.2617
v -411200.9120 -270526.3627 60.2651
v -411200.9116 -270526.3626 60.2687
v -411200.9120 -270526.3627 60.2722
v -411200.9133 -270526.3629 60.2756
v -411200.9153 -270526.3632 60.2786
v -411200.9180 -270526.3635 60.2810
v -411200.9211 -270526.3640 60.2827
v -411200.9246 -270526.3645 60.2835
v -411200.9282 -270526.3650 60.2835
v -411200.9317 -270526.3655 60.2827
v -411200.9348 -270526.3660 60.2810
v -411200.9375 -270526.3664 60.2786
v -411200.9395 -270526.3667 60.2756
v -411200.9408 -270526.3669 60.2722
v -411200.7996 -270526.3463 60.0207
v -411200.7953 -270526.3760 60.0207
v -411200.7949 -270526.3760 60.0172
v -411200.7936 -270526.3758 60.0138
v -411200.7916 -270526.3755 60.0108
v -411200.7889 -270526.3751 60.0084
v -411200.7857 -270526.3746 60.0067
v -411200.7822 -270526.3741 60.0059
v -411200.7787 -270526.3736 60.0059
v -411200.7752 -270526.3731 60.0067
v -411200.7720 -270526.3726 60.0084
v -411200.7693 -270526.3722 60.0108
v -411200.7673 -270526.3720 60.0138
v -411200.7660 -270526.3718 60.0172
v -411200.7656 -270526.3717 60.0207
v -411200.7660 -270526.3718 60.0243
v -411200.7673 -270526.3720 60.0277
v -411200.7693 -270526.3722 60.0307
v -411200.7720 -270526.3726 60.0331
v -411200.7752 -270526.3731 60.0348
v -411200.7787 -270526.3736 60.0356
v -411200.7822 -270526.3741 60.0356
v -411200.7857 -270526.3746 60.0348
v -411200.7889 -270526.3751 60.0331
v -411200.7916 -270526.3755 60.0307
v -411200.7936 -270526.3758 60.0277
v -411200.7949 -270526.3760 60.0243
v -411200.7992 -270526.3463 60.0172
v -411200.7979 -270526.3461 60.0138
v -411200.7959 -270526.3458 60.0108
v -411200.7932 -270526.3454 60.0084
v -411200.7900 -270526.3449 60.0067
v -411200.7866 -270526.3444 60.0059
v -411200.7830 -270526.3439 60.0059
v -411200.7795 -270526.3434 60.0067
v -411200.7763 -270526.3429 60.0084
v -411200.7737 -270526.3426 60.0108
v -411200.7716 -270526.3423 60.0138
v -411200.7704 -270526.3421 60.0172
v -411200.7699 -270526.3420 60.0207
v -411200.7704 -270526.3421 60.0243
v -411200.7716 -270526.3423 60.0277
v -411200.7737 -270526.3426 60.0307
v -411200.7763 -270526.3429 60.0331
v -411200.7795 -270526.3434 60.0348
v -411200.7830 -270526.3439 60.0356
v -411200.7866 -270526.3444 60.0356
v -411200.7900 -270526.3449 60.0348
v -411200.7932 -270526.3454 60.0331
v -411200.7959 -270526.3458 60.0307
v -411200.7979 -270526.3461 60.0277
v -411200.7992 -270526.3463 60.0243
v -411200.9931 -270526.3745 60.2163
v -411200.9888 -270526.4042 60.2163
v -411200.9883 -270526.4041 60.2127
v -411200.9871 -270526.4039 60.2093
v -411200.9850 -270526.4036 60.2063
v -411200.9824 -270526.4032 60.2039
v -411200.9792 -270526.4028 60.2022
v -411200.9757 -270526.4023 60.2014
v -411200.9721 -270526.4017 60.2014
v -411200.9687 -270526.4012 60.2022
v -411200.9655 -270526.4008 60.2039
v -411200.9628 -270526.4004 60.2063
v -411200.9608 -270526.4001 60.2093
v -411200.9595 -270526.3999 60.2127
v -411200.9591 -270526.3998 60.2163
v -411200.9595 -270526.3999 60.2199
v -411200.9608 -270526.4001 60.2232
v -411200.9628 -270526.4004 60.2262
v -411200.9655 -270526.4008 60.2286
v -411200.9687 -270526.4012 60.2303
v -411200.9721 -270526.4017 60.2312
v -411200.9757 -270526.4023 60.2312
v -411200.9792 -270526.4028 60.2303
v -411200.9824 -270526.4032 60.2286
v -411200.9850 -270526.4036 60.2262
v -411200.9871 -270526.4039 60.2232
v -411200.9883 -270526.4041 60.2199
v -411200.9927 -270526.3744 60.2127
v -411200.9914 -270526.3742 60.2093
v -411200.9894 -270526.3739 60.2063
v -411200.9867 -270526.3735 60.2039
v -411200.9835 -270526.3731 60.2022
v -411200.9800 -270526.3726 60.2014
v -411200.9765 -270526.3720 60.2014
v -411200.9730 -270526.3715 60.2022
v -411200.9698 -270526.3711 60.2039
v -411200.9671 -270526.3707 60.2063
v -411200.9651 -270526.3704 60.2093
v -411200.9638 -270526.3702 60.2127
v -411200.9634 -270526.3701 60.2163
v -411200.9638 -270526.3702 60.2199
v -411200.9651 -270526.3704 60.2232
v -411200.9671 -270526.3707 60.2262
v -411200.9698 -270526.3711 60.2286
v -411200.9730 -270526.3715 60.2303
v -411200.9765 -270526.3720 60.2312
v -411200.9800 -270526.3726 60.2312
v -411200.9835 -270526.3731 60.2303
v -411200.9867 -270526.3735 60.2286
v -411200.9894 -270526.3739 60.2262
v -411200.9914 -270526.3742 60.2232
v -411200.9927 -270526.3744 60.2199
v -411200.7478 -270526.3388 60.0731
v -411200.7434 -270526.3685 60.0731
v -411200.7430 -270526.3684 60.0695
v -411200.7417 -270526.3682 60.0662
v -411200.7397 -270526.3679 60.0632
v -411200.7370 -270526.3676 60.0608
v -411200.7339 -270526.3671 60.0591
v -411200.7304 -270526.3666 60.0582
v -411200.7268 -270526.3661 60.0582
v -411200.7233 -270526.3656 60.0591
v -411200.7202 -270526.3651 60.0608
v -411200.7175 -270526.3647 60.0632
v -411200.7155 -270526.3644 60.0662
v -411200.7142 -270526.3642 60.0695
v -411200.7138 -270526.3642 60.0731
v -411200.7142 -270526.3642 60.0767
v -411200.7155 -270526.3644 60.0801
v -411200.7175 -270526.3647 60.0831
v -411200.7202 -270526.3651 60.0855
v -411200.7233 -270526.3656 60.0872
v -411200.7268 -270526.3661 60.0880
v -411200.7304 -270526.3666 60.0880
v -411200.7339 -270526.3671 60.0872
v -411200.7370 -270526.3676 60.0855
v -411200.7397 -270526.3679 60.0831
v -411200.7417 -270526.3682 60.0801
v -411200.7430 -270526.3684 60.0767
v -411200.7473 -270526.3387 60.0695
v -411200.7461 -270526.3385 60.0662
v -411200.7440 -270526.3383 60.0632
v -411200.7414 -270526.3379 60.0608
v -411200.7382 -270526.3374 60.0591
v -411200.7347 -270526.3369 60.0582
v -411200.7311 -270526.3364 60.0582
v -411200.7277 -270526.3359 60.0591
v -411200.7245 -270526.3354 60.0608
v -411200.7218 -270526.3350 60.0632
v -411200.7198 -270526.3347 60.0662
v -411200.7185 -270526.3345 60.0695
v -411200.7181 -270526.3345 60.0731
v -411200.7185 -270526.3345 60.0767
v -411200.7198 -270526.3347 60.0801
v -411200.7218 -270526.3350 60.0831
v -411200.7245 -270526.3354 60.0855
v -411200.7277 -270526.3359 60.0872
v -411200.7311 -270526.3364 60.0880
v -411200.7347 -270526.3369 60.0880
v -411200.7382 -270526.3374 60.0872
v -411200.7414 -270526.3379 60.0855
v -411200.7440 -270526.3383 60.0831
v -411200.7461 -270526.3385 60.0801
v -411200.7473 -270526.3387 60.0767
v -411201.0121 -270526.3772 60.1447
v -411201.0078 -270526.4069 60.1447
v -411201.0073 -270526.4068 60.1411
v -411201.0061 -270526.4067 60.1377
v -411201.0040 -270526.4064 60.1348
v -411201.0013 -270526.4060 60.1324
v -411200.9982 -270526.4055 60.1307
v -411200.9947 -270526.4050 60.1298
v -411200.9911 -270526.4045 60.1298
v -411200.9876 -270526.4040 60.1307
v -411200.9845 -270526.4035 60.1324
v -411200.9818 -270526.4031 60.1348
v -411200.9798 -270526.4028 60.1377
v -411200.9785 -270526.4027 60.1411
v -411200.9781 -270526.4026 60.1447
v -411200.9785 -270526.4027 60.1483
v -411200.9798 -270526.4028 60.1517
v -411200.9818 -270526.4031 60.1546
v -411200.9845 -270526.4035 60.1570
v -411200.9876 -270526.4040 60.1587
v -411200.9911 -270526.4045 60.1596
v -411200.9947 -270526.4050 60.1596
v -411200.9982 -270526.4055 60.1587
v -411201.0013 -270526.4060 60.1570
v -411201.0040 -270526.4064 60.1546
v -411201.0061 -270526.4067 60.1517
v -411201.0073 -270526.4068 60.1483
v -411201.0116 -270526.3772 60.1411
v -411201.0104 -270526.3770 60.1377
v -411201.0083 -270526.3767 60.1348
v -411201.0057 -270526.3763 60.1324
v -411201.0025 -270526.3758 60.1307
v -411200.9990 -270526.3753 60.1298
v -411200.9954 -270526.3748 60.1298
v -411200.9920 -270526.3743 60.1307
v -411200.9888 -270526.3738 60.1324
v -411200.9861 -270526.3734 60.1348
v -411200.9841 -270526.3732 60.1377
v -411200.9828 -270526.3730 60.1411
v -411200.9824 -270526.3729 60.1447
v -411200.9828 -270526.3730 60.1483
v -411200.9841 -270526.3732 60.1517
v -411200.9861 -270526.3734 60.1546
v -411200.9888 -270526.3738 60.1570
v -411200.9920 -270526.3743 60.1587
v -411200.9954 -270526.3748 60.1596
v -411200.9990 -270526.3753 60.1596
v -411201.0025 -270526.3758 60.1587
v -411201.0057 -270526.3763 60.1570
v -411201.0083 -270526.3767 60.1546
v -411201.0104 -270526.3770 60.1517
v -411201.0116 -270526.3772 60.1483
v -411200.7288 -270526.3360 60.1447
v -411200.7245 -270526.3657 60.1447
v -411200.7240 -270526.3657 60.1411
v -411200.7228 -270526.3655 60.1377
v -411200.7207 -270526.3652 60.1348
v -411200.7181 -270526.3648 60.1324
v -411200.7149 -270526.3643 60.1307
v -411200.7114 -270526.3638 60.1298
v -411200.7078 -270526.3633 60.1298
v -411200.7044 -270526.3628 60.1307
v -411200.7012 -270526.3623 60.1324
v -411200.6985 -270526.3619 60.1348
v -411200.6965 -270526.3617 60.1377
v -411200.6952 -270526.3615 60.1411
v -411200.6948 -270526.3614 60.1447
v -411200.6952 -270526.3615 60.1483
v -411200.6965 -270526.3617 60.1517
v -411200.6985 -270526.3619 60.1546
v -411200.7012 -270526.3623 60.1570
v -411200.7044 -270526.3628 60.1587
v -411200.7078 -270526.3633 60.1596
v -411200.7114 -270526.3638 60.1596
v -411200.7149 -270526.3643 60.1587
v -411200.7181 -270526.3648 60.1570
v -411200.7207 -270526.3652 60.1546
v -411200.7228 -270526.3655 60.1517
v -411200.7240 -270526.3657 60.1483
v -411200.7284 -270526.3360 60.1411
v -411200.7271 -270526.3358 60.1377
v -411200.7251 -270526.3355 60.1348
v -411200.7224 -270526.3351 60.1324
v -411200.7192 -270526.3346 60.1307
v -411200.7157 -270526.3341 60.1298
v -411200.7122 -270526.3336 60.1298
v -411200.7087 -270526.3331 60.1307
v -411200.7055 -270526.3327 60.1324
v -411200.7028 -270526.3323 60.1348
v -411200.7008 -270526.3320 60.1377
v -411200.6995 -270526.3318 60.1411
v -411200.6991 -270526.3317 60.1447
v -411200.6995 -270526.3318 60.1483
v -411200.7008 -270526.3320 60.1517
v -411200.7028 -270526.3323 60.1546
v -411200.7055 -270526.3327 60.1570
v -411200.7087 -270526.3331 60.1587
v -411200.7122 -270526.3336 60.1596
v -411200.7157 -270526.3341 60.1596
v -411200.7192 -270526.3346 60.1587
v -411200.7224 -270526.3351 60.1570
v -411200.7251 -270526.3355 60.1546
v -411200.7271 -270526.3358 60.1517
v -411200.7284 -270526.3360 60.1483
v -411200.9931 -270526.3745 60.0731
v -411200.9888 -270526.4042 60.0731
v -411200.9883 -270526.4041 60.0695
v -411200.9871 -270526.4039 60.0662
v -411200.9850 -270526.4036 60.0632
v -411200.9824 -270526.4032 60.0608
v -411200.9792 -270526.4028 60.0591
v -411200.9757 -270526.4023 60.0582
v -411200.9721 -270526.4017 60.0582
v -411200.9687 -270526.4012 60.0591
v -411200.9655 -270526.4008 60.0608
v -411200.9628 -270526.4004 60.0632
v -411200.9608 -270526.4001 60.0662
v -411200.9595 -270526.3999 60.0695
v -411200.9591 -270526.3998 60.0731
v -411200.9595 -270526.3999 60.0767
v -411200.9608 -270526.4001 60.0801
v -411200.9628 -270526.4004 60.0831
v -411200.9655 -270526.4008 60.0855
v -411200.9687 -270526.4012 60.0872
v -411200.9721 -270526.4017 60.0880
v -411200.9757 -270526.4023 60.0880
v -411200.9792 -270526.4028 60.0872
v -411200.9824 -270526.4032 60.0855
v -411200.9850 -270526.4036 60.0831
v -411200.9871 -270526.4039 60.0801
v -411200.9883 -270526.4041 60.0767
v -411200.9927 -270526.3744 60.0695
v -411200.9914 -270526.3742 60.0662
v -411200.9894 -270526.3739 60.0632
v -411200.9867 -270526.3735 60.0608
v -411200.9835 -270526.3731 60.0591
v -411200.9800 -270526.3726 60.0582
v -411200.9765 -270526.3720 60.0582
v -411200.9730 -270526.3715 60.0591
v -411200.9698 -270526.3711 60.0608
v -411200.9671 -270526.3707 60.0632
v -411200.9651 -270526.3704 60.0662
v -411200.9638 -270526.3702 60.0695
v -411200.9634 -270526.3701 60.0731
v -411200.9638 -270526.3702 60.0767
v -411200.9651 -270526.3704 60.0801
v -411200.9671 -270526.3707 60.0831
v -411200.9698 -270526.3711 60.0855
v -411200.9730 -270526.3715 60.0872
v -411200.9765 -270526.3720 60.0880
v -411200.9800 -270526.3726 60.0880
v -411200.9835 -270526.3731 60.0872
v -411200.9867 -270526.3735 60.0855
v -411200.9894 -270526.3739 60.0831
v -411200.9914 -270526.3742 60.0801
v -411200.9927 -270526.3744 60.0767
v -411200.7478 -270526.3388 60.2163
v -411200.7434 -270526.3685 60.2163
v -411200.7430 -270526.3684 60.2127
v -411200.7417 -270526.3682 60.2093
v -411200.7397 -270526.3679 60.2063
v -411200.7370 -270526.3676 60.2039
v -411200.7339 -270526.3671 60.2022
v -411200.7304 -270526.3666 60.2014
v -411200.7268 -270526.3661 60.2014
v -411200.7233 -270526.3656 60.2022
v -411200.7202 -270526.3651 60.2039
v -411200.7175 -270526.3647 60.2063
v -411200.7155 -270526.3644 60.2093
v -411200.7142 -270526.3642 60.2127
v -411200.7138 -270526.3642 60.2163
v -411200.7142 -270526.3642 60.2199
v -411200.7155 -270526.3644 60.2232
v -411200.7175 -270526.3647 60.2262
v -411200.7202 -270526.3651 60.2286
v -411200.7233 -270526.3656 60.2303
v -411200.7268 -270526.3661 60.2312
v -411200.7304 -270526.3666 60.2312
v -411200.7339 -270526.3671 60.2303
v -411200.7370 -270526.3676 60.2286
v -411200.7397 -270526.3679 60.2262
v -411200.7417 -270526.3682 60.2232
v -411200.7430 -270526.3684 60.2199
v -411200.7473 -270526.3387 60.2127
v -411200.7461 -270526.3385 60.2093
v -411200.7440 -270526.3383 60.2063
v -411200.7414 -270526.3379 60.2039
v -411200.7382 -270526.3374 60.2022
v -411200.7347 -270526.3369 60.2014
v -411200.7311 -270526.3364 60.2014
v -411200.7277 -270526.3359 60.2022
v -411200.7245 -270526.3354 60.2039
v -411200.7218 -270526.3350 60.2063
v -411200.7198 -270526.3347 60.2093
v -411200.7185 -270526.3345 60.2127
v -411200.7181 -270526.3345 60.2163
v -411200.7185 -270526.3345 60.2199
v -411200.7198 -270526.3347 60.2232
v -411200.7218 -270526.3350 60.2262
v -411200.7245 -270526.3354 60.2286
v -411200.7277 -270526.3359 60.2303
v -411200.7311 -270526.3364 60.2312
v -411200.7347 -270526.3369 60.2312
v -411200.7382 -270526.3374 60.2303
v -411200.7414 -270526.3379 60.2286
v -411200.7440 -270526.3383 60.2262
v -411200.7461 -270526.3385 60.2232
v -411200.7473 -270526.3387 60.2199
v -411200.9412 -270526.3669 60.0207
v -411200.9369 -270526.3966 60.0207
v -411200.9365 -270526.3966 60.0172
v -411200.9352 -270526.3964 60.0138
v -411200.9332 -270526.3961 60.0108
v -411200.9305 -270526.3957 60.0084
v -411200.9274 -270526.3952 60.0067
v -411200.9239 -270526.3947 60.0059
v -411200.9203 -270526.3942 60.0059
v -411200.9168 -270526.3937 60.0067
v -411200.9137 -270526.3932 60.0084
v -411200.9110 -270526.3928 60.0108
v -411200.9089 -270526.3925 60.0138
v -411200.9077 -270526.3924 60.0172
v -411200.9072 -270526.3923 60.0207
v -411200.9077 -270526.3924 60.0243
v -411200.9089 -270526.3925 60.0277
v -411200.9110 -270526.3928 60.0307
v -411200.9137 -270526.3932 60.0331
v -411200.9168 -270526.3937 60.0348
v -411200.9203 -270526.3942 60.0356
v -411200.9239 -270526.3947 60.0356
v -411200.9274 -270526.3952 60.0348
v -411200.9305 -270526.3957 60.0331
v -411200.9332 -270526.3961 60.0307
v -411200.9352 -270526.3964 60.0277
v -411200.9365 -270526.3966 60.0243
v -411200.9408 -270526.3669 60.0172
v -411200.9395 -270526.3667 60.0138
v -411200.9375 -270526.3664 60.0108
v -411200.9348 -270526.3660 60.0084
v -411200.9317 -270526.3655 60.0067
v -411200.9282 -270526.3650 60.0059
v -411200.9246 -270526.3645 60.0059
v -411200.9211 -270526.3640 60.0067
v -411200.9180 -270526.3635 60.0084
v -411200.9153 -270526.3632 60.0108
v -411200.9133 -270526.3629 60.0138
v -411200.9120 -270526.3627 60.0172
v -411200.9116 -270526.3626 60.0207
v -411200.9120 -270526.3627 60.0243
v -411200.9133 -270526.3629 60.0277
v -411200.9153 -270526.3632 60.0307
v -411200.9180 -270526.3635 60.0331
v -411200.9211 -270526.3640 60.0348
v -411200.9246 -270526.3645 60.0356
v -411200.9282 -270526.3650 60.0356
v -411200.9317 -270526.3655 60.0348
v -411200.9348 -270526.3660 60.0331
v -411200.9375 -270526.3664 60.0307
v -411200.9395 -270526.3667 60.0277
v -411200.9408 -270526.3669 60.0243
v -411200.7996 -270526.3463 60.2687
v -411200.7953 -270526.3760 60.2687
v -411200.7949 -270526.3760 60.2651
v -411200.7936 -270526.3758 60.2617
v -411200.7916 -270526.3755 60.2587
v -411200.7889 -270526.3751 60.2563
v -411200.7857 -270526.3746 60.2546
v -411200.7822 -270526.3741 60.2538
v -411200.7787 -270526.3736 60.2538
v -411200.7752 -270526.3731 60.2546
v -411200.7720 -270526.3726 60.2563
v -411200.7693 -270526.3722 60.2587
v -411200.7673 -270526.3720 60.2617
v -411200.7660 -270526.3718 60.2651
v -411200.7656 -270526.3717 60.2687
v -411200.7660 -270526.3718 60.2722
v -411200.7673 -270526.3720 60.2756
v -411200.7693 -270526.3722 60.2786
v -411200.7720 -270526.3726 60.2810
v -411200.7752 -270526.3731 60.2827
v -411200.7787 -270526.3736 60.2835
v -411200.7822 -270526.3741 60.2835
v -411200.7857 -270526.3746 60.2827
v -411200.7889 -270526.3751 60.2810
v -411200.7916 -270526.3755 60.2786
v -411200.7936 -270526.3758 60.2756
v -411200.7949 -270526.3760 60.2722
v -411200.7992 -270526.3463 60.2651
v -411200.7979 -270526.3461 60.2617
v -411200.7959 -270526.3458 60.2587
v -411200.7932 -270526.3454 60.2563
v -411200.7900 -270526.3449 60.2546
v -411200.7866 -270526.3444 60.2538
v -411200.7830 -270526.3439 60.2538
v -411200.7795 -270526.3434 60.2546
v -411200.7763 -270526.3429 60.2563
v -411200.7737 -270526.3426 60.2587
v -411200.7716 -270526.3423 60.2617
v -411200.7704 -270526.3421 60.2651
v -411200.7699 -270526.3420 60.2687
v -411200.7704 -270526.3421 60.2722
v -411200.7716 -270526.3423 60.2756
v -411200.7737 -270526.3426 60.2786
v -411200.7763 -270526.3429 60.2810
v -411200.7795 -270526.3434 60.2827
v -411200.7830 -270526.3439 60.2835
v -411200.7866 -270526.3444 60.2835
v -411200.7900 -270526.3449 60.2827
v -411200.7932 -270526.3454 60.2810
v -411200.7959 -270526.3458 60.2786
v -411200.7979 -270526.3461 60.2756
v -411200.7992 -270526.3463 60.2722
v -411200.9225 -270526.0055 59.9990
v -411200.9167 -270526.0450 59.9990
v -411200.9163 -270526.0450 59.9954
v -411200.9150 -270526.0448 59.9920
v -411200.9130 -270526.0445 59.9890
v -411200.9103 -270526.0441 59.9866
v -411200.9071 -270526.0437 59.9849
v -411200.9036 -270526.0431 59.9841
v -411200.9001 -270526.0426 59.9841
v -411200.8966 -270526.0421 59.9849
v -411200.8934 -270526.0417 59.9866
v -411200.8907 -270526.0413 59.9890
v -411200.8887 -270526.0410 59.9920
v -411200.8874 -270526.0408 59.9954
v -411200.8870 -270526.0407 59.9990
v -411200.8874 -270526.0408 60.0026
v -411200.8887 -270526.0410 60.0059
v -411200.8907 -270526.0413 60.0089
v -411200.8934 -270526.0417 60.0113
v -411200.8966 -270526.0421 60.0130
v -411200.9001 -270526.0426 60.0139
v -411200.9036 -270526.0431 60.0139
v -411200.9071 -270526.0437 60.0130
v -411200.9103 -270526.0441 60.0113
v -411200.9130 -270526.0445 60.0089
v -411200.9150 -270526.0448 60.0059
v -411200.9163 -270526.0450 60.0026
v -411200.9220 -270526.0054 59.9954
v -411200.9208 -270526.0052 59.9920
v -411200.9187 -270526.0049 59.9890
v -411200.9160 -270526.0045 59.9866
v -411200.9129 -270526.0041 59.9849
v -411200.9094 -270526.0036 59.9841
v -411200.9058 -270526.0030 59.9841
v -411200.9023 -270526.0025 59.9849
v -411200.8992 -270526.0021 59.9866
v -411200.8965 -270526.0017 59.9890
v -411200.8945 -270526.0014 59.9920
v -411200.8932 -270526.0012 59.9954
v -411200.8928 -270526.0011 59.9990
v -411200.8932 -270526.0012 60.0026
v -411200.8945 -270526.0014 60.0059
v -411200.8965 -270526.0017 60.0089
v -411200.8992 -270526.0021 60.0113
v -411200.9023 -270526.0025 60.0130
v -411200.9058 -270526.0030 60.0139
v -411200.9094 -270526.0036 60.0139
v -411200.9129 -270526.0041 60.0130
v -411200.9160 -270526.0045 60.0113
v -411200.9187 -270526.0049 60.0089
v -411200.9208 -270526.0052 60.0059
v -411200.9220 -270526.0054 60.0026
v -411200.9225 -270526.0055 60.2852
v -411200.9167 -270526.0450 60.2852
v -411200.9163 -270526.0450 60.2816
v -411200.9150 -270526.0448 60.2783
v -411200.9130 -270526.0445 60.2753
v -411200.9103 -270526.0441 60.2729
v -411200.9071 -270526.0437 60.2712
v -411200.9036 -270526.0431 60.2703
v -411200.9001 -270526.0426 60.2703
v -411200.8966 -270526.0421 60.2712
v -411200.8934 -270526.0417 60.2729
v -411200.8907 -270526.0413 60.2753
v -411200.8887 -270526.0410 60.2783
v -411200.8874 -270526.0408 60.2816
v -411200.8870 -270526.0407 60.2852
v -411200.8874 -270526.0408 60.2888
v -411200.8887 -270526.0410 60.2922
v -411200.8907 -270526.0413 60.2952
v -411200.8934 -270526.0417 60.2976
v -411200.8966 -270526.0421 60.2993
v -411200.9001 -270526.0426 60.3001
v -411200.9036 -270526.0431 60.3001
v -411200.9071 -270526.0437 60.2993
v -411200.9103 -270526.0441 60.2976
v -411200.9130 -270526.0445 60.2952
v -411200.9150 -270526.0448 60.2922
v -411200.9163 -270526.0450 60.2888
v -411200.9220 -270526.0054 60.2816
v -411200.9208 -270526.0052 60.2783
v -411200.9187 -270526.0049 60.2753
v -411200.9160 -270526.0045 60.2729
v -411200.9129 -270526.0041 60.2712
v -411200.9094 -270526.0036 60.2703
v -411200.9058 -270526.0030 60.2703
v -411200.9023 -270526.0025 60.2712
v -411200.8992 -270526.0021 60.2729
v -411200.8965 -270526.0017 60.2753
v -411200.8945 -270526.0014 60.2783
v -411200.8932 -270526.0012 60.2816
v -411200.8928 -270526.0011 60.2852
v -411200.8932 -270526.0012 60.2888
v -411200.8945 -270526.0014 60.2922
v -411200.8965 -270526.0017 60.2952
v -411200.8992 -270526.0021 60.2976
v -411200.9023 -270526.0025 60.2993
v -411200.9058 -270526.0030 60.3001
v -411200.9094 -270526.0036 60.3001
v -411200.9129 -270526.0041 60.2993
v -411200.9160 -270526.0045 60.2976
v -411200.9187 -270526.0049 60.2952
v -411200.9208 -270526.0052 60.2922
v -411200.9220 -270526.0054 60.2888
v -411200.9933 -270526.0158 60.2661
v -411200.9875 -270526.0553 60.2661
v -411200.9871 -270526.0553 60.2625
v -411200.9858 -270526.0551 60.2591
v -411200.9838 -270526.0548 60.2561
v -411200.9811 -270526.0544 60.2537
v -411200.9779 -270526.0539 60.2520
v -411200.9745 -270526.0534 60.2512
v -411200.9709 -270526.0529 60.2512
v -411200.9674 -270526.0524 60.2520
v -411200.9642 -270526.0520 60.2537
v -411200.9616 -270526.0516 60.2561
v -411200.9595 -270526.0513 60.2591
v -411200.9583 -270526.0511 60.2625
v -411200.9578 -270526.0510 60.2661
v -411200.9583 -270526.0511 60.2696
v -411200.9595 -270526.0513 60.2730
v -411200.9616 -270526.0516 60.2760
v -411200.9642 -270526.0520 60.2784
v -411200.9674 -270526.0524 60.2801
v -411200.9709 -270526.0529 60.2809
v -411200.9745 -270526.0534 60.2809
v -411200.9779 -270526.0539 60.2801
v -411200.9811 -270526.0544 60.2784
v -411200.9838 -270526.0548 60.2760
v -411200.9858 -270526.0551 60.2730
v -411200.9871 -270526.0553 60.2696
v -411200.9928 -270526.0157 60.2625
v -411200.9916 -270526.0155 60.2591
v -411200.9895 -270526.0152 60.2561
v -411200.9869 -270526.0148 60.2537
v -411200.9837 -270526.0144 60.2520
v -411200.9802 -270526.0139 60.2512
v -411200.9766 -270526.0133 60.2512
v -411200.9732 -270526.0128 60.2520
v -411200.9700 -270526.0124 60.2537
v -411200.9673 -270526.0120 60.2561
v -411200.9653 -270526.0117 60.2591
v -411200.9640 -270526.0115 60.2625
v -411200.9636 -270526.0114 60.2661
v -411200.9640 -270526.0115 60.2696
v -411200.9653 -270526.0117 60.2730
v -411200.9673 -270526.0120 60.2760
v -411200.9700 -270526.0124 60.2784
v -411200.9732 -270526.0128 60.2801
v -411200.9766 -270526.0133 60.2809
v -411200.9802 -270526.0139 60.2809
v -411200.9837 -270526.0144 60.2801
v -411200.9869 -270526.0148 60.2784
v -411200.9895 -270526.0152 60.2760
v -411200.9916 -270526.0155 60.2730
v -411200.9928 -270526.0157 60.2696
v -411200.8406 -270525.9936 60.0148
v -411200.8349 -270526.0332 60.0148
v -411200.8345 -270526.0331 60.0112
v -411200.8332 -270526.0329 60.0078
v -411200.8312 -270526.0326 60.0049
v -411200.8285 -270526.0322 60.0025
v -411200.8253 -270526.0318 60.0008
v -411200.8218 -270526.0313 59.9999
v -411200.8183 -270526.0307 59.9999
v -411200.8148 -270526.0302 60.0008
v -411200.8116 -270526.0298 60.0025
v -411200.8089 -270526.0294 60.0049
v -411200.8069 -270526.0291 60.0078
v -411200.8056 -270526.0289 60.0112
v -411200.8052 -270526.0288 60.0148
v -411200.8056 -270526.0289 60.0184
v -411200.8069 -270526.0291 60.0218
v -411200.8089 -270526.0294 60.0248
v -411200.8116 -270526.0298 60.0272
v -411200.8148 -270526.0302 60.0288
v -411200.8183 -270526.0307 60.0297
v -411200.8218 -270526.0313 60.0297
v -411200.8253 -270526.0318 60.0288
v -411200.8285 -270526.0322 60.0272
v -411200.8312 -270526.0326 60.0248
v -411200.8332 -270526.0329 60.0218
v -411200.8345 -270526.0331 60.0184
v -411200.8402 -270525.9935 60.0112
v -411200.8389 -270525.9933 60.0078
v -411200.8369 -270525.9930 60.0049
v -411200.8342 -270525.9926 60.0025
v -411200.8311 -270525.9922 60.0008
v -411200.8276 -270525.9917 59.9999
v -411200.8240 -270525.9911 59.9999
v -411200.8205 -270525.9906 60.0008
v -411200.8174 -270525.9902 60.0025
v -411200.8147 -270525.9898 60.0049
v -411200.8127 -270525.9895 60.0078
v -411200.8114 -270525.9893 60.0112
v -411200.8110 -270525.9893 60.0148
v -411200.8114 -270525.9893 60.0184
v -411200.8127 -270525.9895 60.0218
v -411200.8147 -270525.9898 60.0248
v -411200.8174 -270525.9902 60.0272
v -411200.8205 -270525.9906 60.0288
v -411200.8240 -270525.9911 60.0297
v -411200.8276 -270525.9917 60.0297
v -411200.8311 -270525.9922 60.0288
v -411200.8342 -270525.9926 60.0272
v -411200.8369 -270525.9930 60.0248
v -411200.8389 -270525.9933 60.0218
v -411200.8402 -270525.9935 60.0184
v -411201.0451 -270526.0233 60.2137
v -411201.0394 -270526.0629 60.2137
v -411201.0389 -270526.0628 60.2101
v -411201.0377 -270526.0626 60.2067
v -411201.0356 -270526.0623 60.2037
v -411201.0329 -270526.0619 60.2013
v -411201.0298 -270526.0615 60.1996
v -411201.0263 -270526.0610 60.1988
v -411201.0227 -270526.0605 60.1988
v -411201.0193 -270526.0600 60.1996
v -411201.0161 -270526.0595 60.2013
v -411201.0134 -270526.0591 60.2037
v -411201.0114 -270526.0588 60.2067
v -411201.0101 -270526.0586 60.2101
v -411201.0097 -270526.0586 60.2137
v -411201.0101 -270526.0586 60.2173
v -411201.0114 -270526.0588 60.2206
v -411201.0134 -270526.0591 60.2236
v -411201.0161 -270526.0595 60.2260
v -411201.0193 -270526.0600 60.2277
v -411201.0227 -270526.0605 60.2286
v -411201.0263 -270526.0610 60.2286
v -411201.0298 -270526.0615 60.2277
v -411201.0329 -270526.0619 60.2260
v -411201.0356 -270526.0623 60.2236
v -411201.0377 -270526.0626 60.2206
v -411201.0389 -270526.0628 60.2173
v -411201.0447 -270526.0232 60.2101
v -411201.0434 -270526.0230 60.2067
v -411201.0414 -270526.0228 60.2037
v -411201.0387 -270526.0224 60.2013
v -411201.0355 -270526.0219 60.1996
v -411201.0321 -270526.0214 60.1988
v -411201.0285 -270526.0209 60.1988
v -411201.0250 -270526.0204 60.1996
v -411201.0218 -270526.0199 60.2013
v -411201.0192 -270526.0195 60.2037
v -411201.0171 -270526.0192 60.2067
v -411201.0159 -270526.0190 60.2101
v -411201.0154 -270526.0190 60.2137
v -411201.0159 -270526.0190 60.2173
v -411201.0171 -270526.0192 60.2206
v -411201.0192 -270526.0195 60.2236
v -411201.0218 -270526.0199 60.2260
v -411201.0250 -270526.0204 60.2277
v -411201.0285 -270526.0209 60.2286
v -411201.0321 -270526.0214 60.2286
v -411201.0355 -270526.0219 60.2277
v -411201.0387 -270526.0224 60.2260
v -411201.0414 -270526.0228 60.2236
v -411201.0434 -270526.0230 60.2206
v -411201.0447 -270526.0232 60.2173
v -411200.7998 -270525.9876 60.0705
v -411200.7940 -270526.0272 60.0705
v -411200.7936 -270526.0271 60.0669
v -411200.7923 -270526.0270 60.0636
v -411200.7903 -270526.0267 60.0606
v -411200.7876 -270526.0263 60.0582
v -411200.7845 -270526.0258 60.0565
v -411200.7810 -270526.0253 60.0556
v -411200.7774 -270526.0248 60.0556
v -411200.7739 -270526.0243 60.0565
v -411200.7708 -270526.0238 60.0582
v -411200.7681 -270526.0234 60.0606
v -411200.7660 -270526.0231 60.0636
v -411200.7648 -270526.0230 60.0669
v -411200.7643 -270526.0229 60.0705
v -411200.7648 -270526.0230 60.0741
v -411200.7660 -270526.0231 60.0775
v -411200.7681 -270526.0234 60.0805
v -411200.7708 -270526.0238 60.0829
v -411200.7739 -270526.0243 60.0846
v -411200.7774 -270526.0248 60.0854
v -411200.7810 -270526.0253 60.0854
v -411200.7845 -270526.0258 60.0846
v -411200.7876 -270526.0263 60.0829
v -411200.7903 -270526.0267 60.0805
v -411200.7923 -270526.0270 60.0775
v -411200.7936 -270526.0271 60.0741
v -411200.7994 -270525.9876 60.0669
v -411200.7981 -270525.9874 60.0636
v -411200.7961 -270525.9871 60.0606
v -411200.7934 -270525.9867 60.0582
v -411200.7902 -270525.9862 60.0565
v -411200.7867 -270525.9857 60.0556
v -411200.7832 -270525.9852 60.0556
v -411200.7797 -270525.9847 60.0565
v -411200.7765 -270525.9842 60.0582
v -411200.7738 -270525.9839 60.0606
v -411200.7718 -270525.9836 60.0636
v -411200.7705 -270525.9834 60.0669
v -411200.7701 -270525.9833 60.0705
v -411200.7705 -270525.9834 60.0741
v -411200.7718 -270525.9836 60.0775
v -411200.7738 -270525.9839 60.0805
v -411200.7765 -270525.9842 60.0829
v -411200.7797 -270525.9847 60.0846
v -411200.7832 -270525.9852 60.0854
v -411200.7867 -270525.9857 60.0854
v -411200.7902 -270525.9862 60.0846
v -411200.7934 -270525.9867 60.0829
v -411200.7961 -270525.9871 60.0805
v -411200.7981 -270525.9874 60.0775
v -411200.7994 -270525.9876 60.0741
v -411201.0641 -270526.0261 60.1421
v -411201.0583 -270526.0656 60.1421
v -411201.0579 -270526.0656 60.1385
v -411201.0566 -270526.0654 60.1351
v -411201.0546 -270526.0651 60.1322
v -411201.0519 -270526.0647 60.1298
v -411201.0488 -270526.0642 60.1281
v -411201.0453 -270526.0637 60.1272
v -411201.0417 -270526.0632 60.1272
v -411201.0382 -270526.0627 60.1281
v -411201.0351 -270526.0623 60.1298
v -411201.0324 -270526.0619 60.1322
v -411201.0303 -270526.0616 60.1351
v -411201.0291 -270526.0614 60.1385
v -411201.0286 -270526.0613 60.1421
v -411201.0291 -270526.0614 60.1457
v -411201.0303 -270526.0616 60.1491
v -411201.0324 -270526.0619 60.1520
v -411201.0351 -270526.0623 60.1544
v -411201.0382 -270526.0627 60.1561
v -411201.0417 -270526.0632 60.1570
v -411201.0453 -270526.0637 60.1570
v -411201.0488 -270526.0642 60.1561
v -411201.0519 -270526.0647 60.1544
v -411201.0546 -270526.0651 60.1520
v -411201.0566 -270526.0654 60.1491
v -411201.0579 -270526.0656 60.1457
v -411201.0637 -270526.0260 60.1385
v -411201.0624 -270526.0258 60.1351
v -411201.0604 -270526.0255 60.1322
v -411201.0577 -270526.0251 60.1298
v -411201.0545 -270526.0247 60.1281
v -411201.0510 -270526.0242 60.1272
v -411201.0475 -270526.0236 60.1272
v -411201.0440 -270526.0231 60.1281
v -411201.0408 -270526.0227 60.1298
v -411201.0381 -270526.0223 60.1322
v -411201.0361 -270526.0220 60.1351
v -411201.0348 -270526.0218 60.1385
v -411201.0344 -270526.0217 60.1421
v -411201.0348 -270526.0218 60.1457
v -411201.0361 -270526.0220 60.1491
v -411201.0381 -270526.0223 60.1520
v -411201.0408 -270526.0227 60.1544
v -411201.0440 -270526.0231 60.1561
v -411201.0475 -270526.0236 60.1570
v -411201.0510 -270526.0242 60.1570
v -411201.0545 -270526.0247 60.1561
v -411201.0577 -270526.0251 60.1544
v -411201.0604 -270526.0255 60.1520
v -411201.0624 -270526.0258 60.1491
v -411201.0637 -270526.0260 60.1457
v -411200.7808 -270525.9849 60.1421
v -411200.7751 -270526.0245 60.1421
v -411200.7746 -270526.0244 60.1385
v -411200.7734 -270526.0242 60.1351
v -411200.7713 -270526.0239 60.1322
v -411200.7686 -270526.0235 60.1298
v -411200.7655 -270526.0231 60.1281
v -411200.7620 -270526.0226 60.1272
v -411200.7584 -270526.0220 60.1272
v -411200.7549 -270526.0215 60.1281
v -411200.7518 -270526.0211 60.1298
v -411200.7491 -270526.0207 60.1322
v -411200.7471 -270526.0204 60.1351
v -411200.7458 -270526.0202 60.1385
v -411200.7454 -270526.0201 60.1421
v -411200.7458 -270526.0202 60.1457
v -411200.7471 -270526.0204 60.1491
v -411200.7491 -270526.0207 60.1520
v -411200.7518 -270526.0211 60.1544
v -411200.7549 -270526.0215 60.1561
v -411200.7584 -270526.0220 60.1570
v -411200.7620 -270526.0226 60.1570
v -411200.7655 -270526.0231 60.1561
v -411200.7686 -270526.0235 60.1544
v -411200.7713 -270526.0239 60.1520
v -411200.7734 -270526.0242 60.1491
v -411200.7746 -270526.0244 60.1457
v -411200.7804 -270525.9848 60.1385
v -411200.7791 -270525.9846 60.1351
v -411200.7771 -270525.9843 60.1322
v -411200.7744 -270525.9839 60.1298
v -411200.7712 -270525.9835 60.1281
v -411200.7678 -270525.9830 60.1272
v -411200.7642 -270525.9824 60.1272
v -411200.7607 -270525.9819 60.1281
v -411200.7575 -270525.9815 60.1298
v -411200.7549 -270525.9811 60.1322
v -411200.7528 -270525.9808 60.1351
v -411200.7516 -270525.9806 60.1385
v -411200.7511 -270525.9806 60.1421
v -411200.7516 -270525.9806 60.1457
v -411200.7528 -270525.9808 60.1491
v -411200.7549 -270525.9811 60.1520
v -411200.7575 -270525.9815 60.1544
v -411200.7607 -270525.9819 60.1561
v -411200.7642 -270525.9824 60.1570
v -411200.7678 -270525.9830 60.1570
v -411200.7712 -270525.9835 60.1561
v -411200.7744 -270525.9839 60.1544
v -411200.7771 -270525.9843 60.1520
v -411200.7791 -270525.9846 60.1491
v -411200.7804 -270525.9848 60.1457
v -411201.0451 -270526.0233 60.0705
v -411201.0394 -270526.0629 60.0705
v -411201.0389 -270526.0628 60.0669
v -411201.0377 -270526.0626 60.0636
v -411201.0356 -270526.0623 60.0606
v -411201.0329 -270526.0619 60.0582
v -411201.0298 -270526.0615 60.0565
v -411201.0263 -270526.0610 60.0556
v -411201.0227 -270526.0605 60.0556
v -411201.0193 -270526.0600 60.0565
v -411201.0161 -270526.0595 60.0582
v -411201.0134 -270526.0591 60.0606
v -411201.0114 -270526.0588 60.0636
v -411201.0101 -270526.0586 60.0669
v -411201.0097 -270526.0586 60.0705
v -411201.0101 -270526.0586 60.0741
v -411201.0114 -270526.0588 60.0775
v -411201.0134 -270526.0591 60.0805
v -411201.0161 -270526.0595 60.0829
v -411201.0193 -270526.0600 60.0846
v -411201.0227 -270526.0605 60.0854
v -411201.0263 -270526.0610 60.0854
v -411201.0298 -270526.0615 60.0846
v -411201.0329 -270526.0619 60.0829
v -411201.0356 -270526.0623 60.0805
v -411201.0377 -270526.0626 60.0775
v -411201.0389 -270526.0628 60.0741
v -411201.0447 -270526.0232 60.0669
v -411201.0434 -270526.0230 60.0636
v -411201.0414 -270526.0228 60.0606
v -411201.0387 -270526.0224 60.0582
v -411201.0355 -270526.0219 60.0565
v -411201.0321 -270526.0214 60.0556
v -411201.0285 -270526.0209 60.0556
v -411201.0250 -270526.0204 60.0565
v -411201.0218 -270526.0199 60.0582
v -411201.0192 -270526.0195 60.0606
v -411201.0171 -270526.0192 60.0636
v -411201.0159 -270526.0190 60.0669
v -411201.0154 -270526.0190 60.0705
v -411201.0159 -270526.0190 60.0741
v -411201.0171 -270526.0192 60.0775
v -411201.0192 -270526.0195 60.0805
v -411201.0218 -270526.0199 60.0829
v -411201.0250 -270526.0204 60.0846
v -411201.0285 -270526.0209 60.0854
v -411201.0321 -270526.0214 60.0854
v -411201.0355 -270526.0219 60.0846
v -411201.0387 -270526.0224 60.0829
v -411201.0414 -270526.0228 60.0805
v -411201.0434 -270526.0230 60.0775
v -411201.0447 -270526.0232 60.0741
v -411200.7998 -270525.9876 60.2137
v -411200.7940 -270526.0272 60.2137
v -411200.7936 -270526.0271 60.2101
v -411200.7923 -270526.0270 60.2067
v -411200.7903 -270526.0267 60.2037
v -411200.7876 -270526.0263 60.2013
v -411200.7845 -270526.0258 60.1996
v -411200.7810 -270526.0253 60.1988
v -411200.7774 -270526.0248 60.1988
v -411200.7739 -270526.0243 60.1996
v -411200.7708 -270526.0238 60.2013
v -411200.7681 -270526.0234 60.2037
v -411200.7660 -270526.0231 60.2067
v -411200.7648 -270526.0230 60.2101
v -411200.7643 -270526.0229 60.2137
v -411200.7648 -270526.0230 60.2173
v -411200.7660 -270526.0231 60.2206
v -411200.7681 -270526.0234 60.2236
v -411200.7708 -270526.0238 60.2260
v -411200.7739 -270526.0243 60.2277
v -411200.7774 -270526.0248 60.2286
v -411200.7810 -270526.0253 60.2286
v -411200.7845 -270526.0258 60.2277
v -411200.7876 -270526.0263 60.2260
v -411200.7903 -270526.0267 60.2236
v -411200.7923 -270526.0270 60.2206
v -411200.7936 -270526.0271 60.2173
v -411200.7994 -270525.9876 60.2101
v -411200.7981 -270525.9874 60.2067
v -411200.7961 -270525.9871 60.2037
v -411200.7934 -270525.9867 60.2013
v -411200.7902 -270525.9862 60.1996
v -411200.7867 -270525.9857 60.1988
v -411200.7832 -270525.9852 60.1988
v -411200.7797 -270525.9847 60.1996
v -411200.7765 -270525.9842 60.2013
v -411200.7738 -270525.9839 60.2037
v -411200.7718 -270525.9836 60.2067
v -411200.7705 -270525.9834 60.2101
v -411200.7701 -270525.9833 60.2137
v -411200.7705 -270525.9834 60.2173
v -411200.7718 -270525.9836 60.2206
v -411200.7738 -270525.9839 60.2236
v -411200.7765 -270525.9842 60.2260
v -411200.7797 -270525.9847 60.2277
v -411200.7832 -270525.9852 60.2286
v -411200.7867 -270525.9857 60.2286
v -411200.7902 -270525.9862 60.2277
v -411200.7934 -270525.9867 60.2260
v -411200.7961 -270525.9871 60.2236
v -411200.7981 -270525.9874 60.2206
v -411200.7994 -270525.9876 60.2173
v -411200.9933 -270526.0158 60.0181
v -411200.9875 -270526.0553 60.0181
v -411200.9871 -270526.0553 60.0146
v -411200.9858 -270526.0551 60.0112
v -411200.9838 -270526.0548 60.0082
v -411200.9811 -270526.0544 60.0058
v -411200.9779 -270526.0539 60.0041
v -411200.9745 -270526.0534 60.0033
v -411200.9709 -270526.0529 60.0033
v -411200.9674 -270526.0524 60.0041
v -411200.9642 -270526.0520 60.0058
v -411200.9616 -270526.0516 60.0082
v -411200.9595 -270526.0513 60.0112
v -411200.9583 -270526.0511 60.0146
v -411200.9578 -270526.0510 60.0181
v -411200.9583 -270526.0511 60.0217
v -411200.9595 -270526.0513 60.0251
v -411200.9616 -270526.0516 60.0281
v -411200.9642 -270526.0520 60.0305
v -411200.9674 -270526.0524 60.0322
v -411200.9709 -270526.0529 60.0330
v -411200.9745 -270526.0534 60.0330
v -411200.9779 -270526.0539 60.0322
v -411200.9811 -270526.0544 60.0305
v -411200.9838 -270526.0548 60.0281
v -411200.9858 -270526.0551 60.0251
v -411200.9871 -270526.0553 60.0217
v -411200.9928 -270526.0157 60.0146
v -411200.9916 -270526.0155 60.0112
v -411200.9895 -270526.0152 60.0082
v -411200.9869 -270526.0148 60.0058
v -411200.9837 -270526.0144 60.0041
v -411200.9802 -270526.0139 60.0033
v -411200.9766 -270526.0133 60.0033
v -411200.9732 -270526.0128 60.0041
v -411200.9700 -270526.0124 60.0058
v -411200.9673 -270526.0120 60.0082
v -411200.9653 -270526.0117 60.0112
v -411200.9640 -270526.0115 60.0146
v -411200.9636 -270526.0114 60.0181
v -411200.9640 -270526.0115 60.0217
v -411200.9653 -270526.0117 60.0251
v -411200.9673 -270526.0120 60.0281
v -411200.9700 -270526.0124 60.0305
v -411200.9732 -270526.0128 60.0322
v -411200.9766 -270526.0133 60.0330
v -411200.9802 -270526.0139 60.0330
v -411200.9837 -270526.0144 60.0322
v -411200.9869 -270526.0148 60.0305
v -411200.9895 -270526.0152 60.0281
v -411200.9916 -270526.0155 60.0251
v -411200.9928 -270526.0157 60.0217
v -411200.8516 -270525.9952 60.2661
v -411200.8459 -270526.0347 60.2661
v -411200.8454 -270526.0347 60.2625
v -411200.8442 -270526.0345 60.2591
v -411200.8421 -270526.0342 60.2561
v -411200.8395 -270526.0338 60.2537
v -411200.8363 -270526.0334 60.2520
v -411200.8328 -270526.0328 60.2512
v -411200.8292 -270526.0323 60.2512
v -411200.8258 -270526.0318 60.2520
v -411200.8226 -270526.0314 60.2537
v -411200.8199 -270526.0310 60.2561
v -411200.8179 -270526.0307 60.2591
v -411200.8166 -270526.0305 60.2625
v -411200.8162 -270526.0304 60.2661
v -411200.8166 -270526.0305 60.2696
v -411200.8179 -270526.0307 60.2730
v -411200.8199 -270526.0310 60.2760
v -411200.8226 -270526.0314 60.2784
v -411200.8258 -270526.0318 60.2801
v -411200.8292 -270526.0323 60.2809
v -411200.8328 -270526.0328 60.2809
v -411200.8363 -270526.0334 60.2801
v -411200.8395 -270526.0338 60.2784
v -411200.8421 -270526.0342 60.2760
v -411200.8442 -270526.0345 60.2730
v -411200.8454 -270526.0347 60.2696
v -411200.8512 -270525.9951 60.2625
v -411200.8499 -270525.9949 60.2591
v -411200.8479 -270525.9946 60.2561
v -411200.8452 -270525.9942 60.2537
v -411200.8421 -270525.9938 60.2520
v -411200.8386 -270525.9933 60.2512
v -411200.8350 -270525.9927 60.2512
v -411200.8315 -270525.9922 60.2520
v -411200.8284 -270525.9918 60.2537
v -411200.8257 -270525.9914 60.2561
v -411200.8236 -270525.9911 60.2591
v -411200.8224 -270525.9909 60.2625
v -411200.8219 -270525.9908 60.2661
v -411200.8224 -270525.9909 60.2696
v -411200.8236 -270525.9911 60.2730
v -411200.8257 -270525.9914 60.2760
v -411200.8284 -270525.9918 60.2784
v -411200.8315 -270525.9922 60.2801
v -411200.8350 -270525.9927 60.2809
v -411200.8386 -270525.9933 60.2809
v -411200.8421 -270525.9938 60.2801
v -411200.8452 -270525.9942 60.2784
v -411200.8479 -270525.9946 60.2760
v -411200.8499 -270525.9949 60.2730
v -411200.8512 -270525.9951 60.2696
v -411201.0366 -270526.3606 60.1447
v -411201.0308 -270526.4002 60.1447
v -411201.0289 -270526.3999 60.1185
v -411201.0233 -270526.3991 60.0928
v -411201.0140 -270526.3977 60.0683
v -411201.0013 -270526.3959 60.0454
v -411200.9854 -270526.3936 60.0246
v -411200.9666 -270526.3908 60.0063
v -411200.9455 -270526.3878 59.9911
v -411200.9224 -270526.3844 59.9790
v -411200.8978 -270526.3808 59.9706
v -411200.8722 -270526.3771 59.9658
v -411200.8462 -270526.3733 59.9648
v -411200.8204 -270526.3696 59.9677
v -411200.7952 -270526.3659 59.9743
v -411200.7713 -270526.3624 59.9846
v -411200.7491 -270526.3592 59.9983
v -411200.7291 -270526.3563 60.0151
v -411200.7117 -270526.3538 60.0347
v -411200.6974 -270526.3517 60.0566
v -411200.6863 -270526.3501 60.0804
v -411200.6788 -270526.3490 60.1056
v -411200.6751 -270526.3484 60.1316
v -411200.6751 -270526.3484 60.1578
v -411200.6788 -270526.3490 60.1838
v -411200.6863 -270526.3501 60.2090
v -411200.6974 -270526.3517 60.2328
v -411200.7117 -270526.3538 60.2547
v -411200.7291 -270526.3563 60.2743
v -411200.7491 -270526.3592 60.2911
v -411200.7713 -270526.3624 60.3048
v -411200.7952 -270526.3659 60.3151
v -411200.8204 -270526.3696 60.3217
v -411200.8462 -270526.3733 60.3246
v -411200.8722 -270526.3771 60.3236
v -411200.8978 -270526.3808 60.3188
v -411200.9224 -270526.3844 60.3104
v -411200.9455 -270526.3878 60.2983
v -411200.9666 -270526.3908 60.2831
v -411200.9854 -270526.3936 60.2648
v -411201.0013 -270526.3959 60.2440
v -411201.0140 -270526.3977 60.2211
v -411201.0233 -270526.3991 60.1966
v -411201.0289 -270526.3999 60.1709
v -411201.0347 -270526.3603 60.1185
v -411201.0290 -270526.3595 60.0928
v -411201.0197 -270526.3581 60.0683
v -411201.0070 -270526.3563 60.0454
v -411200.9911 -270526.3540 60.0246
v -411200.9724 -270526.3512 60.0063
v -411200.9513 -270526.3482 59.9911
v -411200.9281 -270526.3448 59.9790
v -411200.9035 -270526.3412 59.9706
v -411200.8779 -270526.3375 59.9658
v -411200.8520 -270526.3337 59.9648
v -411200.8261 -270526.3300 59.9677
v -411200.8009 -270526.3263 59.9743
v -411200.7770 -270526.3228 59.9846
v -411200.7548 -270526.3196 59.9983
v -411200.7348 -270526.3167 60.0151
v -411200.7175 -270526.3142 60.0347
v -411200.7031 -270526.3121 60.0566
v -411200.6921 -270526.3105 60.0804
v -411200.6846 -270526.3094 60.1056
v -411200.6808 -270526.3088 60.1316
v -411200.6808 -270526.3088 60.1578
v -411200.6846 -270526.3094 60.1838
v -411200.6921 -270526.3105 60.2090
v -411200.7031 -270526.3121 60.2328
v -411200.7175 -270526.3142 60.2547
v -411200.7348 -270526.3167 60.2743
v -411200.7548 -270526.3196 60.2911
v -411200.7770 -270526.3228 60.3048
v -411200.8009 -270526.3263 60.3151
v -411200.8261 -270526.3300 60.3217
v -411200.8520 -270526.3337 60.3246
v -411200.8779 -270526.3375 60.3236
v -411200.9035 -270526.3412 60.3188
v -411200.9281 -270526.3448 60.3104
v -411200.9513 -270526.3482 60.2983
v -411200.9724 -270526.3512 60.2831
v -411200.9911 -270526.3540 60.2648
v -411201.0070 -270526.3563 60.2440
v -411201.0197 -270526.3581 60.2211
v -411201.0290 -270526.3595 60.1966
v -411201.0347 -270526.3603 60.1709
f 3692 3691 3735
f 3693 3692 3735
f 3694 3693 3736
f 3693 3735 3736
f 3695 3694 3737
f 3694 3736 3737
f 3696 3695 3738
f 3695 3737 3738
f 3697 3696 3739
f 3696 3738 3739
f 3698 3697 3740
f 3697 3739 3740
f 3699 3698 3741
f 3698 3740 3741
f 3700 3699 3742
f 3699 3741 3742
f 3701 3700 3743
f 3700 3742 3743
f 3702 3701 3744
f 3701 3743 3744
f 3703 3702 3745
f 3702 3744 3745
f 3704 3703 3746
f 3703 3745 3746
f 3705 3704 3747
f 3704 3746 3747
f 3706 3705 3748
f 3705 3747 3748
f 3707 3706 3749
f 3706 3748 3749
f 3708 3707 3750
f 3707 3749 3750
f 3709 3708 3751
f 3708 3750 3751
f 3710 3709 3752
f 3709 3751 3752
f 3711 3710 3753
f 3710 3752 3753
f 3712 3711 3754
f 3711 3753 3754
f 3713 3712 3755
f 3712 3754 3755
f 3714 3713 3756
f 3713 3755 3756
f 3715 3714 3757
f 3714 3756 3757
f 3716 3715 3758
f 3717 3716 3758
f 3715 3757 3758
f 3717 3758 3759
f 3718 3717 3760
f 3717 3759 3760
f 3719 3718 3761
f 3720 3719 3761
f 3718 3760 3761
f 3720 3761 3762
f 3720 3762 3763
f 3721 3720 3763
f 3721 3763 3764
f 3722 3721 3764
f 3722 3764 3765
f 3723 3722 3765
f 3723 3765 3766
f 3724 3723 3766
f 3724 3766 3767
f 3725 3724 3767
f 3726 3725 3767
f 3726 3767 3768
f 3726 3768 3769
f 3727 3726 3769
f 3727 3769 3770
f 3728 3727 3770
f 3729 3728 3770
f 3729 3770 3771
f 3730 3729 3772
f 3729 3771 3772
f 3731 3730 3773
f 3730 3772 3773
f 3732 3731 3774
f 3731 3773 3774
f 3733 3732 3775
f 3732 3774 3775
f 3734 3733 3776
f 3733 3775 3776
f 3692 3734 3691
f 3734 3776 3691
f 3775 3774 3776
f 3737 3736 3738
f 3735 3691 3739
f 3736 3735 3739
f 3741 3740 3739
f 3742 3741 3739
f 3776 3774 3739
f 3743 3742 3739
f 3744 3743 3739
f 3745 3744 3739
f 3746 3745 3739
f 3747 3746 3739
f 3748 3747 3739
f 3749 3748 3739
f 3750 3749 3739
f 3751 3750 3739
f 3752 3751 3739
f 3753 3752 3739
f 3754 3753 3739
f 3755 3754 3739
f 3738 3736 3739
f 3756 3755 3739
f 3757 3756 3739
f 3758 3757 3739
f 3759 3758 3739
f 3760 3759 3739
f 3761 3760 3739
f 3762 3761 3739
f 3763 3762 3739
f 3764 3763 3739
f 3765 3764 3739
f 3766 3765 3739
f 3767 3766 3739
f 3768 3767 3739
f 3769 3768 3739
f 3770 3769 3739
f 3771 3770 3739
f 3772 3771 3739
f 3773 3772 3739
f 3774 3773 3739
f 3691 3776 3739
f 3734 3732 3733
f 3696 3694 3695
f 3697 3692 3693
f 3697 3693 3694
f 3697 3698 3699
f 3697 3699 3700
f 3697 3732 3734
f 3697 3700 3701
f 3697 3701 3702
f 3697 3702 3703
f 3697 3703 3704
f 3697 3704 3705
f 3697 3705 3706
f 3697 3706 3707
f 3697 3707 3708
f 3697 3708 3709
f 3697 3709 3710
f 3697 3710 3711
f 3697 3711 3712
f 3697 3712 3713
f 3697 3694 3696
f 3697 3713 3714
f 3697 3714 3715
f 3697 3715 3716
f 3697 3716 3717
f 3697 3717 3718
f 3697 3718 3719
f 3697 3719 3720
f 3697 3720 3721
f 3697 3721 3722
f 3697 3722 3723
f 3697 3723 3724
f 3697 3724 3725
f 3697 3725 3726
f 3697 3726 3727
f 3697 3727 3728
f 3697 3728 3729
f 3697 3729 3730
f 3697 3730 3731
f 3697 3731 3732
f 3697 3734 3692
f 3778 3777 3810
f 3779 3778 3810
f 3780 3779 3811
f 3779 3810 3811
f 3781 3780 3812
f 3780 3811 3812
f 3782 3781 3813
f 3781 3812 3813
f 3783 3782 3814
f 3782 3813 3814
f 3784 3783 3815
f 3783 3814 3815
f 3785 3784 3816
f 3784 3815 3816
f 3785 3816 3817
f 3786 3785 3817
f 3786 3817 3818
f 3787 3786 3818
f 3788 3787 3819
f 3787 3818 3819
f 3789 3788 3820
f 3788 3819 3820
f 3790 3789 3821
f 3789 3820 3821
f 3791 3790 3822
f 3790 3821 3822
f 3792 3791 3823
f 3791 3822 3823
f 3793 3792 3824
f 3792 3823 3824
f 3794 3793 3825
f 3793 3824 3825
f 3795 3794 3826
f 3794 3825 3826
f 3796 3795 3827
f 3795 3826 3827
f 3797 3796 3828
f 3796 3827 3828
f 3798 3797 3829
f 3797 3828 3829
f 3799 3798 3830
f 3798 3829 3830
f 3800 3799 3831
f 3799 3830 3831
f 3801 3800 3832
f 3802 3801 3832
f 3800 3831 3832
f 3802 3832 3833
f 3803 3802 3834
f 3802 3833 3834
f 3804 3803 3835
f 3803 3834 3835
f 3805 3804 3836
f 3804 3835 3836
f 3806 3805 3837
f 3805 3836 3837
f 3807 3806 3838
f 3808 3807 3838
f 3806 3837 3838
f 3808 3838 3839
f 3809 3808 3840
f 3808 3839 3840
f 3778 3809 3777
f 3809 3840 3777
f 3810 3777 3813
f 3811 3810 3813
f 3812 3811 3813
f 3815 3814 3813
f 3816 3815 3813
f 3817 3816 3813
f 3818 3817 3813
f 3819 3818 3813
f 3820 3819 3813
f 3821 3820 3813
f 3822 3821 3813
f 3823 3822 3813
f 3824 3823 3813
f 3825 3824 3813
f 3826 3825 3813
f 3827 3826 3813
f 3828 3827 3813
f 3829 3828 3813
f 3830 3829 3813
f 3831 3830 3813
f 3832 3831 3813
f 3833 3832 3813
f 3834 3833 3813
f 3835 3834 3813
f 3836 3835 3813
f 3837 3836 3813
f 3838 3837 3813
f 3839 3838 3813
f 3840 3839 3813
f 3777 3840 3813
f 3782 3778 3779
f 3782 3779 3780
f 3782 3780 3781
f 3782 3783 3784
f 3782 3784 3785
f 3782 3785 3786
f 3782 3786 3787
f 3782 3787 3788
f 3782 3788 3789
f 3782 3789 3790
f 3782 3790 3791
f 3782 3791 3792
f 3782 3792 3793
f 3782 3793 3794
f 3782 3794 3795
f 3782 3795 3796
f 3782 3796 3797
f 3782 3797 3798
f 3782 3798 3799
f 3782 3799 3800
f 3782 3800 3801
f 3782 3801 3802
f 3782 3802 3803
f 3782 3803 3804
f 3782 3804 3805
f 3782 3805 3806
f 3782 3806 3807
f 3782 3807 3808
f 3782 3808 3809
f 3782 3809 3778
f 3842 3841 3868
f 3843 3842 3868
f 3844 3843 3869
f 3843 3868 3869
f 3845 3844 3870
f 3844 3869 3870
f 3846 3845 3871
f 3845 3870 3871
f 3847 3846 3872
f 3846 3871 3872
f 3848 3847 3873
f 3847 3872 3873
f 3849 3848 3874
f 3848 3873 3874
f 3850 3849 3875
f 3849 3874 3875
f 3851 3850 3876
f 3850 3875 3876
f 3852 3851 3877
f 3851 3876 3877
f 3853 3852 3878
f 3852 3877 3878
f 3853 3878 3879
f 3854 3853 3879
f 3854 3879 3880
f 3855 3854 3880
f 3856 3855 3881
f 3855 3880 3881
f 3857 3856 3882
f 3856 3881 3882
f 3858 3857 3883
f 3857 3882 3883
f 3859 3858 3884
f 3858 3883 3884
f 3860 3859 3885
f 3859 3884 3885
f 3861 3860 3886
f 3860 3885 3886
f 3862 3861 3887
f 3861 3886 3887
f 3863 3862 3888
f 3862 3887 3888
f 3864 3863 3889
f 3863 3888 3889
f 3865 3864 3890
f 3864 3889 3890
f 3866 3865 3891
f 3865 3890 3891
f 3867 3866 3892
f 3866 3891 3892
f 3842 3867 3841
f 3867 3892 3841
f 3868 3841 3870
f 3869 3868 3870
f 3872 3871 3870
f 3873 3872 3870
f 3874 3873 3870
f 3875 3874 3870
f 3876 3875 3870
f 3877 3876 3870
f 3878 3877 3870
f 3879 3878 3870
f 3880 3879 3870
f 3881 3880 3870
f 3882 3881 3870
f 3883 3882 3870
f 3884 3883 3870
f 3885 3884 3870
f 3886 3885 3870
f 3887 3886 3870
f 3888 3887 3870
f 3889 3888 3870
f 3890 3889 3870
f 3891 3890 3870
f 3892 3891 3870
f 3841 3892 3870
f 3845 3842 3843
f 3845 3843 3844
f 3845 3846 3847
f 3845 3847 3848
f 3845 3848 3849
f 3845 3849 3850
f 3845 3850 3851
f 3845 3851 3852
f 3845 3852 3853
f 3845 3853 3854
f 3845 3854 3855
f 3845 3855 3856
f 3845 3856 3857
f 3845 3857 3858
f 3845 3858 3859
f 3845 3859 3860
f 3845 3860 3861
f 3845 3861 3862
f 3845 3862 3863
f 3845 3863 3864
f 3845 3864 3865
f 3845 3865 3866
f 3845 3866 3867
f 3845 3867 3842
f 3894 3893 3920
f 3895 3894 3920
f 3896 3895 3921
f 3895 3920 3921
f 3897 3896 3922
f 3896 3921 3922
f 3898 3897 3923
f 3897 3922 3923
f 3899 3898 3924
f 3898 3923 3924
f 3900 3899 3925
f 3899 3924 3925
f 3901 3900 3926
f 3900 3925 3926
f 3902 3901 3927
f 3901 3926 3927
f 3903 3902 3928
f 3902 3927 3928
f 3904 3903 3929
f 3903 3928 3929
f 3905 3904 3930
f 3904 3929 3930
f 3905 3930 3931
f 3906 3905 3931
f 3906 3931 3932
f 3907 3906 3932
f 3908 3907 3933
f 3907 3932 3933
f 3909 3908 3934
f 3908 3933 3934
f 3910 3909 3935
f 3909 3934 3935
f 3911 3910 3936
f 3910 3935 3936
f 3912 3911 3937
f 3911 3936 3937
f 3913 3912 3938
f 3912 3937 3938
f 3914 3913 3939
f 3913 3938 3939
f 3915 3914 3940
f 3914 3939 3940
f 3916 3915 3941
f 3915 3940 3941
f 3917 3916 3942
f 3916 3941 3942
f 3918 3917 3943
f 3917 3942 3943
f 3919 3918 3944
f 3918 3943 3944
f 3894 3919 3893
f 3919 3944 3893
f 3920 3893 3922
f 3921 3920 3922
f 3924 3923 3922
f 3925 3924 3922
f 3926 3925 3922
f 3927 3926 3922
f 3928 3927 3922
f 3929 3928 3922
f 3930 3929 3922
f 3931 3930 3922
f 3932 3931 3922
f 3933 3932 3922
f 3934 3933 3922
f 3935 3934 3922
f 3936 3935 3922
f 3937 3936 3922
f 3938 3937 3922
f 3939 3938 3922
f 3940 3939 3922
f 3941 3940 3922
f 3942 3941 3922
f 3943 3942 3922
f 3944 3943 3922
f 3893 3944 3922
f 3897 3894 3895
f 3897 3895 3896
f 3897 3898 3899
f 3897 3899 3900
f 3897 3900 3901
f 3897 3901 3902
f 3897 3902 3903
f 3897 3903 3904
f 3897 3904 3905
f 3897 3905 3906
f 3897 3906 3907
f 3897 3907 3908
f 3897 3908 3909
f 3897 3909 3910
f 3897 3910 3911
f 3897 3911 3912
f 3897 3912 3913
f 3897 3913 3914
f 3897 3914 3915
f 3897 3915 3916
f 3897 3916 3917
f 3897 3917 3918
f 3897 3918 3919
f 3897 3919 3894
f 3946 3945 3972
f 3947 3946 3972
f 3948 3947 3973
f 3947 3972 3973
f 3949 3948 3974
f 3948 3973 3974
f 3950 3949 3975
f 3949 3974 3975
f 3951 3950 3976
f 3950 3975 3976
f 3952 3951 3977
f 3951 3976 3977
f 3953 3952 3978
f 3952 3977 3978
f 3954 3953 3979
f 3953 3978 3979
f 3955 3954 3980
f 3954 3979 3980
f 3956 3955 3981
f 3955 3980 3981
f 3957 3956 3982
f 3956 3981 3982
f 3957 3982 3983
f 3958 3957 3983
f 3958 3983 3984
f 3959 3958 3984
f 3960 3959 3985
f 3959 3984 3985
f 3961 3960 3986
f 3960 3985 3986
f 3962 3961 3987
f 3961 3986 3987
f 3963 3962 3988
f 3962 3987 3988
f 3964 3963 3989
f 3963 3988 3989
f 3965 3964 3990
f 3964 3989 3990
f 3966 3965 3991
f 3965 3990 3991
f 3967 3966 3992
f 3966 3991 3992
f 3968 3967 3993
f 3967 3992 3993
f 3969 3968 3994
f 3968 3993 3994
f 3970 3969 3995
f 3969 3994 3995
f 3971 3970 3996
f 3970 3995 3996
f 3946 3971 3945
f 3971 3996 3945
f 3972 3945 3974
f 3973 3972 3974
f 3976 3975 3974
f 3977 3976 3974
f 3978 3977 3974
f 3979 3978 3974
f 3980 3979 3974
f 3981 3980 3974
f 3982 3981 3974
f 3983 3982 3974
f 3984 3983 3974
f 3985 3984 3974
f 3986 3985 3974
f 3987 3986 3974
f 3988 3987 3974
f 3989 3988 3974
f 3990 3989 3974
f 3991 3990 3974
f 3992 3991 3974
f 3993 3992 3974
f 3994 3993 3974
f 3995 3994 3974
f 3996 3995 3974
f 3945 3996 3974
f 3949 3946 3947
f 3949 3947 3948
f 3949 3950 3951
f 3949 3951 3952
f 3949 3952 3953
f 3949 3953 3954
f 3949 3954 3955
f 3949 3955 3956
f 3949 3956 3957
f 3949 3957 3958
f 3949 3958 3959
f 3949 3959 3960
f 3949 3960 3961
f 3949 3961 3962
f 3949 3962 3963
f 3949 3963 3964
f 3949 3964 3965
f 3949 3965 3966
f 3949 3966 3967
f 3949 3967 3968
f 3949 3968 3969
f 3949 3969 3970
f 3949 3970 3971
f 3949 3971 3946
f 3998 3997 4024
f 3999 3998 4024
f 4000 3999 4025
f 3999 4024 4025
f 4001 4000 4026
f 4000 4025 4026
f 4002 4001 4027
f 4001 4026 4027
f 4003 4002 4028
f 4002 4027 4028
f 4004 4003 4029
f 4003 4028 4029
f 4005 4004 4030
f 4004 4029 4030
f 4006 4005 4031
f 4005 4030 4031
f 4007 4006 4032
f 4006 4031 4032
f 4008 4007 4033
f 4007 4032 4033
f 4009 4008 4034
f 4008 4033 4034
f 4009 4034 4035
f 4010 4009 4035
f 4010 4035 4036
f 4011 4010 4036
f 4012 4011 4037
f 4011 4036 4037
f 4013 4012 4038
f 4012 4037 4038
f 4014 4013 4039
f 4013 4038 4039
f 4015 4014 4040
f 4014 4039 4040
f 4016 4015 4041
f 4015 4040 4041
f 4017 4016 4042
f 4016 4041 4042
f 4018 4017 4043
f 4017 4042 4043
f 4019 4018 4044
f 4018 4043 4044
f 4020 4019 4045
f 4019 4044 4045
f 4021 4020 4046
f 4020 4045 4046
f 4022 4021 4047
f 4021 4046 4047
f 4023 4022 4048
f 4022 4047 4048
f 3998 4023 3997
f 4023 4048 3997
f 4024 3997 4026
f 4025 4024 4026
f 4028 4027 4026
f 4029 4028 4026
f 4030 4029 4026
f 4031 4030 4026
f 4032 4031 4026
f 4033 4032 4026
f 4034 4033 4026
f 4035 4034 4026
f 4036 4035 4026
f 4037 4036 4026
f 4038 4037 4026
f 4039 4038 4026
f 4040 4039 4026
f 4041 4040 4026
f 4042 4041 4026
f 4043 4042 4026
f 4044 4043 4026
f 4045 4044 4026
f 4046 4045 4026
f 4047 4046 4026
f 4048 4047 4026
f 3997 4048 4026
f 4001 3998 3999
f 4001 3999 4000
f 4001 4002 4003
f 4001 4003 4004
f 4001 4004 4005
f 4001 4005 4006
f 4001 4006 4007
f 4001 4007 4008
f 4001 4008 4009
f 4001 4009 4010
f 4001 4010 4011
f 4001 4011 4012
f 4001 4012 4013
f 4001 4013 4014
f 4001 4014 4015
f 4001 4015 4016
f 4001 4016 4017
f 4001 4017 4018
f 4001 4018 4019
f 4001 4019 4020
f 4001 4020 4021
f 4001 4021 4022
f 4001 4022 4023
f 4001 4023 3998
f 4050 4049 4076
f 4051 4050 4076
f 4052 4051 4077
f 4051 4076 4077
f 4053 4052 4078
f 4052 4077 4078
f 4054 4053 4079
f 4053 4078 4079
f 4055 4054 4080
f 4054 4079 4080
f 4056 4055 4081
f 4055 4080 4081
f 4057 4056 4082
f 4056 4081 4082
f 4058 4057 4083
f 4057 4082 4083
f 4059 4058 4084
f 4058 4083 4084
f 4060 4059 4085
f 4059 4084 4085
f 4061 4060 4086
f 4060 4085 4086
f 4061 4086 4087
f 4062 4061 4087
f 4062 4087 4088
f 4063 4062 4088
f 4064 4063 4089
f 4063 4088 4089
f 4065 4064 4090
f 4064 4089 4090
f 4066 4065 4091
f 4065 4090 4091
f 4067 4066 4092
f 4066 4091 4092
f 4068 4067 4093
f 4067 4092 4093
f 4069 4068 4094
f 4068 4093 4094
f 4070 4069 4095
f 4069 4094 4095
f 4071 4070 4096
f 4070 4095 4096
f 4072 4071 4097
f 4071 4096 4097
f 4073 4072 4098
f 4072 4097 4098
f 4074 4073 4099
f 4073 4098 4099
f 4075 4074 4100
f 4074 4099 4100
f 4050 4075 4049
f 4075 4100 4049
f 4076 4049 4078
f 4077 4076 4078
f 4080 4079 4078
f 4081 4080 4078
f 4082 4081 4078
f 4083 4082 4078
f 4084 4083 4078
f 4085 4084 4078
f 4086 4085 4078
f 4087 4086 4078
f 4088 4087 4078
f 4089 4088 4078
f 4090 4089 4078
f 4091 4090 4078
f 4092 4091 4078
f 4093 4092 4078
f 4094 4093 4078
f 4095 4094 4078
f 4096 4095 4078
f 4097 4096 4078
f 4098 4097 4078
f 4099 4098 4078
f 4100 4099 4078
f 4049 4100 4078
f 4053 4050 4051
f 4053 4051 4052
f 4053 4054 4055
f 4053 4055 4056
f 4053 4056 4057
f 4053 4057 4058
f 4053 4058 4059
f 4053 4059 4060
f 4053 4060 4061
f 4053 4061 4062
f 4053 4062 4063
f 4053 4063 4064
f 4053 4064 4065
f 4053 4065 4066
f 4053 4066 4067
f 4053 4067 4068
f 4053 4068 4069
f 4053 4069 4070
f 4053 4070 4071
f 4053 4071 4072
f 4053 4072 4073
f 4053 4073 4074
f 4053 4074 4075
f 4053 4075 4050
f 4102 4101 4128
f 4103 4102 4128
f 4104 4103 4129
f 4103 4128 4129
f 4105 4104 4130
f 4104 4129 4130
f 4106 4105 4131
f 4105 4130 4131
f 4107 4106 4132
f 4106 4131 4132
f 4108 4107 4133
f 4107 4132 4133
f 4109 4108 4134
f 4108 4133 4134
f 4110 4109 4135
f 4109 4134 4135
f 4111 4110 4136
f 4110 4135 4136
f 4112 4111 4137
f 4111 4136 4137
f 4113 4112 4138
f 4112 4137 4138
f 4113 4138 4139
f 4114 4113 4139
f 4114 4139 4140
f 4115 4114 4140
f 4116 4115 4141
f 4115 4140 4141
f 4117 4116 4142
f 4116 4141 4142
f 4118 4117 4143
f 4117 4142 4143
f 4119 4118 4144
f 4118 4143 4144
f 4120 4119 4145
f 4119 4144 4145
f 4121 4120 4146
f 4120 4145 4146
f 4122 4121 4147
f 4121 4146 4147
f 4123 4122 4148
f 4122 4147 4148
f 4124 4123 4149
f 4123 4148 4149
f 4125 4124 4150
f 4124 4149 4150
f 4126 4125 4151
f 4125 4150 4151
f 4127 4126 4152
f 4126 4151 4152
f 4102 4127 4101
f 4127 4152 4101
f 4128 4101 4130
f 4129 4128 4130
f 4132 4131 4130
f 4133 4132 4130
f 4134 4133 4130
f 4135 4134 4130
f 4136 4135 4130
f 4137 4136 4130
f 4138 4137 4130
f 4139 4138 4130
f 4140 4139 4130
f 4141 4140 4130
f 4142 4141 4130
f 4143 4142 4130
f 4144 4143 4130
f 4145 4144 4130
f 4146 4145 4130
f 4147 4146 4130
f 4148 4147 4130
f 4149 4148 4130
f 4150 4149 4130
f 4151 4150 4130
f 4152 4151 4130
f 4101 4152 4130
f 4105 4102 4103
f 4105 4103 4104
f 4105 4106 4107
f 4105 4107 4108
f 4105 4108 4109
f 4105 4109 4110
f 4105 4110 4111
f 4105 4111 4112
f 4105 4112 4113
f 4105 4113 4114
f 4105 4114 4115
f 4105 4115 4116
f 4105 4116 4117
f 4105 4117 4118
f 4105 4118 4119
f 4105 4119 4120
f 4105 4120 4121
f 4105 4121 4122
f 4105 4122 4123
f 4105 4123 4124
f 4105 4124 4125
f 4105 4125 4126
f 4105 4126 4127
f 4105 4127 4102
f 4154 4153 4180
f 4155 4154 4180
f 4156 4155 4181
f 4155 4180 4181
f 4157 4156 4182
f 4156 4181 4182
f 4158 4157 4183
f 4157 4182 4183
f 4159 4158 4184
f 4158 4183 4184
f 4160 4159 4185
f 4159 4184 4185
f 4161 4160 4186
f 4160 4185 4186
f 4162 4161 4187
f 4161 4186 4187
f 4163 4162 4188
f 4162 4187 4188
f 4164 4163 4189
f 4163 4188 4189
f 4165 4164 4190
f 4164 4189 4190
f 4165 4190 4191
f 4166 4165 4191
f 4166 4191 4192
f 4167 4166 4192
f 4168 4167 4193
f 4167 4192 4193
f 4169 4168 4194
f 4168 4193 4194
f 4170 4169 4195
f 4169 4194 4195
f 4171 4170 4196
f 4170 4195 4196
f 4172 4171 4197
f 4171 4196 4197
f 4173 4172 4198
f 4172 4197 4198
f 4174 4173 4199
f 4173 4198 4199
f 4175 4174 4200
f 4174 4199 4200
f 4176 4175 4201
f 4175 4200 4201
f 4177 4176 4202
f 4176 4201 4202
f 4178 4177 4203
f 4177 4202 4203
f 4179 4178 4204
f 4178 4203 4204
f 4154 4179 4153
f 4179 4204 4153
f 4180 4153 4182
f 4181 4180 4182
f 4184 4183 4182
f 4185 4184 4182
f 4186 4185 4182
f 4187 4186 4182
f 4188 4187 4182
f 4189 4188 4182
f 4190 4189 4182
f 4191 4190 4182
f 4192 4191 4182
f 4193 4192 4182
f 4194 4193 4182
f 4195 4194 4182
f 4196 4195 4182
f 4197 4196 4182
f 4198 4197 4182
f 4199 4198 4182
f 4200 4199 4182
f 4201 4200 4182
f 4202 4201 4182
f 4203 4202 4182
f 4204 4203 4182
f 4153 4204 4182
f 4157 4154 4155
f 4157 4155 4156
f 4157 4158 4159
f 4157 4159 4160
f 4157 4160 4161
f 4157 4161 4162
f 4157 4162 4163
f 4157 4163 4164
f 4157 4164 4165
f 4157 4165 4166
f 4157 4166 4167
f 4157 4167 4168
f 4157 4168 4169
f 4157 4169 4170
f 4157 4170 4171
f 4157 4171 4172
f 4157 4172 4173
f 4157 4173 4174
f 4157 4174 4175
f 4157 4175 4176
f 4157 4176 4177
f 4157 4177 4178
f 4157 4178 4179
f 4157 4179 4154
f 4206 4205 4232
f 4207 4206 4232
f 4208 4207 4233
f 4207 4232 4233
f 4209 4208 4234
f 4208 4233 4234
f 4210 4209 4235
f 4209 4234 4235
f 4211 4210 4236
f 4210 4235 4236
f 4212 4211 4237
f 4211 4236 4237
f 4213 4212 4238
f 4212 4237 4238
f 4214 4213 4239
f 4213 4238 4239
f 4215 4214 4240
f 4214 4239 4240
f 4216 4215 4241
f 4215 4240 4241
f 4217 4216 4242
f 4216 4241 4242
f 4217 4242 4243
f 4218 4217 4243
f 4218 4243 4244
f 4219 4218 4244
f 4220 4219 4245
f 4219 4244 4245
f 4221 4220 4246
f 4220 4245 4246
f 4222 4221 4247
f 4221 4246 4247
f 4223 4222 4248
f 4222 4247 4248
f 4224 4223 4249
f 4223 4248 4249
f 4225 4224 4250
f 4224 4249 4250
f 4226 4225 4251
f 4225 4250 4251
f 4227 4226 4252
f 4226 4251 4252
f 4228 4227 4253
f 4227 4252 4253
f 4229 4228 4254
f 4228 4253 4254
f 4230 4229 4255
f 4229 4254 4255
f 4231 4230 4256
f 4230 4255 4256
f 4206 4231 4205
f 4231 4256 4205
f 4232 4205 4234
f 4233 4232 4234
f 4236 4235 4234
f 4237 4236 4234
f 4238 4237 4234
f 4239 4238 4234
f 4240 4239 4234
f 4241 4240 4234
f 4242 4241 4234
f 4243 4242 4234
f 4244 4243 4234
f 4245 4244 4234
f 4246 4245 4234
f 4247 4246 4234
f 4248 4247 4234
f 4249 4248 4234
f 4250 4249 4234
f 4251 4250 4234
f 4252 4251 4234
f 4253 4252 4234
f 4254 4253 4234
f 4255 4254 4234
f 4256 4255 4234
f 4205 4256 4234
f 4209 4206 4207
f 4209 4207 4208
f 4209 4210 4211
f 4209 4211 4212
f 4209 4212 4213
f 4209 4213 4214
f 4209 4214 4215
f 4209 4215 4216
f 4209 4216 4217
f 4209 4217 4218
f 4209 4218 4219
f 4209 4219 4220
f 4209 4220 4221
f 4209 4221 4222
f 4209 4222 4223
f 4209 4223 4224
f 4209 4224 4225
f 4209 4225 4226
f 4209 4226 4227
f 4209 4227 4228
f 4209 4228 4229
f 4209 4229 4230
f 4209 4230 4231
f 4209 4231 4206
f 4258 4257 4284
f 4259 4258 4284
f 4260 4259 4285
f 4259 4284 4285
f 4261 4260 4286
f 4260 4285 4286
f 4262 4261 4287
f 4261 4286 4287
f 4263 4262 4288
f 4262 4287 4288
f 4264 4263 4289
f 4263 4288 4289
f 4265 4264 4290
f 4264 4289 4290
f 4266 4265 4291
f 4265 4290 4291
f 4267 4266 4292
f 4266 4291 4292
f 4268 4267 4293
f 4267 4292 4293
f 4269 4268 4294
f 4268 4293 4294
f 4269 4294 4295
f 4270 4269 4295
f 4270 4295 4296
f 4271 4270 4296
f 4272 4271 4297
f 4271 4296 4297
f 4273 4272 4298
f 4272 4297 4298
f 4274 4273 4299
f 4273 4298 4299
f 4275 4274 4300
f 4274 4299 4300
f 4276 4275 4301
f 4275 4300 4301
f 4277 4276 4302
f 4276 4301 4302
f 4278 4277 4303
f 4277 4302 4303
f 4279 4278 4304
f 4278 4303 4304
f 4280 4279 4305
f 4279 4304 4305
f 4281 4280 4306
f 4280 4305 4306
f 4282 4281 4307
f 4281 4306 4307
f 4283 4282 4308
f 4282 4307 4308
f 4258 4283 4257
f 4283 4308 4257
f 4284 4257 4286
f 4285 4284 4286
f 4288 4287 4286
f 4289 4288 4286
f 4290 4289 4286
f 4291 4290 4286
f 4292 4291 4286
f 4293 4292 4286
f 4294 4293 4286
f 4295 4294 4286
f 4296 4295 4286
f 4297 4296 4286
f 4298 4297 4286
f 4299 4298 4286
f 4300 4299 4286
f 4301 4300 4286
f 4302 4301 4286
f 4303 4302 4286
f 4304 4303 4286
f 4305 4304 4286
f 4306 4305 4286
f 4307 4306 4286
f 4308 4307 4286
f 4257 4308 4286
f 4261 4258 4259
f 4261 4259 4260
f 4261 4262 4263
f 4261 4263 4264
f 4261 4264 4265
f 4261 4265 4266
f 4261 4266 4267
f 4261 4267 4268
f 4261 4268 4269
f 4261 4269 4270
f 4261 4270 4271
f 4261 4271 4272
f 4261 4272 4273
f 4261 4273 4274
f 4261 4274 4275
f 4261 4275 4276
f 4261 4276 4277
f 4261 4277 4278
f 4261 4278 4279
f 4261 4279 4280
f 4261 4280 4281
f 4261 4281 4282
f 4261 4282 4283
f 4261 4283 4258
f 4310 4309 4336
f 4311 4310 4336
f 4312 4311 4337
f 4311 4336 4337
f 4313 4312 4338
f 4312 4337 4338
f 4314 4313 4339
f 4313 4338 4339
f 4315 4314 4340
f 4314 4339 4340
f 4316 4315 4341
f 4315 4340 4341
f 4317 4316 4342
f 4316 4341 4342
f 4318 4317 4343
f 4317 4342 4343
f 4319 4318 4344
f 4318 4343 4344
f 4320 4319 4345
f 4319 4344 4345
f 4321 4320 4346
f 4320 4345 4346
f 4321 4346 4347
f 4322 4321 4347
f 4322 4347 4348
f 4323 4322 4348
f 4324 4323 4349
f 4323 4348 4349
f 4325 4324 4350
f 4324 4349 4350
f 4326 4325 4351
f 4325 4350 4351
f 4327 4326 4352
f 4326 4351 4352
f 4328 4327 4353
f 4327 4352 4353
f 4329 4328 4354
f 4328 4353 4354
f 4330 4329 4355
f 4329 4354 4355
f 4331 4330 4356
f 4330 4355 4356
f 4332 4331 4357
f 4331 4356 4357
f 4333 4332 4358
f 4332 4357 4358
f 4334 4333 4359
f 4333 4358 4359
f 4335 4334 4360
f 4334 4359 4360
f 4310 4335 4309
f 4335 4360 4309
f 4336 4309 4338
f 4337 4336 4338
f 4340 4339 4338
f 4341 4340 4338
f 4342 4341 4338
f 4343 4342 4338
f 4344 4343 4338
f 4345 4344 4338
f 4346 4345 4338
f 4347 4346 4338
f 4348 4347 4338
f 4349 4348 4338
f 4350 4349 4338
f 4351 4350 4338
f 4352 4351 4338
f 4353 4352 4338
f 4354 4353 4338
f 4355 4354 4338
f 4356 4355 4338
f 4357 4356 4338
f 4358 4357 4338
f 4359 4358 4338
f 4360 4359 4338
f 4309 4360 4338
f 4313 4310 4311
f 4313 4311 4312
f 4313 4314 4315
f 4313 4315 4316
f 4313 4316 4317
f 4313 4317 4318
f 4313 4318 4319
f 4313 4319 4320
f 4313 4320 4321
f 4313 4321 4322
f 4313 4322 4323
f 4313 4323 4324
f 4313 4324 4325
f 4313 4325 4326
f 4313 4326 4327
f 4313 4327 4328
f 4313 4328 4329
f 4313 4329 4330
f 4313 4330 4331
f 4313 4331 4332
f 4313 4332 4333
f 4313 4333 4334
f 4313 4334 4335
f 4313 4335 4310
f 4362 4361 4388
f 4363 4362 4388
f 4364 4363 4389
f 4363 4388 4389
f 4365 4364 4390
f 4364 4389 4390
f 4366 4365 4391
f 4365 4390 4391
f 4367 4366 4392
f 4366 4391 4392
f 4368 4367 4393
f 4367 4392 4393
f 4369 4368 4394
f 4368 4393 4394
f 4370 4369 4395
f 4369 4394 4395
f 4371 4370 4396
f 4370 4395 4396
f 4372 4371 4397
f 4371 4396 4397
f 4373 4372 4398
f 4372 4397 4398
f 4373 4398 4399
f 4374 4373 4399
f 4374 4399 4400
f 4375 4374 4400
f 4376 4375 4401
f 4375 4400 4401
f 4377 4376 4402
f 4376 4401 4402
f 4378 4377 4403
f 4377 4402 4403
f 4379 4378 4404
f 4378 4403 4404
f 4380 4379 4405
f 4379 4404 4405
f 4381 4380 4406
f 4380 4405 4406
f 4382 4381 4407
f 4381 4406 4407
f 4383 4382 4408
f 4382 4407 4408
f 4384 4383 4409
f 4383 4408 4409
f 4385 4384 4410
f 4384 4409 4410
f 4386 4385 4411
f 4385 4410 4411
f 4387 4386 4412
f 4386 4411 4412
f 4362 4387 4361
f 4387 4412 4361
f 4388 4361 4390
f 4389 4388 4390
f 4392 4391 4390
f 4393 4392 4390
f 4394 4393 4390
f 4395 4394 4390
f 4396 4395 4390
f 4397 4396 4390
f 4398 4397 4390
f 4399 4398 4390
f 4400 4399 4390
f 4401 4400 4390
f 4402 4401 4390
f 4403 4402 4390
f 4404 4403 4390
f 4405 4404 4390
f 4406 4405 4390
f 4407 4406 4390
f 4408 4407 4390
f 4409 4408 4390
f 4410 4409 4390
f 4411 4410 4390
f 4412 4411 4390
f 4361 4412 4390
f 4365 4362 4363
f 4365 4363 4364
f 4365 4366 4367
f 4365 4367 4368
f 4365 4368 4369
f 4365 4369 4370
f 4365 4370 4371
f 4365 4371 4372
f 4365 4372 4373
f 4365 4373 4374
f 4365 4374 4375
f 4365 4375 4376
f 4365 4376 4377
f 4365 4377 4378
f 4365 4378 4379
f 4365 4379 4380
f 4365 4380 4381
f 4365 4381 4382
f 4365 4382 4383
f 4365 4383 4384
f 4365 4384 4385
f 4365 4385 4386
f 4365 4386 4387
f 4365 4387 4362
f 4414 4413 4440
f 4415 4414 4440
f 4416 4415 4441
f 4415 4440 4441
f 4417 4416 4442
f 4416 4441 4442
f 4418 4417 4443
f 4417 4442 4443
f 4419 4418 4444
f 4418 4443 4444
f 4420 4419 4445
f 4419 4444 4445
f 4421 4420 4446
f 4420 4445 4446
f 4422 4421 4447
f 4421 4446 4447
f 4423 4422 4448
f 4422 4447 4448
f 4424 4423 4449
f 4423 4448 4449
f 4425 4424 4450
f 4424 4449 4450
f 4425 4450 4451
f 4426 4425 4451
f 4426 4451 4452
f 4427 4426 4452
f 4428 4427 4453
f 4427 4452 4453
f 4429 4428 4454
f 4428 4453 4454
f 4430 4429 4455
f 4429 4454 4455
f 4431 4430 4456
f 4430 4455 4456
f 4432 4431 4457
f 4431 4456 4457
f 4433 4432 4458
f 4432 4457 4458
f 4434 4433 4459
f 4433 4458 4459
f 4435 4434 4460
f 4434 4459 4460
f 4436 4435 4461
f 4435 4460 4461
f 4437 4436 4462
f 4436 4461 4462
f 4438 4437 4463
f 4437 4462 4463
f 4439 4438 4464
f 4438 4463 4464
f 4414 4439 4413
f 4439 4464 4413
f 4440 4413 4442
f 4441 4440 4442
f 4444 4443 4442
f 4445 4444 4442
f 4446 4445 4442
f 4447 4446 4442
f 4448 4447 4442
f 4449 4448 4442
f 4450 4449 4442
f 4451 4450 4442
f 4452 4451 4442
f 4453 4452 4442
f 4454 4453 4442
f 4455 4454 4442
f 4456 4455 4442
f 4457 4456 4442
f 4458 4457 4442
f 4459 4458 4442
f 4460 4459 4442
f 4461 4460 4442
f 4462 4461 4442
f 4463 4462 4442
f 4464 4463 4442
f 4413 4464 4442
f 4417 4414 4415
f 4417 4415 4416
f 4417 4418 4419
f 4417 4419 4420
f 4417 4420 4421
f 4417 4421 4422
f 4417 4422 4423
f 4417 4423 4424
f 4417 4424 4425
f 4417 4425 4426
f 4417 4426 4427
f 4417 4427 4428
f 4417 4428 4429
f 4417 4429 4430
f 4417 4430 4431
f 4417 4431 4432
f 4417 4432 4433
f 4417 4433 4434
f 4417 4434 4435
f 4417 4435 4436
f 4417 4436 4437
f 4417 4437 4438
f 4417 4438 4439
f 4417 4439 4414
f 4466 4465 4492
f 4467 4466 4492
f 4468 4467 4493
f 4467 4492 4493
f 4469 4468 4494
f 4468 4493 4494
f 4470 4469 4495
f 4469 4494 4495
f 4471 4470 4496
f 4470 4495 4496
f 4472 4471 4497
f 4471 4496 4497
f 4473 4472 4498
f 4472 4497 4498
f 4474 4473 4499
f 4473 4498 4499
f 4475 4474 4500
f 4474 4499 4500
f 4476 4475 4501
f 4475 4500 4501
f 4477 4476 4502
f 4476 4501 4502
f 4477 4502 4503
f 4478 4477 4503
f 4478 4503 4504
f 4479 4478 4504
f 4480 4479 4505
f 4479 4504 4505
f 4481 4480 4506
f 4480 4505 4506
f 4482 4481 4507
f 4481 4506 4507
f 4483 4482 4508
f 4482 4507 4508
f 4484 4483 4509
f 4483 4508 4509
f 4485 4484 4510
f 4484 4509 4510
f 4486 4485 4511
f 4485 4510 4511
f 4487 4486 4512
f 4486 4511 4512
f 4488 4487 4513
f 4487 4512 4513
f 4489 4488 4514
f 4490 4489 4514
f 4488 4513 4514
f 4490 4514 4515
f 4491 4490 4516
f 4490 4515 4516
f 4491 4516 4465
f 4466 4491 4465
f 4492 4465 4494
f 4493 4492 4494
f 4496 4495 4494
f 4497 4496 4494
f 4498 4497 4494
f 4499 4498 4494
f 4500 4499 4494
f 4501 4500 4494
f 4502 4501 4494
f 4503 4502 4494
f 4504 4503 4494
f 4505 4504 4494
f 4506 4505 4494
f 4507 4506 4494
f 4508 4507 4494
f 4509 4508 4494
f 4510 4509 4494
f 4511 4510 4494
f 4512 4511 4494
f 4513 4512 4494
f 4514 4513 4494
f 4515 4514 4494
f 4516 4515 4494
f 4465 4516 4494
f 4469 4466 4467
f 4469 4467 4468
f 4469 4470 4471
f 4469 4471 4472
f 4469 4472 4473
f 4469 4473 4474
f 4469 4474 4475
f 4469 4475 4476
f 4469 4476 4477
f 4469 4477 4478
f 4469 4478 4479
f 4469 4479 4480
f 4469 4480 4481
f 4469 4481 4482
f 4469 4482 4483
f 4469 4483 4484
f 4469 4484 4485
f 4469 4485 4486
f 4469 4486 4487
f 4469 4487 4488
f 4469 4488 4489
f 4469 4489 4490
f 4469 4490 4491
f 4469 4491 4466
f 4518 4517 4544
f 4519 4518 4544
f 4520 4519 4545
f 4519 4544 4545
f 4521 4520 4546
f 4520 4545 4546
f 4522 4521 4547
f 4521 4546 4547
f 4523 4522 4548
f 4522 4547 4548
f 4524 4523 4549
f 4523 4548 4549
f 4525 4524 4550
f 4524 4549 4550
f 4526 4525 4551
f 4525 4550 4551
f 4527 4526 4552
f 4526 4551 4552
f 4528 4527 4553
f 4527 4552 4553
f 4529 4528 4554
f 4528 4553 4554
f 4529 4554 4555
f 4530 4529 4555
f 4530 4555 4556
f 4531 4530 4556
f 4532 4531 4557
f 4531 4556 4557
f 4533 4532 4558
f 4532 4557 4558
f 4534 4533 4559
f 4533 4558 4559
f 4535 4534 4560
f 4534 4559 4560
f 4536 4535 4561
f 4535 4560 4561
f 4537 4536 4562
f 4536 4561 4562
f 4538 4537 4563
f 4537 4562 4563
f 4539 4538 4564
f 4538 4563 4564
f 4540 4539 4565
f 4539 4564 4565
f 4541 4540 4566
f 4542 4541 4566
f 4540 4565 4566
f 4542 4566 4567
f 4543 4542 4568
f 4542 4567 4568
f 4543 4568 4517
f 4518 4543 4517
f 4544 4517 4546
f 4545 4544 4546
f 4548 4547 4546
f 4549 4548 4546
f 4550 4549 4546
f 4551 4550 4546
f 4552 4551 4546
f 4553 4552 4546
f 4554 4553 4546
f 4555 4554 4546
f 4556 4555 4546
f 4557 4556 4546
f 4558 4557 4546
f 4559 4558 4546
f 4560 4559 4546
f 4561 4560 4546
f 4562 4561 4546
f 4563 4562 4546
f 4564 4563 4546
f 4565 4564 4546
f 4566 4565 4546
f 4567 4566 4546
f 4568 4567 4546
f 4517 4568 4546
f 4521 4518 4519
f 4521 4519 4520
f 4521 4522 4523
f 4521 4523 4524
f 4521 4524 4525
f 4521 4525 4526
f 4521 4526 4527
f 4521 4527 4528
f 4521 4528 4529
f 4521 4529 4530
f 4521 4530 4531
f 4521 4531 4532
f 4521 4532 4533
f 4521 4533 4534
f 4521 4534 4535
f 4521 4535 4536
f 4521 4536 4537
f 4521 4537 4538
f 4521 4538 4539
f 4521 4539 4540
f 4521 4540 4541
f 4521 4541 4542
f 4521 4542 4543
f 4521 4543 4518
f 4570 4569 4596
f 4571 4570 4596
f 4572 4571 4597
f 4571 4596 4597
f 4573 4572 4598
f 4572 4597 4598
f 4574 4573 4599
f 4573 4598 4599
f 4575 4574 4600
f 4574 4599 4600
f 4576 4575 4601
f 4575 4600 4601
f 4577 4576 4602
f 4576 4601 4602
f 4578 4577 4603
f 4577 4602 4603
f 4579 4578 4604
f 4578 4603 4604
f 4580 4579 4605
f 4579 4604 4605
f 4581 4580 4606
f 4580 4605 4606
f 4581 4606 4607
f 4582 4581 4607
f 4582 4607 4608
f 4583 4582 4608
f 4584 4583 4609
f 4583 4608 4609
f 4585 4584 4610
f 4584 4609 4610
f 4586 4585 4611
f 4585 4610 4611
f 4587 4586 4612
f 4586 4611 4612
f 4588 4587 4613
f 4587 4612 4613
f 4589 4588 4614
f 4588 4613 4614
f 4590 4589 4615
f 4589 4614 4615
f 4591 4590 4616
f 4590 4615 4616
f 4592 4591 4617
f 4591 4616 4617
f 4593 4592 4618
f 4594 4593 4618
f 4592 4617 4618
f 4594 4618 4619
f 4595 4594 4620
f 4594 4619 4620
f 4595 4620 4569
f 4570 4595 4569
f 4596 4569 4598
f 4597 4596 4598
f 4600 4599 4598
f 4601 4600 4598
f 4602 4601 4598
f 4603 4602 4598
f 4604 4603 4598
f 4605 4604 4598
f 4606 4605 4598
f 4607 4606 4598
f 4608 4607 4598
f 4609 4608 4598
f 4610 4609 4598
f 4611 4610 4598
f 4612 4611 4598
f 4613 4612 4598
f 4614 4613 4598
f 4615 4614 4598
f 4616 4615 4598
f 4617 4616 4598
f 4618 4617 4598
f 4619 4618 4598
f 4620 4619 4598
f 4569 4620 4598
f 4573 4570 4571
f 4573 4571 4572
f 4573 4574 4575
f 4573 4575 4576
f 4573 4576 4577
f 4573 4577 4578
f 4573 4578 4579
f 4573 4579 4580
f 4573 4580 4581
f 4573 4581 4582
f 4573 4582 4583
f 4573 4583 4584
f 4573 4584 4585
f 4573 4585 4586
f 4573 4586 4587
f 4573 4587 4588
f 4573 4588 4589
f 4573 4589 4590
f 4573 4590 4591
f 4573 4591 4592
f 4573 4592 4593
f 4573 4593 4594
f 4573 4594 4595
f 4573 4595 4570
f 4622 4621 4648
f 4623 4622 4648
f 4624 4623 4649
f 4623 4648 4649
f 4625 4624 4650
f 4624 4649 4650
f 4626 4625 4651
f 4625 4650 4651
f 4627 4626 4652
f 4626 4651 4652
f 4628 4627 4653
f 4627 4652 4653
f 4629 4628 4654
f 4628 4653 4654
f 4630 4629 4655
f 4629 4654 4655
f 4631 4630 4656
f 4630 4655 4656
f 4632 4631 4657
f 4631 4656 4657
f 4633 4632 4658
f 4632 4657 4658
f 4633 4658 4659
f 4634 4633 4659
f 4634 4659 4660
f 4635 4634 4660
f 4636 4635 4661
f 4635 4660 4661
f 4637 4636 4662
f 4636 4661 4662
f 4638 4637 4663
f 4637 4662 4663
f 4639 4638 4664
f 4638 4663 4664
f 4640 4639 4665
f 4639 4664 4665
f 4641 4640 4666
f 4640 4665 4666
f 4642 4641 4667
f 4641 4666 4667
f 4643 4642 4668
f 4642 4667 4668
f 4644 4643 4669
f 4643 4668 4669
f 4645 4644 4670
f 4646 4645 4670
f 4644 4669 4670
f 4646 4670 4671
f 4647 4646 4672
f 4646 4671 4672
f 4647 4672 4621
f 4622 4647 4621
f 4648 4621 4650
f 4649 4648 4650
f 4652 4651 4650
f 4653 4652 4650
f 4654 4653 4650
f 4655 4654 4650
f 4656 4655 4650
f 4657 4656 4650
f 4658 4657 4650
f 4659 4658 4650
f 4660 4659 4650
f 4661 4660 4650
f 4662 4661 4650
f 4663 4662 4650
f 4664 4663 4650
f 4665 4664 4650
f 4666 4665 4650
f 4667 4666 4650
f 4668 4667 4650
f 4669 4668 4650
f 4670 4669 4650
f 4671 4670 4650
f 4672 4671 4650
f 4621 4672 4650
f 4625 4622 4623
f 4625 4623 4624
f 4625 4626 4627
f 4625 4627 4628
f 4625 4628 4629
f 4625 4629 4630
f 4625 4630 4631
f 4625 4631 4632
f 4625 4632 4633
f 4625 4633 4634
f 4625 4634 4635
f 4625 4635 4636
f 4625 4636 4637
f 4625 4637 4638
f 4625 4638 4639
f 4625 4639 4640
f 4625 4640 4641
f 4625 4641 4642
f 4625 4642 4643
f 4625 4643 4644
f 4625 4644 4645
f 4625 4645 4646
f 4625 4646 4647
f 4625 4647 4622
f 4674 4673 4700
f 4675 4674 4700
f 4676 4675 4701
f 4675 4700 4701
f 4677 4676 4702
f 4676 4701 4702
f 4678 4677 4703
f 4677 4702 4703
f 4679 4678 4704
f 4678 4703 4704
f 4680 4679 4705
f 4679 4704 4705
f 4681 4680 4706
f 4680 4705 4706
f 4682 4681 4707
f 4681 4706 4707
f 4683 4682 4708
f 4682 4707 4708
f 4684 4683 4709
f 4683 4708 4709
f 4685 4684 4710
f 4684 4709 4710
f 4685 4710 4711
f 4686 4685 4711
f 4686 4711 4712
f 4687 4686 4712
f 4688 4687 4713
f 4687 4712 4713
f 4689 4688 4714
f 4688 4713 4714
f 4690 4689 4715
f 4689 4714 4715
f 4691 4690 4716
f 4690 4715 4716
f 4692 4691 4717
f 4691 4716 4717
f 4693 4692 4718
f 4692 4717 4718
f 4694 4693 4719
f 4693 4718 4719
f 4695 4694 4720
f 4694 4719 4720
f 4696 4695 4721
f 4695 4720 4721
f 4697 4696 4722
f 4698 4697 4722
f 4696 4721 4722
f 4698 4722 4723
f 4699 4698 4724
f 4698 4723 4724
f 4699 4724 4673
f 4674 4699 4673
f 4700 4673 4702
f 4701 4700 4702
f 4704 4703 4702
f 4705 4704 4702
f 4706 4705 4702
f 4707 4706 4702
f 4708 4707 4702
f 4709 4708 4702
f 4710 4709 4702
f 4711 4710 4702
f 4712 4711 4702
f 4713 4712 4702
f 4714 4713 4702
f 4715 4714 4702
f 4716 4715 4702
f 4717 4716 4702
f 4718 4717 4702
f 4719 4718 4702
f 4720 4719 4702
f 4721 4720 4702
f 4722 4721 4702
f 4723 4722 4702
f 4724 4723 4702
f 4673 4724 4702
f 4677 4674 4675
f 4677 4675 4676
f 4677 4678 4679
f 4677 4679 4680
f 4677 4680 4681
f 4677 4681 4682
f 4677 4682 4683
f 4677 4683 4684
f 4677 4684 4685
f 4677 4685 4686
f 4677 4686 4687
f 4677 4687 4688
f 4677 4688 4689
f 4677 4689 4690
f 4677 4690 4691
f 4677 4691 4692
f 4677 4692 4693
f 4677 4693 4694
f 4677 4694 4695
f 4677 4695 4696
f 4677 4696 4697
f 4677 4697 4698
f 4677 4698 4699
f 4677 4699 4674
f 4726 4725 4752
f 4727 4726 4752
f 4728 4727 4753
f 4727 4752 4753
f 4729 4728 4754
f 4728 4753 4754
f 4730 4729 4755
f 4729 4754 4755
f 4731 4730 4756
f 4730 4755 4756
f 4732 4731 4757
f 4731 4756 4757
f 4733 4732 4758
f 4732 4757 4758
f 4734 4733 4759
f 4733 4758 4759
f 4735 4734 4760
f 4734 4759 4760
f 4736 4735 4761
f 4735 4760 4761
f 4737 4736 4762
f 4736 4761 4762
f 4737 4762 4763
f 4738 4737 4763
f 4738 4763 4764
f 4739 4738 4764
f 4740 4739 4765
f 4739 4764 4765
f 4741 4740 4766
f 4740 4765 4766
f 4742 4741 4767
f 4741 4766 4767
f 4743 4742 4768
f 4742 4767 4768
f 4744 4743 4769
f 4743 4768 4769
f 4745 4744 4770
f 4744 4769 4770
f 4746 4745 4771
f 4745 4770 4771
f 4747 4746 4772
f 4746 4771 4772
f 4748 4747 4773
f 4747 4772 4773
f 4749 4748 4774
f 4750 4749 4774
f 4748 4773 4774
f 4750 4774 4775
f 4751 4750 4776
f 4750 4775 4776
f 4751 4776 4725
f 4726 4751 4725
f 4752 4725 4754
f 4753 4752 4754
f 4756 4755 4754
f 4757 4756 4754
f 4758 4757 4754
f 4759 4758 4754
f 4760 4759 4754
f 4761 4760 4754
f 4762 4761 4754
f 4763 4762 4754
f 4764 4763 4754
f 4765 4764 4754
f 4766 4765 4754
f 4767 4766 4754
f 4768 4767 4754
f 4769 4768 4754
f 4770 4769 4754
f 4771 4770 4754
f 4772 4771 4754
f 4773 4772 4754
f 4774 4773 4754
f 4775 4774 4754
f 4776 4775 4754
f 4725 4776 4754
f 4729 4726 4727
f 4729 4727 4728
f 4729 4730 4731
f 4729 4731 4732
f 4729 4732 4733
f 4729 4733 4734
f 4729 4734 4735
f 4729 4735 4736
f 4729 4736 4737
f 4729 4737 4738
f 4729 4738 4739
f 4729 4739 4740
f 4729 4740 4741
f 4729 4741 4742
f 4729 4742 4743
f 4729 4743 4744
f 4729 4744 4745
f 4729 4745 4746
f 4729 4746 4747
f 4729 4747 4748
f 4729 4748 4749
f 4729 4749 4750
f 4729 4750 4751
f 4729 4751 4726
f 4778 4777 4804
f 4779 4778 4804
f 4780 4779 4805
f 4779 4804 4805
f 4781 4780 4806
f 4780 4805 4806
f 4782 4781 4807
f 4781 4806 4807
f 4783 4782 4808
f 4782 4807 4808
f 4784 4783 4809
f 4783 4808 4809
f 4785 4784 4810
f 4784 4809 4810
f 4786 4785 4811
f 4785 4810 4811
f 4787 4786 4812
f 4786 4811 4812
f 4788 4787 4813
f 4787 4812 4813
f 4789 4788 4814
f 4788 4813 4814
f 4789 4814 4815
f 4790 4789 4815
f 4790 4815 4816
f 4791 4790 4816
f 4792 4791 4817
f 4791 4816 4817
f 4793 4792 4818
f 4792 4817 4818
f 4794 4793 4819
f 4793 4818 4819
f 4795 4794 4820
f 4794 4819 4820
f 4796 4795 4821
f 4795 4820 4821
f 4797 4796 4822
f 4796 4821 4822
f 4798 4797 4823
f 4797 4822 4823
f 4799 4798 4824
f 4798 4823 4824
f 4800 4799 4825
f 4799 4824 4825
f 4801 4800 4826
f 4802 4801 4826
f 4800 4825 4826
f 4802 4826 4827
f 4803 4802 4828
f 4802 4827 4828
f 4803 4828 4777
f 4778 4803 4777
f 4804 4777 4806
f 4805 4804 4806
f 4808 4807 4806
f 4809 4808 4806
f 4810 4809 4806
f 4811 4810 4806
f 4812 4811 4806
f 4813 4812 4806
f 4814 4813 4806
f 4815 4814 4806
f 4816 4815 4806
f 4817 4816 4806
f 4818 4817 4806
f 4819 4818 4806
f 4820 4819 4806
f 4821 4820 4806
f 4822 4821 4806
f 4823 4822 4806
f 4824 4823 4806
f 4825 4824 4806
f 4826 4825 4806
f 4827 4826 4806
f 4828 4827 4806
f 4777 4828 4806
f 4781 4778 4779
f 4781 4779 4780
f 4781 4782 4783
f 4781 4783 4784
f 4781 4784 4785
f 4781 4785 4786
f 4781 4786 4787
f 4781 4787 4788
f 4781 4788 4789
f 4781 4789 4790
f 4781 4790 4791
f 4781 4791 4792
f 4781 4792 4793
f 4781 4793 4794
f 4781 4794 4795
f 4781 4795 4796
f 4781 4796 4797
f 4781 4797 4798
f 4781 4798 4799
f 4781 4799 4800
f 4781 4800 4801
f 4781 4801 4802
f 4781 4802 4803
f 4781 4803 4778
f 4830 4829 4856
f 4831 4830 4856
f 4832 4831 4857
f 4831 4856 4857
f 4833 4832 4858
f 4832 4857 4858
f 4834 4833 4859
f 4833 4858 4859
f 4835 4834 4860
f 4834 4859 4860
f 4836 4835 4861
f 4835 4860 4861
f 4837 4836 4862
f 4836 4861 4862
f 4838 4837 4863
f 4837 4862 4863
f 4839 4838 4864
f 4838 4863 4864
f 4840 4839 4865
f 4839 4864 4865
f 4841 4840 4866
f 4840 4865 4866
f 4841 4866 4867
f 4842 4841 4867
f 4842 4867 4868
f 4843 4842 4868
f 4844 4843 4869
f 4843 4868 4869
f 4845 4844 4870
f 4844 4869 4870
f 4846 4845 4871
f 4845 4870 4871
f 4847 4846 4872
f 4846 4871 4872
f 4848 4847 4873
f 4847 4872 4873
f 4849 4848 4874
f 4848 4873 4874
f 4850 4849 4875
f 4849 4874 4875
f 4851 4850 4876
f 4850 4875 4876
f 4852 4851 4877
f 4851 4876 4877
f 4853 4852 4878
f 4854 4853 4878
f 4852 4877 4878
f 4854 4878 4879
f 4855 4854 4880
f 4854 4879 4880
f 4855 4880 4829
f 4830 4855 4829
f 4856 4829 4858
f 4857 4856 4858
f 4860 4859 4858
f 4861 4860 4858
f 4862 4861 4858
f 4863 4862 4858
f 4864 4863 4858
f 4865 4864 4858
f 4866 4865 4858
f 4867 4866 4858
f 4868 4867 4858
f 4869 4868 4858
f 4870 4869 4858
f 4871 4870 4858
f 4872 4871 4858
f 4873 4872 4858
f 4874 4873 4858
f 4875 4874 4858
f 4876 4875 4858
f 4877 4876 4858
f 4878 4877 4858
f 4879 4878 4858
f 4880 4879 4858
f 4829 4880 4858
f 4833 4830 4831
f 4833 4831 4832
f 4833 4834 4835
f 4833 4835 4836
f 4833 4836 4837
f 4833 4837 4838
f 4833 4838 4839
f 4833 4839 4840
f 4833 4840 4841
f 4833 4841 4842
f 4833 4842 4843
f 4833 4843 4844
f 4833 4844 4845
f 4833 4845 4846
f 4833 4846 4847
f 4833 4847 4848
f 4833 4848 4849
f 4833 4849 4850
f 4833 4850 4851
f 4833 4851 4852
f 4833 4852 4853
f 4833 4853 4854
f 4833 4854 4855
f 4833 4855 4830
f 4882 4881 4908
f 4883 4882 4908
f 4884 4883 4909
f 4883 4908 4909
f 4885 4884 4910
f 4884 4909 4910
f 4886 4885 4911
f 4885 4910 4911
f 4887 4886 4912
f 4886 4911 4912
f 4888 4887 4913
f 4887 4912 4913
f 4889 4888 4914
f 4888 4913 4914
f 4890 4889 4915
f 4889 4914 4915
f 4891 4890 4916
f 4890 4915 4916
f 4892 4891 4917
f 4891 4916 4917
f 4893 4892 4918
f 4892 4917 4918
f 4893 4918 4919
f 4894 4893 4919
f 4894 4919 4920
f 4895 4894 4920
f 4896 4895 4921
f 4895 4920 4921
f 4897 4896 4922
f 4896 4921 4922
f 4898 4897 4923
f 4897 4922 4923
f 4899 4898 4924
f 4898 4923 4924
f 4900 4899 4925
f 4899 4924 4925
f 4901 4900 4926
f 4900 4925 4926
f 4902 4901 4927
f 4901 4926 4927
f 4903 4902 4928
f 4902 4927 4928
f 4904 4903 4929
f 4903 4928 4929
f 4905 4904 4930
f 4906 4905 4930
f 4904 4929 4930
f 4906 4930 4931
f 4907 4906 4932
f 4906 4931 4932
f 4907 4932 4881
f 4882 4907 4881
f 4908 4881 4910
f 4909 4908 4910
f 4912 4911 4910
f 4913 4912 4910
f 4914 4913 4910
f 4915 4914 4910
f 4916 4915 4910
f 4917 4916 4910
f 4918 4917 4910
f 4919 4918 4910
f 4920 4919 4910
f 4921 4920 4910
f 4922 4921 4910
f 4923 4922 4910
f 4924 4923 4910
f 4925 4924 4910
f 4926 4925 4910
f 4927 4926 4910
f 4928 4927 4910
f 4929 4928 4910
f 4930 4929 4910
f 4931 4930 4910
f 4932 4931 4910
f 4881 4932 4910
f 4885 4882 4883
f 4885 4883 4884
f 4885 4886 4887
f 4885 4887 4888
f 4885 4888 4889
f 4885 4889 4890
f 4885 4890 4891
f 4885 4891 4892
f 4885 4892 4893
f 4885 4893 4894
f 4885 4894 4895
f 4885 4895 4896
f 4885 4896 4897
f 4885 4897 4898
f 4885 4898 4899
f 4885 4899 4900
f 4885 4900 4901
f 4885 4901 4902
f 4885 4902 4903
f 4885 4903 4904
f 4885 4904 4905
f 4885 4905 4906
f 4885 4906 4907
f 4885 4907 4882
f 4934 4933 4960
f 4935 4934 4960
f 4936 4935 4961
f 4935 4960 4961
f 4937 4936 4962
f 4936 4961 4962
f 4938 4937 4963
f 4937 4962 4963
f 4939 4938 4964
f 4938 4963 4964
f 4940 4939 4965
f 4939 4964 4965
f 4941 4940 4966
f 4940 4965 4966
f 4942 4941 4967
f 4941 4966 4967
f 4943 4942 4968
f 4942 4967 4968
f 4944 4943 4969
f 4943 4968 4969
f 4945 4944 4970
f 4944 4969 4970
f 4945 4970 4971
f 4946 4945 4971
f 4946 4971 4972
f 4947 4946 4972
f 4948 4947 4973
f 4947 4972 4973
f 4949 4948 4974
f 4948 4973 4974
f 4950 4949 4975
f 4949 4974 4975
f 4951 4950 4976
f 4950 4975 4976
f 4952 4951 4977
f 4951 4976 4977
f 4953 4952 4978
f 4952 4977 4978
f 4954 4953 4979
f 4953 4978 4979
f 4955 4954 4980
f 4954 4979 4980
f 4956 4955 4981
f 4955 4980 4981
f 4957 4956 4982
f 4958 4957 4982
f 4956 4981 4982
f 4958 4982 4983
f 4959 4958 4984
f 4958 4983 4984
f 4959 4984 4933
f 4934 4959 4933
f 4960 4933 4962
f 4961 4960 4962
f 4964 4963 4962
f 4965 4964 4962
f 4966 4965 4962
f 4967 4966 4962
f 4968 4967 4962
f 4969 4968 4962
f 4970 4969 4962
f 4971 4970 4962
f 4972 4971 4962
f 4973 4972 4962
f 4974 4973 4962
f 4975 4974 4962
f 4976 4975 4962
f 4977 4976 4962
f 4978 4977 4962
f 4979 4978 4962
f 4980 4979 4962
f 4981 4980 4962
f 4982 4981 4962
f 4983 4982 4962
f 4984 4983 4962
f 4933 4984 4962
f 4937 4934 4935
f 4937 4935 4936
f 4937 4938 4939
f 4937 4939 4940
f 4937 4940 4941
f 4937 4941 4942
f 4937 4942 4943
f 4937 4943 4944
f 4937 4944 4945
f 4937 4945 4946
f 4937 4946 4947
f 4937 4947 4948
f 4937 4948 4949
f 4937 4949 4950
f 4937 4950 4951
f 4937 4951 4952
f 4937 4952 4953
f 4937 4953 4954
f 4937 4954 4955
f 4937 4955 4956
f 4937 4956 4957
f 4937 4957 4958
f 4937 4958 4959
f 4937 4959 4934
f 4986 4985 5012
f 4987 4986 5012
f 4988 4987 5013
f 4987 5012 5013
f 4989 4988 5014
f 4988 5013 5014
f 4990 4989 5015
f 4989 5014 5015
f 4991 4990 5016
f 4990 5015 5016
f 4992 4991 5017
f 4991 5016 5017
f 4993 4992 5018
f 4992 5017 5018
f 4994 4993 5019
f 4993 5018 5019
f 4995 4994 5020
f 4994 5019 5020
f 4996 4995 5021
f 4995 5020 5021
f 4997 4996 5022
f 4996 5021 5022
f 4997 5022 5023
f 4998 4997 5023
f 4998 5023 5024
f 4999 4998 5024
f 5000 4999 5025
f 4999 5024 5025
f 5001 5000 5026
f 5000 5025 5026
f 5002 5001 5027
f 5001 5026 5027
f 5003 5002 5028
f 5002 5027 5028
f 5004 5003 5029
f 5003 5028 5029
f 5005 5004 5030
f 5004 5029 5030
f 5006 5005 5031
f 5005 5030 5031
f 5007 5006 5032
f 5006 5031 5032
f 5008 5007 5033
f 5007 5032 5033
f 5009 5008 5034
f 5010 5009 5034
f 5008 5033 5034
f 5010 5034 5035
f 5011 5010 5036
f 5010 5035 5036
f 5011 5036 4985
f 4986 5011 4985
f 5012 4985 5014
f 5013 5012 5014
f 5016 5015 5014
f 5017 5016 5014
f 5018 5017 5014
f 5019 5018 5014
f 5020 5019 5014
f 5021 5020 5014
f 5022 5021 5014
f 5023 5022 5014
f 5024 5023 5014
f 5025 5024 5014
f 5026 5025 5014
f 5027 5026 5014
f 5028 5027 5014
f 5029 5028 5014
f 5030 5029 5014
f 5031 5030 5014
f 5032 5031 5014
f 5033 5032 5014
f 5034 5033 5014
f 5035 5034 5014
f 5036 5035 5014
f 4985 5036 5014
f 4989 4986 4987
f 4989 4987 4988
f 4989 4990 4991
f 4989 4991 4992
f 4989 4992 4993
f 4989 4993 4994
f 4989 4994 4995
f 4989 4995 4996
f 4989 4996 4997
f 4989 4997 4998
f 4989 4998 4999
f 4989 4999 5000
f 4989 5000 5001
f 4989 5001 5002
f 4989 5002 5003
f 4989 5003 5004
f 4989 5004 5005
f 4989 5005 5006
f 4989 5006 5007
f 4989 5007 5008
f 4989 5008 5009
f 4989 5009 5010
f 4989 5010 5011
f 4989 5011 4986
f 5038 5037 5064
f 5039 5038 5064
f 5040 5039 5065
f 5039 5064 5065
f 5041 5040 5066
f 5040 5065 5066
f 5042 5041 5067
f 5041 5066 5067
f 5043 5042 5068
f 5042 5067 5068
f 5044 5043 5069
f 5043 5068 5069
f 5045 5044 5070
f 5044 5069 5070
f 5046 5045 5071
f 5045 5070 5071
f 5047 5046 5072
f 5046 5071 5072
f 5048 5047 5073
f 5047 5072 5073
f 5049 5048 5074
f 5048 5073 5074
f 5049 5074 5075
f 5050 5049 5075
f 5050 5075 5076
f 5051 5050 5076
f 5052 5051 5077
f 5051 5076 5077
f 5053 5052 5078
f 5052 5077 5078
f 5054 5053 5079
f 5053 5078 5079
f 5055 5054 5080
f 5054 5079 5080
f 5056 5055 5081
f 5055 5080 5081
f 5057 5056 5082
f 5056 5081 5082
f 5058 5057 5083
f 5057 5082 5083
f 5059 5058 5084
f 5058 5083 5084
f 5060 5059 5085
f 5059 5084 5085
f 5061 5060 5086
f 5062 5061 5086
f 5060 5085 5086
f 5062 5086 5087
f 5063 5062 5088
f 5062 5087 5088
f 5063 5088 5037
f 5038 5063 5037
f 5064 5037 5066
f 5065 5064 5066
f 5068 5067 5066
f 5069 5068 5066
f 5070 5069 5066
f 5071 5070 5066
f 5072 5071 5066
f 5073 5072 5066
f 5074 5073 5066
f 5075 5074 5066
f 5076 5075 5066
f 5077 5076 5066
f 5078 5077 5066
f 5079 5078 5066
f 5080 5079 5066
f 5081 5080 5066
f 5082 5081 5066
f 5083 5082 5066
f 5084 5083 5066
f 5085 5084 5066
f 5086 5085 5066
f 5087 5086 5066
f 5088 5087 5066
f 5037 5088 5066
f 5041 5038 5039
f 5041 5039 5040
f 5041 5042 5043
f 5041 5043 5044
f 5041 5044 5045
f 5041 5045 5046
f 5041 5046 5047
f 5041 5047 5048
f 5041 5048 5049
f 5041 5049 5050
f 5041 5050 5051
f 5041 5051 5052
f 5041 5052 5053
f 5041 5053 5054
f 5041 5054 5055
f 5041 5055 5056
f 5041 5056 5057
f 5041 5057 5058
f 5041 5058 5059
f 5041 5059 5060
f 5041 5060 5061
f 5041 5061 5062
f 5041 5062 5063
f 5041 5063 5038
f 5090 5089 5133
f 5091 5090 5133
f 5092 5091 5134
f 5091 5133 5134
f 5093 5092 5135
f 5092 5134 5135
f 5094 5093 5136
f 5093 5135 5136
f 5095 5094 5137
f 5094 5136 5137
f 5096 5095 5138
f 5095 5137 5138
f 5097 5096 5139
f 5096 5138 5139
f 5098 5097 5140
f 5097 5139 5140
f 5099 5098 5141
f 5098 5140 5141
f 5100 5099 5142
f 5099 5141 5142
f 5101 5100 5143
f 5100 5142 5143
f 5102 5101 5144
f 5101 5143 5144
f 5103 5102 5145
f 5102 5144 5145
f 5104 5103 5146
f 5103 5145 5146
f 5105 5104 5147
f 5104 5146 5147
f 5106 5105 5148
f 5105 5147 5148
f 5107 5106 5149
f 5106 5148 5149
f 5108 5107 5150
f 5107 5149 5150
f 5109 5108 5151
f 5108 5150 5151
f 5110 5109 5152
f 5109 5151 5152
f 5111 5110 5153
f 5110 5152 5153
f 5112 5111 5154
f 5111 5153 5154
f 5113 5112 5155
f 5112 5154 5155
f 5114 5113 5156
f 5115 5114 5156
f 5113 5155 5156
f 5115 5156 5157
f 5116 5115 5158
f 5115 5157 5158
f 5117 5116 5159
f 5118 5117 5159
f 5116 5158 5159
f 5118 5159 5160
f 5118 5160 5161
f 5119 5118 5161
f 5119 5161 5162
f 5120 5119 5162
f 5120 5162 5163
f 5121 5120 5163
f 5121 5163 5164
f 5122 5121 5164
f 5122 5164 5165
f 5123 5122 5165
f 5124 5123 5165
f 5124 5165 5166
f 5124 5166 5167
f 5125 5124 5167
f 5125 5167 5168
f 5126 5125 5168
f 5127 5126 5168
f 5127 5168 5169
f 5128 5127 5170
f 5127 5169 5170
f 5129 5128 5171
f 5128 5170 5171
f 5130 5129 5172
f 5129 5171 5172
f 5131 5130 5173
f 5130 5172 5173
f 5132 5131 5174
f 5131 5173 5174
f 5090 5132 5089
f 5132 5174 5089
f 5173 5172 5174
f 5135 5134 5136
f 5133 5089 5137
f 5134 5133 5137
f 5139 5138 5137
f 5140 5139 5137
f 5174 5172 5137
f 5141 5140 5137
f 5142 5141 5137
f 5143 5142 5137
f 5144 5143 5137
f 5145 5144 5137
f 5146 5145 5137
f 5147 5146 5137
f 5148 5147 5137
f 5149 5148 5137
f 5150 5149 5137
f 5151 5150 5137
f 5152 5151 5137
f 5153 5152 5137
f 5136 5134 5137
f 5154 5153 5137
f 5155 5154 5137
f 5156 5155 5137
f 5157 5156 5137
f 5158 5157 5137
f 5159 5158 5137
f 5160 5159 5137
f 5161 5160 5137
f 5162 5161 5137
f 5163 5162 5137
f 5164 5163 5137
f 5165 5164 5137
f 5166 5165 5137
f 5167 5166 5137
f 5168 5167 5137
f 5169 5168 5137
f 5170 5169 5137
f 5171 5170 5137
f 5172 5171 5137
f 5089 5174 5137
f 5132 5130 5131
f 5094 5092 5093
f 5095 5090 5091
f 5095 5091 5092
f 5095 5096 5097
f 5095 5097 5098
f 5095 5130 5132
f 5095 5098 5099
f 5095 5099 5100
f 5095 5100 5101
f 5095 5101 5102
f 5095 5102 5103
f 5095 5103 5104
f 5095 5104 5105
f 5095 5105 5106
f 5095 5106 5107
f 5095 5107 5108
f 5095 5108 5109
f 5095 5109 5110
f 5095 5110 5111
f 5095 5092 5094
f 5095 5111 5112
f 5095 5112 5113
f 5095 5113 5114
f 5095 5114 5115
f 5095 5115 5116
f 5095 5116 5117
f 5095 5117 5118
f 5095 5118 5119
f 5095 5119 5120
f 5095 5120 5121
f 5095 5121 5122
f 5095 5122 5123
f 5095 5123 5124
f 5095 5124 5125
f 5095 5125 5126
f 5095 5126 5127
f 5095 5127 5128
f 5095 5128 5129
f 5095 5129 5130
f 5095 5132 5090
o windows_115204_צנור_אוורור_ממד_8.0006:צנור_או
v -411202.7944 -270526.2877 60.1447
v -411202.7887 -270526.3273 60.1447
v -411202.7868 -270526.3270 60.1185
v -411202.7811 -270526.3262 60.0928
v -411202.7718 -270526.3249 60.0683
v -411202.7591 -270526.3230 60.0454
v -411202.7432 -270526.3207 60.0246
v -411202.7245 -270526.3180 60.0063
v -411202.7033 -270526.3149 59.9911
v -411202.6802 -270526.3116 59.9790
v -411202.6556 -270526.3080 59.9706
v -411202.6300 -270526.3043 59.9658
v -411202.6040 -270526.3005 59.9648
v -411202.5782 -270526.2967 59.9677
v -411202.5530 -270526.2931 59.9743
v -411202.5291 -270526.2896 59.9846
v -411202.5069 -270526.2864 59.9983
v -411202.4869 -270526.2834 60.0151
v -411202.4696 -270526.2809 60.0347
v -411202.4552 -270526.2788 60.0566
v -411202.4442 -270526.2772 60.0804
v -411202.4367 -270526.2761 60.1056
v -411202.4329 -270526.2756 60.1316
v -411202.4329 -270526.2756 60.1578
v -411202.4367 -270526.2761 60.1838
v -411202.4442 -270526.2772 60.2090
v -411202.4552 -270526.2788 60.2328
v -411202.4696 -270526.2809 60.2547
v -411202.4869 -270526.2834 60.2743
v -411202.5069 -270526.2864 60.2911
v -411202.5291 -270526.2896 60.3048
v -411202.5530 -270526.2931 60.3151
v -411202.5782 -270526.2967 60.3217
v -411202.6040 -270526.3005 60.3246
v -411202.6300 -270526.3043 60.3236
v -411202.6556 -270526.3080 60.3188
v -411202.6802 -270526.3116 60.3104
v -411202.7033 -270526.3149 60.2983
v -411202.7245 -270526.3180 60.2831
v -411202.7432 -270526.3207 60.2648
v -411202.7591 -270526.3230 60.2440
v -411202.7718 -270526.3249 60.2211
v -411202.7811 -270526.3262 60.1966
v -411202.7868 -270526.3270 60.1709
v -411202.7925 -270526.2875 60.1185
v -411202.7869 -270526.2866 60.0928
v -411202.7776 -270526.2853 60.0683
v -411202.7649 -270526.2834 60.0454
v -411202.7490 -270526.2811 60.0246
v -411202.7302 -270526.2784 60.0063
v -411202.7091 -270526.2753 59.9911
v -411202.6860 -270526.2720 59.9790
v -411202.6613 -270526.2684 59.9706
v -411202.6358 -270526.2647 59.9658
v -411202.6098 -270526.2609 59.9648
v -411202.5839 -270526.2571 59.9677
v -411202.5588 -270526.2535 59.9743
v -411202.5348 -270526.2500 59.9846
v -411202.5127 -270526.2468 59.9983
v -411202.4927 -270526.2439 60.0151
v -411202.4753 -270526.2413 60.0347
v -411202.4610 -270526.2393 60.0566
v -411202.4499 -270526.2377 60.0804
v -411202.4424 -270526.2366 60.1056
v -411202.4386 -270526.2360 60.1316
v -411202.4386 -270526.2360 60.1578
v -411202.4424 -270526.2366 60.1838
v -411202.4499 -270526.2377 60.2090
v -411202.4610 -270526.2393 60.2328
v -411202.4753 -270526.2413 60.2547
v -411202.4927 -270526.2439 60.2743
v -411202.5127 -270526.2468 60.2911
v -411202.5348 -270526.2500 60.3048
v -411202.5588 -270526.2535 60.3151
v -411202.5839 -270526.2571 60.3217
v -411202.6098 -270526.2609 60.3246
v -411202.6358 -270526.2647 60.3236
v -411202.6613 -270526.2684 60.3188
v -411202.6860 -270526.2720 60.3104
v -411202.7091 -270526.2753 60.2983
v -411202.7302 -270526.2784 60.2831
v -411202.7490 -270526.2811 60.2648
v -411202.7649 -270526.2834 60.2440
v -411202.7776 -270526.2853 60.2211
v -411202.7869 -270526.2866 60.1966
v -411202.7925 -270526.2875 60.1709
v -411202.7203 -270526.2416 60.1447
v -411202.7102 -270526.3109 60.1447
v -411202.7083 -270526.3106 60.1252
v -411202.7027 -270526.3098 60.1064
v -411202.6935 -270526.3084 60.0891
v -411202.6812 -270526.3067 60.0740
v -411202.6662 -270526.3045 60.0616
v -411202.6491 -270526.3020 60.0523
v -411202.6306 -270526.2993 60.0466
v -411202.6113 -270526.2965 60.0447
v -411202.5920 -270526.2937 60.0466
v -411202.5734 -270526.2910 60.0523
v -411202.5563 -270526.2885 60.0616
v -411202.5413 -270526.2863 60.0740
v -411202.5290 -270526.2845 60.0891
v -411202.5198 -270526.2832 60.1064
v -411202.5142 -270526.2824 60.1252
v -411202.5123 -270526.2821 60.1447
v -411202.5142 -270526.2824 60.1642
v -411202.5198 -270526.2832 60.1830
v -411202.5290 -270526.2845 60.2003
v -411202.5413 -270526.2863 60.2154
v -411202.5563 -270526.2885 60.2278
v -411202.5734 -270526.2910 60.2371
v -411202.5920 -270526.2937 60.2428
v -411202.6113 -270526.2965 60.2447
v -411202.6306 -270526.2993 60.2428
v -411202.6491 -270526.3020 60.2371
v -411202.6662 -270526.3045 60.2278
v -411202.6812 -270526.3067 60.2154
v -411202.6935 -270526.3084 60.2003
v -411202.7027 -270526.3098 60.1830
v -411202.7083 -270526.3106 60.1642
v -411202.7184 -270526.2413 60.1252
v -411202.7128 -270526.2405 60.1064
v -411202.7036 -270526.2392 60.0891
v -411202.6913 -270526.2374 60.0740
v -411202.6763 -270526.2352 60.0616
v -411202.6592 -270526.2327 60.0523
v -411202.6406 -270526.2300 60.0466
v -411202.6213 -270526.2272 60.0447
v -411202.6020 -270526.2244 60.0466
v -411202.5835 -270526.2217 60.0523
v -411202.5664 -270526.2192 60.0616
v -411202.5514 -270526.2170 60.0740
v -411202.5390 -270526.2152 60.0891
v -411202.5299 -270526.2139 60.1064
v -411202.5243 -270526.2131 60.1252
v -411202.5224 -270526.2128 60.1447
v -411202.5243 -270526.2131 60.1642
v -411202.5299 -270526.2139 60.1830
v -411202.5390 -270526.2152 60.2003
v -411202.5514 -270526.2170 60.2154
v -411202.5664 -270526.2192 60.2278
v -411202.5835 -270526.2217 60.2371
v -411202.6020 -270526.2244 60.2428
v -411202.6213 -270526.2272 60.2447
v -411202.6406 -270526.2300 60.2428
v -411202.6592 -270526.2327 60.2371
v -411202.6763 -270526.2352 60.2278
v -411202.6913 -270526.2374 60.2154
v -411202.7036 -270526.2392 60.2003
v -411202.7128 -270526.2405 60.1830
v -411202.7184 -270526.2413 60.1642
v -411202.5815 -270526.6054 60.0016
v -411202.5772 -270526.6351 60.0016
v -411202.5768 -270526.6350 59.9980
v -411202.5755 -270526.6349 59.9946
v -411202.5735 -270526.6346 59.9916
v -411202.5708 -270526.6342 59.9892
v -411202.5676 -270526.6337 59.9875
v -411202.5641 -270526.6332 59.9867
v -411202.5606 -270526.6327 59.9867
v -411202.5571 -270526.6322 59.9875
v -411202.5539 -270526.6317 59.9892
v -411202.5512 -270526.6313 59.9916
v -411202.5492 -270526.6310 59.9946
v -411202.5479 -270526.6308 59.9980
v -411202.5475 -270526.6308 60.0016
v -411202.5479 -270526.6308 60.0052
v -411202.5492 -270526.6310 60.0085
v -411202.5512 -270526.6313 60.0115
v -411202.5539 -270526.6317 60.0139
v -411202.5571 -270526.6322 60.0156
v -411202.5606 -270526.6327 60.0165
v -411202.5641 -270526.6332 60.0165
v -411202.5676 -270526.6337 60.0156
v -411202.5708 -270526.6342 60.0139
v -411202.5735 -270526.6346 60.0115
v -411202.5755 -270526.6349 60.0085
v -411202.5768 -270526.6350 60.0052
v -411202.5811 -270526.6053 59.9980
v -411202.5798 -270526.6052 59.9946
v -411202.5778 -270526.6049 59.9916
v -411202.5751 -270526.6045 59.9892
v -411202.5719 -270526.6040 59.9875
v -411202.5684 -270526.6035 59.9867
v -411202.5649 -270526.6030 59.9867
v -411202.5614 -270526.6025 59.9875
v -411202.5582 -270526.6020 59.9892
v -411202.5555 -270526.6016 59.9916
v -411202.5535 -270526.6013 59.9946
v -411202.5522 -270526.6012 59.9980
v -411202.5518 -270526.6011 60.0016
v -411202.5522 -270526.6012 60.0052
v -411202.5535 -270526.6013 60.0085
v -411202.5555 -270526.6016 60.0115
v -411202.5582 -270526.6020 60.0139
v -411202.5614 -270526.6025 60.0156
v -411202.5649 -270526.6030 60.0165
v -411202.5684 -270526.6035 60.0165
v -411202.5719 -270526.6040 60.0156
v -411202.5751 -270526.6045 60.0139
v -411202.5778 -270526.6049 60.0115
v -411202.5798 -270526.6052 60.0085
v -411202.5811 -270526.6053 60.0052
v -411202.5815 -270526.6054 60.2878
v -411202.5772 -270526.6351 60.2878
v -411202.5768 -270526.6350 60.2842
v -411202.5755 -270526.6349 60.2809
v -411202.5735 -270526.6346 60.2779
v -411202.5708 -270526.6342 60.2755
v -411202.5676 -270526.6337 60.2738
v -411202.5641 -270526.6332 60.2729
v -411202.5606 -270526.6327 60.2729
v -411202.5571 -270526.6322 60.2738
v -411202.5539 -270526.6317 60.2755
v -411202.5512 -270526.6313 60.2779
v -411202.5492 -270526.6310 60.2809
v -411202.5479 -270526.6308 60.2842
v -411202.5475 -270526.6308 60.2878
v -411202.5479 -270526.6308 60.2914
v -411202.5492 -270526.6310 60.2948
v -411202.5512 -270526.6313 60.2978
v -411202.5539 -270526.6317 60.3002
v -411202.5571 -270526.6322 60.3019
v -411202.5606 -270526.6327 60.3027
v -411202.5641 -270526.6332 60.3027
v -411202.5676 -270526.6337 60.3019
v -411202.5708 -270526.6342 60.3002
v -411202.5735 -270526.6346 60.2978
v -411202.5755 -270526.6349 60.2948
v -411202.5768 -270526.6350 60.2914
v -411202.5811 -270526.6053 60.2842
v -411202.5798 -270526.6052 60.2809
v -411202.5778 -270526.6049 60.2779
v -411202.5751 -270526.6045 60.2755
v -411202.5719 -270526.6040 60.2738
v -411202.5684 -270526.6035 60.2729
v -411202.5649 -270526.6030 60.2729
v -411202.5614 -270526.6025 60.2738
v -411202.5582 -270526.6020 60.2755
v -411202.5555 -270526.6016 60.2779
v -411202.5535 -270526.6013 60.2809
v -411202.5522 -270526.6012 60.2842
v -411202.5518 -270526.6011 60.2878
v -411202.5522 -270526.6012 60.2914
v -411202.5535 -270526.6013 60.2948
v -411202.5555 -270526.6016 60.2978
v -411202.5582 -270526.6020 60.3002
v -411202.5614 -270526.6025 60.3019
v -411202.5649 -270526.6030 60.3027
v -411202.5684 -270526.6035 60.3027
v -411202.5719 -270526.6040 60.3019
v -411202.5751 -270526.6045 60.3002
v -411202.5778 -270526.6049 60.2978
v -411202.5798 -270526.6052 60.2948
v -411202.5811 -270526.6053 60.2914
v -411202.6523 -270526.6157 60.2687
v -411202.6480 -270526.6454 60.2687
v -411202.6476 -270526.6453 60.2651
v -411202.6463 -270526.6451 60.2617
v -411202.6443 -270526.6449 60.2587
v -411202.6416 -270526.6445 60.2563
v -411202.6384 -270526.6440 60.2546
v -411202.6349 -270526.6435 60.2538
v -411202.6314 -270526.6430 60.2538
v -411202.6279 -270526.6425 60.2546
v -411202.6247 -270526.6420 60.2563
v -411202.6220 -270526.6416 60.2587
v -411202.6200 -270526.6413 60.2617
v -411202.6187 -270526.6411 60.2651
v -411202.6183 -270526.6411 60.2687
v -411202.6187 -270526.6411 60.2722
v -411202.6200 -270526.6413 60.2756
v -411202.6220 -270526.6416 60.2786
v -411202.6247 -270526.6420 60.2810
v -411202.6279 -270526.6425 60.2827
v -411202.6314 -270526.6430 60.2835
v -411202.6349 -270526.6435 60.2835
v -411202.6384 -270526.6440 60.2827
v -411202.6416 -270526.6445 60.2810
v -411202.6443 -270526.6449 60.2786
v -411202.6463 -270526.6451 60.2756
v -411202.6476 -270526.6453 60.2722
v -411202.6519 -270526.6156 60.2651
v -411202.6506 -270526.6155 60.2617
v -411202.6486 -270526.6152 60.2587
v -411202.6459 -270526.6148 60.2563
v -411202.6427 -270526.6143 60.2546
v -411202.6393 -270526.6138 60.2538
v -411202.6357 -270526.6133 60.2538
v -411202.6322 -270526.6128 60.2546
v -411202.6290 -270526.6123 60.2563
v -411202.6264 -270526.6119 60.2587
v -411202.6243 -270526.6116 60.2617
v -411202.6231 -270526.6115 60.2651
v -411202.6226 -270526.6114 60.2687
v -411202.6231 -270526.6115 60.2722
v -411202.6243 -270526.6116 60.2756
v -411202.6264 -270526.6119 60.2786
v -411202.6290 -270526.6123 60.2810
v -411202.6322 -270526.6128 60.2827
v -411202.6357 -270526.6133 60.2835
v -411202.6393 -270526.6138 60.2835
v -411202.6427 -270526.6143 60.2827
v -411202.6459 -270526.6148 60.2810
v -411202.6486 -270526.6152 60.2786
v -411202.6506 -270526.6155 60.2756
v -411202.6519 -270526.6156 60.2722
v -411202.5107 -270526.5951 60.0207
v -411202.5064 -270526.6248 60.0207
v -411202.5059 -270526.6247 60.0172
v -411202.5047 -270526.6246 60.0138
v -411202.5026 -270526.6243 60.0108
v -411202.5000 -270526.6239 60.0084
v -411202.4968 -270526.6234 60.0067
v -411202.4933 -270526.6229 60.0059
v -411202.4897 -270526.6224 60.0059
v -411202.4863 -270526.6219 60.0067
v -411202.4831 -270526.6214 60.0084
v -411202.4804 -270526.6210 60.0108
v -411202.4784 -270526.6207 60.0138
v -411202.4771 -270526.6205 60.0172
v -411202.4767 -270526.6205 60.0207
v -411202.4771 -270526.6205 60.0243
v -411202.4784 -270526.6207 60.0277
v -411202.4804 -270526.6210 60.0307
v -411202.4831 -270526.6214 60.0331
v -411202.4863 -270526.6219 60.0348
v -411202.4897 -270526.6224 60.0356
v -411202.4933 -270526.6229 60.0356
v -411202.4968 -270526.6234 60.0348
v -411202.5000 -270526.6239 60.0331
v -411202.5026 -270526.6243 60.0307
v -411202.5047 -270526.6246 60.0277
v -411202.5059 -270526.6247 60.0243
v -411202.5102 -270526.5951 60.0172
v -411202.5090 -270526.5949 60.0138
v -411202.5069 -270526.5946 60.0108
v -411202.5043 -270526.5942 60.0084
v -411202.5011 -270526.5937 60.0067
v -411202.4976 -270526.5932 60.0059
v -411202.4940 -270526.5927 60.0059
v -411202.4906 -270526.5922 60.0067
v -411202.4874 -270526.5917 60.0084
v -411202.4847 -270526.5913 60.0108
v -411202.4827 -270526.5910 60.0138
v -411202.4814 -270526.5909 60.0172
v -411202.4810 -270526.5908 60.0207
v -411202.4814 -270526.5909 60.0243
v -411202.4827 -270526.5910 60.0277
v -411202.4847 -270526.5913 60.0307
v -411202.4874 -270526.5917 60.0331
v -411202.4906 -270526.5922 60.0348
v -411202.4940 -270526.5927 60.0356
v -411202.4976 -270526.5932 60.0356
v -411202.5011 -270526.5937 60.0348
v -411202.5043 -270526.5942 60.0331
v -411202.5069 -270526.5946 60.0307
v -411202.5090 -270526.5949 60.0277
v -411202.5102 -270526.5951 60.0243
v -411202.7042 -270526.6232 60.2163
v -411202.6998 -270526.6529 60.2163
v -411202.6994 -270526.6529 60.2127
v -411202.6981 -270526.6527 60.2093
v -411202.6961 -270526.6524 60.2063
v -411202.6934 -270526.6520 60.2039
v -411202.6903 -270526.6515 60.2022
v -411202.6868 -270526.6510 60.2014
v -411202.6832 -270526.6505 60.2014
v -411202.6797 -270526.6500 60.2022
v -411202.6766 -270526.6495 60.2039
v -411202.6739 -270526.6492 60.2063
v -411202.6719 -270526.6489 60.2093
v -411202.6706 -270526.6487 60.2127
v -411202.6702 -270526.6486 60.2163
v -411202.6706 -270526.6487 60.2199
v -411202.6719 -270526.6489 60.2232
v -411202.6739 -270526.6492 60.2262
v -411202.6766 -270526.6495 60.2286
v -411202.6797 -270526.6500 60.2303
v -411202.6832 -270526.6505 60.2312
v -411202.6868 -270526.6510 60.2312
v -411202.6903 -270526.6515 60.2303
v -411202.6934 -270526.6520 60.2286
v -411202.6961 -270526.6524 60.2262
v -411202.6981 -270526.6527 60.2232
v -411202.6994 -270526.6529 60.2199
v -411202.7037 -270526.6232 60.2127
v -411202.7025 -270526.6230 60.2093
v -411202.7004 -270526.6227 60.2063
v -411202.6978 -270526.6223 60.2039
v -411202.6946 -270526.6219 60.2022
v -411202.6911 -270526.6213 60.2014
v -411202.6875 -270526.6208 60.2014
v -411202.6841 -270526.6203 60.2022
v -411202.6809 -270526.6199 60.2039
v -411202.6782 -270526.6195 60.2063
v -411202.6762 -270526.6192 60.2093
v -411202.6749 -270526.6190 60.2127
v -411202.6745 -270526.6189 60.2163
v -411202.6749 -270526.6190 60.2199
v -411202.6762 -270526.6192 60.2232
v -411202.6782 -270526.6195 60.2262
v -411202.6809 -270526.6199 60.2286
v -411202.6841 -270526.6203 60.2303
v -411202.6875 -270526.6208 60.2312
v -411202.6911 -270526.6213 60.2312
v -411202.6946 -270526.6219 60.2303
v -411202.6978 -270526.6223 60.2286
v -411202.7004 -270526.6227 60.2262
v -411202.7025 -270526.6230 60.2232
v -411202.7037 -270526.6232 60.2199
v -411202.4588 -270526.5876 60.0731
v -411202.4545 -270526.6173 60.0731
v -411202.4541 -270526.6172 60.0695
v -411202.4528 -270526.6170 60.0662
v -411202.4508 -270526.6167 60.0632
v -411202.4481 -270526.6163 60.0608
v -411202.4449 -270526.6159 60.0591
v -411202.4415 -270526.6154 60.0582
v -411202.4379 -270526.6148 60.0582
v -411202.4344 -270526.6143 60.0591
v -411202.4312 -270526.6139 60.0608
v -411202.4286 -270526.6135 60.0632
v -411202.4265 -270526.6132 60.0662
v -411202.4253 -270526.6130 60.0695
v -411202.4248 -270526.6129 60.0731
v -411202.4253 -270526.6130 60.0767
v -411202.4265 -270526.6132 60.0801
v -411202.4286 -270526.6135 60.0831
v -411202.4312 -270526.6139 60.0855
v -411202.4344 -270526.6143 60.0872
v -411202.4379 -270526.6148 60.0880
v -411202.4415 -270526.6154 60.0880
v -411202.4449 -270526.6159 60.0872
v -411202.4481 -270526.6163 60.0855
v -411202.4508 -270526.6167 60.0831
v -411202.4528 -270526.6170 60.0801
v -411202.4541 -270526.6172 60.0767
v -411202.4584 -270526.5875 60.0695
v -411202.4571 -270526.5873 60.0662
v -411202.4551 -270526.5870 60.0632
v -411202.4524 -270526.5866 60.0608
v -411202.4493 -270526.5862 60.0591
v -411202.4458 -270526.5857 60.0582
v -411202.4422 -270526.5852 60.0582
v -411202.4387 -270526.5847 60.0591
v -411202.4356 -270526.5842 60.0608
v -411202.4329 -270526.5838 60.0632
v -411202.4308 -270526.5835 60.0662
v -411202.4296 -270526.5833 60.0695
v -411202.4291 -270526.5833 60.0731
v -411202.4296 -270526.5833 60.0767
v -411202.4308 -270526.5835 60.0801
v -411202.4329 -270526.5838 60.0831
v -411202.4356 -270526.5842 60.0855
v -411202.4387 -270526.5847 60.0872
v -411202.4422 -270526.5852 60.0880
v -411202.4458 -270526.5857 60.0880
v -411202.4493 -270526.5862 60.0872
v -411202.4524 -270526.5866 60.0855
v -411202.4551 -270526.5870 60.0831
v -411202.4571 -270526.5873 60.0801
v -411202.4584 -270526.5875 60.0767
v -411202.7231 -270526.6260 60.1447
v -411202.7188 -270526.6557 60.1447
v -411202.7184 -270526.6556 60.1411
v -411202.7171 -270526.6554 60.1377
v -411202.7151 -270526.6551 60.1348
v -411202.7124 -270526.6548 60.1324
v -411202.7092 -270526.6543 60.1307
v -411202.7058 -270526.6538 60.1298
v -411202.7022 -270526.6533 60.1298
v -411202.6987 -270526.6528 60.1307
v -411202.6955 -270526.6523 60.1324
v -411202.6929 -270526.6519 60.1348
v -411202.6908 -270526.6516 60.1377
v -411202.6896 -270526.6514 60.1411
v -411202.6891 -270526.6514 60.1447
v -411202.6896 -270526.6514 60.1483
v -411202.6908 -270526.6516 60.1517
v -411202.6929 -270526.6519 60.1546
v -411202.6955 -270526.6523 60.1570
v -411202.6987 -270526.6528 60.1587
v -411202.7022 -270526.6533 60.1596
v -411202.7058 -270526.6538 60.1596
v -411202.7092 -270526.6543 60.1587
v -411202.7124 -270526.6548 60.1570
v -411202.7151 -270526.6551 60.1546
v -411202.7171 -270526.6554 60.1517
v -411202.7184 -270526.6556 60.1483
v -411202.7227 -270526.6259 60.1411
v -411202.7214 -270526.6258 60.1377
v -411202.7194 -270526.6255 60.1348
v -411202.7167 -270526.6251 60.1324
v -411202.7136 -270526.6246 60.1307
v -411202.7101 -270526.6241 60.1298
v -411202.7065 -270526.6236 60.1298
v -411202.7030 -270526.6231 60.1307
v -411202.6999 -270526.6226 60.1324
v -411202.6972 -270526.6222 60.1348
v -411202.6952 -270526.6219 60.1377
v -411202.6939 -270526.6217 60.1411
v -411202.6935 -270526.6217 60.1447
v -411202.6939 -270526.6217 60.1483
v -411202.6952 -270526.6219 60.1517
v -411202.6972 -270526.6222 60.1546
v -411202.6999 -270526.6226 60.1570
v -411202.7030 -270526.6231 60.1587
v -411202.7065 -270526.6236 60.1596
v -411202.7101 -270526.6241 60.1596
v -411202.7136 -270526.6246 60.1587
v -411202.7167 -270526.6251 60.1570
v -411202.7194 -270526.6255 60.1546
v -411202.7214 -270526.6258 60.1517
v -411202.7227 -270526.6259 60.1483
v -411202.4399 -270526.5848 60.1447
v -411202.4355 -270526.6145 60.1447
v -411202.4351 -270526.6144 60.1411
v -411202.4338 -270526.6143 60.1377
v -411202.4318 -270526.6140 60.1348
v -411202.4291 -270526.6136 60.1324
v -411202.4260 -270526.6131 60.1307
v -411202.4225 -270526.6126 60.1298
v -411202.4189 -270526.6121 60.1298
v -411202.4154 -270526.6116 60.1307
v -411202.4123 -270526.6111 60.1324
v -411202.4096 -270526.6107 60.1348
v -411202.4076 -270526.6104 60.1377
v -411202.4063 -270526.6103 60.1411
v -411202.4059 -270526.6102 60.1447
v -411202.4063 -270526.6103 60.1483
v -411202.4076 -270526.6104 60.1517
v -411202.4096 -270526.6107 60.1546
v -411202.4123 -270526.6111 60.1570
v -411202.4154 -270526.6116 60.1587
v -411202.4189 -270526.6121 60.1596
v -411202.4225 -270526.6126 60.1596
v -411202.4260 -270526.6131 60.1587
v -411202.4291 -270526.6136 60.1570
v -411202.4318 -270526.6140 60.1546
v -411202.4338 -270526.6143 60.1517
v -411202.4351 -270526.6144 60.1483
v -411202.4394 -270526.5848 60.1411
v -411202.4382 -270526.5846 60.1377
v -411202.4361 -270526.5843 60.1348
v -411202.4334 -270526.5839 60.1324
v -411202.4303 -270526.5834 60.1307
v -411202.4268 -270526.5829 60.1298
v -411202.4232 -270526.5824 60.1298
v -411202.4198 -270526.5819 60.1307
v -411202.4166 -270526.5814 60.1324
v -411202.4139 -270526.5810 60.1348
v -411202.4119 -270526.5807 60.1377
v -411202.4106 -270526.5806 60.1411
v -411202.4102 -270526.5805 60.1447
v -411202.4106 -270526.5806 60.1483
v -411202.4119 -270526.5807 60.1517
v -411202.4139 -270526.5810 60.1546
v -411202.4166 -270526.5814 60.1570
v -411202.4198 -270526.5819 60.1587
v -411202.4232 -270526.5824 60.1596
v -411202.4268 -270526.5829 60.1596
v -411202.4303 -270526.5834 60.1587
v -411202.4334 -270526.5839 60.1570
v -411202.4361 -270526.5843 60.1546
v -411202.4382 -270526.5846 60.1517
v -411202.4394 -270526.5848 60.1483
v -411202.7042 -270526.6232 60.0731
v -411202.6998 -270526.6529 60.0731
v -411202.6994 -270526.6529 60.0695
v -411202.6981 -270526.6527 60.0662
v -411202.6961 -270526.6524 60.0632
v -411202.6934 -270526.6520 60.0608
v -411202.6903 -270526.6515 60.0591
v -411202.6868 -270526.6510 60.0582
v -411202.6832 -270526.6505 60.0582
v -411202.6797 -270526.6500 60.0591
v -411202.6766 -270526.6495 60.0608
v -411202.6739 -270526.6492 60.0632
v -411202.6719 -270526.6489 60.0662
v -411202.6706 -270526.6487 60.0695
v -411202.6702 -270526.6486 60.0731
v -411202.6706 -270526.6487 60.0767
v -411202.6719 -270526.6489 60.0801
v -411202.6739 -270526.6492 60.0831
v -411202.6766 -270526.6495 60.0855
v -411202.6797 -270526.6500 60.0872
v -411202.6832 -270526.6505 60.0880
v -411202.6868 -270526.6510 60.0880
v -411202.6903 -270526.6515 60.0872
v -411202.6934 -270526.6520 60.0855
v -411202.6961 -270526.6524 60.0831
v -411202.6981 -270526.6527 60.0801
v -411202.6994 -270526.6529 60.0767
v -411202.7037 -270526.6232 60.0695
v -411202.7025 -270526.6230 60.0662
v -411202.7004 -270526.6227 60.0632
v -411202.6978 -270526.6223 60.0608
v -411202.6946 -270526.6219 60.0591
v -411202.6911 -270526.6213 60.0582
v -411202.6875 -270526.6208 60.0582
v -411202.6841 -270526.6203 60.0591
v -411202.6809 -270526.6199 60.0608
v -411202.6782 -270526.6195 60.0632
v -411202.6762 -270526.6192 60.0662
v -411202.6749 -270526.6190 60.0695
v -411202.6745 -270526.6189 60.0731
v -411202.6749 -270526.6190 60.0767
v -411202.6762 -270526.6192 60.0801
v -411202.6782 -270526.6195 60.0831
v -411202.6809 -270526.6199 60.0855
v -411202.6841 -270526.6203 60.0872
v -411202.6875 -270526.6208 60.0880
v -411202.6911 -270526.6213 60.0880
v -411202.6946 -270526.6219 60.0872
v -411202.6978 -270526.6223 60.0855
v -411202.7004 -270526.6227 60.0831
v -411202.7025 -270526.6230 60.0801
v -411202.7037 -270526.6232 60.0767
v -411202.4588 -270526.5876 60.2163
v -411202.4545 -270526.6173 60.2163
v -411202.4541 -270526.6172 60.2127
v -411202.4528 -270526.6170 60.2093
v -411202.4508 -270526.6167 60.2063
v -411202.4481 -270526.6163 60.2039
v -411202.4449 -270526.6159 60.2022
v -411202.4415 -270526.6154 60.2014
v -411202.4379 -270526.6148 60.2014
v -411202.4344 -270526.6143 60.2022
v -411202.4312 -270526.6139 60.2039
v -411202.4286 -270526.6135 60.2063
v -411202.4265 -270526.6132 60.2093
v -411202.4253 -270526.6130 60.2127
v -411202.4248 -270526.6129 60.2163
v -411202.4253 -270526.6130 60.2199
v -411202.4265 -270526.6132 60.2232
v -411202.4286 -270526.6135 60.2262
v -411202.4312 -270526.6139 60.2286
v -411202.4344 -270526.6143 60.2303
v -411202.4379 -270526.6148 60.2312
v -411202.4415 -270526.6154 60.2312
v -411202.4449 -270526.6159 60.2303
v -411202.4481 -270526.6163 60.2286
v -411202.4508 -270526.6167 60.2262
v -411202.4528 -270526.6170 60.2232
v -411202.4541 -270526.6172 60.2199
v -411202.4584 -270526.5875 60.2127
v -411202.4571 -270526.5873 60.2093
v -411202.4551 -270526.5870 60.2063
v -411202.4524 -270526.5866 60.2039
v -411202.4493 -270526.5862 60.2022
v -411202.4458 -270526.5857 60.2014
v -411202.4422 -270526.5852 60.2014
v -411202.4387 -270526.5847 60.2022
v -411202.4356 -270526.5842 60.2039
v -411202.4329 -270526.5838 60.2063
v -411202.4308 -270526.5835 60.2093
v -411202.4296 -270526.5833 60.2127
v -411202.4291 -270526.5833 60.2163
v -411202.4296 -270526.5833 60.2199
v -411202.4308 -270526.5835 60.2232
v -411202.4329 -270526.5838 60.2262
v -411202.4356 -270526.5842 60.2286
v -411202.4387 -270526.5847 60.2303
v -411202.4422 -270526.5852 60.2312
v -411202.4458 -270526.5857 60.2312
v -411202.4493 -270526.5862 60.2303
v -411202.4524 -270526.5866 60.2286
v -411202.4551 -270526.5870 60.2262
v -411202.4571 -270526.5873 60.2232
v -411202.4584 -270526.5875 60.2199
v -411202.6523 -270526.6157 60.0207
v -411202.6480 -270526.6454 60.0207
v -411202.6476 -270526.6453 60.0172
v -411202.6463 -270526.6451 60.0138
v -411202.6443 -270526.6449 60.0108
v -411202.6416 -270526.6445 60.0084
v -411202.6384 -270526.6440 60.0067
v -411202.6349 -270526.6435 60.0059
v -411202.6314 -270526.6430 60.0059
v -411202.6279 -270526.6425 60.0067
v -411202.6247 -270526.6420 60.0084
v -411202.6220 -270526.6416 60.0108
v -411202.6200 -270526.6413 60.0138
v -411202.6187 -270526.6411 60.0172
v -411202.6183 -270526.6411 60.0207
v -411202.6187 -270526.6411 60.0243
v -411202.6200 -270526.6413 60.0277
v -411202.6220 -270526.6416 60.0307
v -411202.6247 -270526.6420 60.0331
v -411202.6279 -270526.6425 60.0348
v -411202.6314 -270526.6430 60.0356
v -411202.6349 -270526.6435 60.0356
v -411202.6384 -270526.6440 60.0348
v -411202.6416 -270526.6445 60.0331
v -411202.6443 -270526.6449 60.0307
v -411202.6463 -270526.6451 60.0277
v -411202.6476 -270526.6453 60.0243
v -411202.6519 -270526.6156 60.0172
v -411202.6506 -270526.6155 60.0138
v -411202.6486 -270526.6152 60.0108
v -411202.6459 -270526.6148 60.0084
v -411202.6427 -270526.6143 60.0067
v -411202.6393 -270526.6138 60.0059
v -411202.6357 -270526.6133 60.0059
v -411202.6322 -270526.6128 60.0067
v -411202.6290 -270526.6123 60.0084
v -411202.6264 -270526.6119 60.0108
v -411202.6243 -270526.6116 60.0138
v -411202.6231 -270526.6115 60.0172
v -411202.6226 -270526.6114 60.0207
v -411202.6231 -270526.6115 60.0243
v -411202.6243 -270526.6116 60.0277
v -411202.6264 -270526.6119 60.0307
v -411202.6290 -270526.6123 60.0331
v -411202.6322 -270526.6128 60.0348
v -411202.6357 -270526.6133 60.0356
v -411202.6393 -270526.6138 60.0356
v -411202.6427 -270526.6143 60.0348
v -411202.6459 -270526.6148 60.0331
v -411202.6486 -270526.6152 60.0307
v -411202.6506 -270526.6155 60.0277
v -411202.6519 -270526.6156 60.0243
v -411202.5107 -270526.5951 60.2687
v -411202.5064 -270526.6248 60.2687
v -411202.5059 -270526.6247 60.2651
v -411202.5047 -270526.6246 60.2617
v -411202.5026 -270526.6243 60.2587
v -411202.5000 -270526.6239 60.2563
v -411202.4968 -270526.6234 60.2546
v -411202.4933 -270526.6229 60.2538
v -411202.4897 -270526.6224 60.2538
v -411202.4863 -270526.6219 60.2546
v -411202.4831 -270526.6214 60.2563
v -411202.4804 -270526.6210 60.2587
v -411202.4784 -270526.6207 60.2617
v -411202.4771 -270526.6205 60.2651
v -411202.4767 -270526.6205 60.2687
v -411202.4771 -270526.6205 60.2722
v -411202.4784 -270526.6207 60.2756
v -411202.4804 -270526.6210 60.2786
v -411202.4831 -270526.6214 60.2810
v -411202.4863 -270526.6219 60.2827
v -411202.4897 -270526.6224 60.2835
v -411202.4933 -270526.6229 60.2835
v -411202.4968 -270526.6234 60.2827
v -411202.5000 -270526.6239 60.2810
v -411202.5026 -270526.6243 60.2786
v -411202.5047 -270526.6246 60.2756
v -411202.5059 -270526.6247 60.2722
v -411202.5102 -270526.5951 60.2651
v -411202.5090 -270526.5949 60.2617
v -411202.5069 -270526.5946 60.2587
v -411202.5043 -270526.5942 60.2563
v -411202.5011 -270526.5937 60.2546
v -411202.4976 -270526.5932 60.2538
v -411202.4940 -270526.5927 60.2538
v -411202.4906 -270526.5922 60.2546
v -411202.4874 -270526.5917 60.2563
v -411202.4847 -270526.5913 60.2587
v -411202.4827 -270526.5910 60.2617
v -411202.4814 -270526.5909 60.2651
v -411202.4810 -270526.5908 60.2687
v -411202.4814 -270526.5909 60.2722
v -411202.4827 -270526.5910 60.2756
v -411202.4847 -270526.5913 60.2786
v -411202.4874 -270526.5917 60.2810
v -411202.4906 -270526.5922 60.2827
v -411202.4940 -270526.5927 60.2835
v -411202.4976 -270526.5932 60.2835
v -411202.5011 -270526.5937 60.2827
v -411202.5043 -270526.5942 60.2810
v -411202.5069 -270526.5946 60.2786
v -411202.5090 -270526.5949 60.2756
v -411202.5102 -270526.5951 60.2722
v -411202.6335 -270526.2542 59.9990
v -411202.6278 -270526.2938 59.9990
v -411202.6273 -270526.2938 59.9954
v -411202.6261 -270526.2936 59.9920
v -411202.6240 -270526.2933 59.9890
v -411202.6214 -270526.2929 59.9866
v -411202.6182 -270526.2924 59.9849
v -411202.6147 -270526.2919 59.9841
v -411202.6111 -270526.2914 59.9841
v -411202.6077 -270526.2909 59.9849
v -411202.6045 -270526.2904 59.9866
v -411202.6018 -270526.2901 59.9890
v -411202.5998 -270526.2898 59.9920
v -411202.5985 -270526.2896 59.9954
v -411202.5981 -270526.2895 59.9990
v -411202.5985 -270526.2896 60.0026
v -411202.5998 -270526.2898 60.0059
v -411202.6018 -270526.2901 60.0089
v -411202.6045 -270526.2904 60.0113
v -411202.6077 -270526.2909 60.0130
v -411202.6111 -270526.2914 60.0139
v -411202.6147 -270526.2919 60.0139
v -411202.6182 -270526.2924 60.0130
v -411202.6214 -270526.2929 60.0113
v -411202.6240 -270526.2933 60.0089
v -411202.6261 -270526.2936 60.0059
v -411202.6273 -270526.2938 60.0026
v -411202.6331 -270526.2542 59.9954
v -411202.6318 -270526.2540 59.9920
v -411202.6298 -270526.2537 59.9890
v -411202.6271 -270526.2533 59.9866
v -411202.6239 -270526.2528 59.9849
v -411202.6205 -270526.2523 59.9841
v -411202.6169 -270526.2518 59.9841
v -411202.6134 -270526.2513 59.9849
v -411202.6102 -270526.2509 59.9866
v -411202.6076 -270526.2505 59.9890
v -411202.6055 -270526.2502 59.9920
v -411202.6043 -270526.2500 59.9954
v -411202.6038 -270526.2499 59.9990
v -411202.6043 -270526.2500 60.0026
v -411202.6055 -270526.2502 60.0059
v -411202.6076 -270526.2505 60.0089
v -411202.6102 -270526.2509 60.0113
v -411202.6134 -270526.2513 60.0130
v -411202.6169 -270526.2518 60.0139
v -411202.6205 -270526.2523 60.0139
v -411202.6239 -270526.2528 60.0130
v -411202.6271 -270526.2533 60.0113
v -411202.6298 -270526.2537 60.0089
v -411202.6318 -270526.2540 60.0059
v -411202.6331 -270526.2542 60.0026
v -411202.6335 -270526.2542 60.2852
v -411202.6278 -270526.2938 60.2852
v -411202.6273 -270526.2938 60.2816
v -411202.6261 -270526.2936 60.2783
v -411202.6240 -270526.2933 60.2753
v -411202.6214 -270526.2929 60.2729
v -411202.6182 -270526.2924 60.2712
v -411202.6147 -270526.2919 60.2703
v -411202.6111 -270526.2914 60.2703
v -411202.6077 -270526.2909 60.2712
v -411202.6045 -270526.2904 60.2729
v -411202.6018 -270526.2901 60.2753
v -411202.5998 -270526.2898 60.2783
v -411202.5985 -270526.2896 60.2816
v -411202.5981 -270526.2895 60.2852
v -411202.5985 -270526.2896 60.2888
v -411202.5998 -270526.2898 60.2922
v -411202.6018 -270526.2901 60.2952
v -411202.6045 -270526.2904 60.2976
v -411202.6077 -270526.2909 60.2993
v -411202.6111 -270526.2914 60.3001
v -411202.6147 -270526.2919 60.3001
v -411202.6182 -270526.2924 60.2993
v -411202.6214 -270526.2929 60.2976
v -411202.6240 -270526.2933 60.2952
v -411202.6261 -270526.2936 60.2922
v -411202.6273 -270526.2938 60.2888
v -411202.6331 -270526.2542 60.2816
v -411202.6318 -270526.2540 60.2783
v -411202.6298 -270526.2537 60.2753
v -411202.6271 -270526.2533 60.2729
v -411202.6239 -270526.2528 60.2712
v -411202.6205 -270526.2523 60.2703
v -411202.6169 -270526.2518 60.2703
v -411202.6134 -270526.2513 60.2712
v -411202.6102 -270526.2509 60.2729
v -411202.6076 -270526.2505 60.2753
v -411202.6055 -270526.2502 60.2783
v -411202.6043 -270526.2500 60.2816
v -411202.6038 -270526.2499 60.2852
v -411202.6043 -270526.2500 60.2888
v -411202.6055 -270526.2502 60.2922
v -411202.6076 -270526.2505 60.2952
v -411202.6102 -270526.2509 60.2976
v -411202.6134 -270526.2513 60.2993
v -411202.6169 -270526.2518 60.3001
v -411202.6205 -270526.2523 60.3001
v -411202.6239 -270526.2528 60.2993
v -411202.6271 -270526.2533 60.2976
v -411202.6298 -270526.2537 60.2952
v -411202.6318 -270526.2540 60.2922
v -411202.6331 -270526.2542 60.2888
v -411202.7043 -270526.2645 60.2661
v -411202.6986 -270526.3041 60.2661
v -411202.6982 -270526.3041 60.2625
v -411202.6969 -270526.3039 60.2591
v -411202.6949 -270526.3036 60.2561
v -411202.6922 -270526.3032 60.2537
v -411202.6890 -270526.3027 60.2520
v -411202.6855 -270526.3022 60.2512
v -411202.6820 -270526.3017 60.2512
v -411202.6785 -270526.3012 60.2520
v -411202.6753 -270526.3007 60.2537
v -411202.6726 -270526.3003 60.2561
v -411202.6706 -270526.3001 60.2591
v -411202.6693 -270526.2999 60.2625
v -411202.6689 -270526.2998 60.2661
v -411202.6693 -270526.2999 60.2696
v -411202.6706 -270526.3001 60.2730
v -411202.6726 -270526.3003 60.2760
v -411202.6753 -270526.3007 60.2784
v -411202.6785 -270526.3012 60.2801
v -411202.6820 -270526.3017 60.2809
v -411202.6855 -270526.3022 60.2809
v -411202.6890 -270526.3027 60.2801
v -411202.6922 -270526.3032 60.2784
v -411202.6949 -270526.3036 60.2760
v -411202.6969 -270526.3039 60.2730
v -411202.6982 -270526.3041 60.2696
v -411202.7039 -270526.2645 60.2625
v -411202.7026 -270526.2643 60.2591
v -411202.7006 -270526.2640 60.2561
v -411202.6979 -270526.2636 60.2537
v -411202.6948 -270526.2631 60.2520
v -411202.6913 -270526.2626 60.2512
v -411202.6877 -270526.2621 60.2512
v -411202.6842 -270526.2616 60.2520
v -411202.6811 -270526.2612 60.2537
v -411202.6784 -270526.2608 60.2561
v -411202.6764 -270526.2605 60.2591
v -411202.6751 -270526.2603 60.2625
v -411202.6747 -270526.2602 60.2661
v -411202.6751 -270526.2603 60.2696
v -411202.6764 -270526.2605 60.2730
v -411202.6784 -270526.2608 60.2760
v -411202.6811 -270526.2612 60.2784
v -411202.6842 -270526.2616 60.2801
v -411202.6877 -270526.2621 60.2809
v -411202.6913 -270526.2626 60.2809
v -411202.6948 -270526.2631 60.2801
v -411202.6979 -270526.2636 60.2784
v -411202.7006 -270526.2640 60.2760
v -411202.7026 -270526.2643 60.2730
v -411202.7039 -270526.2645 60.2696
v -411202.5517 -270526.2423 60.0148
v -411202.5460 -270526.2819 60.0148
v -411202.5455 -270526.2819 60.0112
v -411202.5443 -270526.2817 60.0078
v -411202.5422 -270526.2814 60.0049
v -411202.5396 -270526.2810 60.0025
v -411202.5364 -270526.2805 60.0008
v -411202.5329 -270526.2800 59.9999
v -411202.5293 -270526.2795 59.9999
v -411202.5259 -270526.2790 60.0008
v -411202.5227 -270526.2785 60.0025
v -411202.5200 -270526.2782 60.0049
v -411202.5180 -270526.2779 60.0078
v -411202.5167 -270526.2777 60.0112
v -411202.5163 -270526.2776 60.0148
v -411202.5167 -270526.2777 60.0184
v -411202.5180 -270526.2779 60.0218
v -411202.5200 -270526.2782 60.0248
v -411202.5227 -270526.2785 60.0272
v -411202.5259 -270526.2790 60.0288
v -411202.5293 -270526.2795 60.0297
v -411202.5329 -270526.2800 60.0297
v -411202.5364 -270526.2805 60.0288
v -411202.5396 -270526.2810 60.0272
v -411202.5422 -270526.2814 60.0248
v -411202.5443 -270526.2817 60.0218
v -411202.5455 -270526.2819 60.0184
v -411202.5513 -270526.2423 60.0112
v -411202.5500 -270526.2421 60.0078
v -411202.5480 -270526.2418 60.0049
v -411202.5453 -270526.2414 60.0025
v -411202.5421 -270526.2410 60.0008
v -411202.5387 -270526.2404 59.9999
v -411202.5351 -270526.2399 59.9999
v -411202.5316 -270526.2394 60.0008
v -411202.5284 -270526.2390 60.0025
v -411202.5258 -270526.2386 60.0049
v -411202.5237 -270526.2383 60.0078
v -411202.5225 -270526.2381 60.0112
v -411202.5220 -270526.2380 60.0148
v -411202.5225 -270526.2381 60.0184
v -411202.5237 -270526.2383 60.0218
v -411202.5258 -270526.2386 60.0248
v -411202.5284 -270526.2390 60.0272
v -411202.5316 -270526.2394 60.0288
v -411202.5351 -270526.2399 60.0297
v -411202.5387 -270526.2404 60.0297
v -411202.5421 -270526.2410 60.0288
v -411202.5453 -270526.2414 60.0272
v -411202.5480 -270526.2418 60.0248
v -411202.5500 -270526.2421 60.0218
v -411202.5513 -270526.2423 60.0184
v -411202.7562 -270526.2721 60.2137
v -411202.7504 -270526.3117 60.2137
v -411202.7500 -270526.3116 60.2101
v -411202.7487 -270526.3114 60.2067
v -411202.7467 -270526.3111 60.2037
v -411202.7440 -270526.3107 60.2013
v -411202.7409 -270526.3103 60.1996
v -411202.7374 -270526.3098 60.1988
v -411202.7338 -270526.3092 60.1988
v -411202.7303 -270526.3087 60.1996
v -411202.7272 -270526.3083 60.2013
v -411202.7245 -270526.3079 60.2037
v -411202.7224 -270526.3076 60.2067
v -411202.7212 -270526.3074 60.2101
v -411202.7207 -270526.3073 60.2137
v -411202.7212 -270526.3074 60.2173
v -411202.7224 -270526.3076 60.2206
v -411202.7245 -270526.3079 60.2236
v -411202.7272 -270526.3083 60.2260
v -411202.7303 -270526.3087 60.2277
v -411202.7338 -270526.3092 60.2286
v -411202.7374 -270526.3098 60.2286
v -411202.7409 -270526.3103 60.2277
v -411202.7440 -270526.3107 60.2260
v -411202.7467 -270526.3111 60.2236
v -411202.7487 -270526.3114 60.2206
v -411202.7500 -270526.3116 60.2173
v -411202.7558 -270526.2720 60.2101
v -411202.7545 -270526.2718 60.2067
v -411202.7525 -270526.2715 60.2037
v -411202.7498 -270526.2711 60.2013
v -411202.7466 -270526.2707 60.1996
v -411202.7431 -270526.2702 60.1988
v -411202.7396 -270526.2697 60.1988
v -411202.7361 -270526.2692 60.1996
v -411202.7329 -270526.2687 60.2013
v -411202.7302 -270526.2683 60.2037
v -411202.7282 -270526.2680 60.2067
v -411202.7269 -270526.2678 60.2101
v -411202.7265 -270526.2678 60.2137
v -411202.7269 -270526.2678 60.2173
v -411202.7282 -270526.2680 60.2206
v -411202.7302 -270526.2683 60.2236
v -411202.7329 -270526.2687 60.2260
v -411202.7361 -270526.2692 60.2277
v -411202.7396 -270526.2697 60.2286
v -411202.7431 -270526.2702 60.2286
v -411202.7466 -270526.2707 60.2277
v -411202.7498 -270526.2711 60.2260
v -411202.7525 -270526.2715 60.2236
v -411202.7545 -270526.2718 60.2206
v -411202.7558 -270526.2720 60.2173
v -411202.5109 -270526.2364 60.0705
v -411202.5051 -270526.2760 60.0705
v -411202.5047 -270526.2759 60.0669
v -411202.5034 -270526.2757 60.0636
v -411202.5014 -270526.2754 60.0606
v -411202.4987 -270526.2751 60.0582
v -411202.4955 -270526.2746 60.0565
v -411202.4921 -270526.2741 60.0556
v -411202.4885 -270526.2736 60.0556
v -411202.4850 -270526.2731 60.0565
v -411202.4818 -270526.2726 60.0582
v -411202.4792 -270526.2722 60.0606
v -411202.4771 -270526.2719 60.0636
v -411202.4758 -270526.2717 60.0669
v -411202.4754 -270526.2717 60.0705
v -411202.4758 -270526.2717 60.0741
v -411202.4771 -270526.2719 60.0775
v -411202.4792 -270526.2722 60.0805
v -411202.4818 -270526.2726 60.0829
v -411202.4850 -270526.2731 60.0846
v -411202.4885 -270526.2736 60.0854
v -411202.4921 -270526.2741 60.0854
v -411202.4955 -270526.2746 60.0846
v -411202.4987 -270526.2751 60.0829
v -411202.5014 -270526.2754 60.0805
v -411202.5034 -270526.2757 60.0775
v -411202.5047 -270526.2759 60.0741
v -411202.5104 -270526.2363 60.0669
v -411202.5092 -270526.2362 60.0636
v -411202.5071 -270526.2359 60.0606
v -411202.5044 -270526.2355 60.0582
v -411202.5013 -270526.2350 60.0565
v -411202.4978 -270526.2345 60.0556
v -411202.4942 -270526.2340 60.0556
v -411202.4908 -270526.2335 60.0565
v -411202.4876 -270526.2330 60.0582
v -411202.4849 -270526.2326 60.0606
v -411202.4829 -270526.2323 60.0636
v -411202.4816 -270526.2322 60.0669
v -411202.4812 -270526.2321 60.0705
v -411202.4816 -270526.2322 60.0741
v -411202.4829 -270526.2323 60.0775
v -411202.4849 -270526.2326 60.0805
v -411202.4876 -270526.2330 60.0829
v -411202.4908 -270526.2335 60.0846
v -411202.4942 -270526.2340 60.0854
v -411202.4978 -270526.2345 60.0854
v -411202.5013 -270526.2350 60.0846
v -411202.5044 -270526.2355 60.0829
v -411202.5071 -270526.2359 60.0805
v -411202.5092 -270526.2362 60.0775
v -411202.5104 -270526.2363 60.0741
v -411202.7752 -270526.2748 60.1421
v -411202.7694 -270526.3144 60.1421
v -411202.7690 -270526.3144 60.1385
v -411202.7677 -270526.3142 60.1351
v -411202.7657 -270526.3139 60.1322
v -411202.7630 -270526.3135 60.1298
v -411202.7598 -270526.3130 60.1281
v -411202.7564 -270526.3125 60.1272
v -411202.7528 -270526.3120 60.1272
v -411202.7493 -270526.3115 60.1281
v -411202.7461 -270526.3110 60.1298
v -411202.7435 -270526.3106 60.1322
v -411202.7414 -270526.3103 60.1351
v -411202.7402 -270526.3102 60.1385
v -411202.7397 -270526.3101 60.1421
v -411202.7402 -270526.3102 60.1457
v -411202.7414 -270526.3103 60.1491
v -411202.7435 -270526.3106 60.1520
v -411202.7461 -270526.3110 60.1544
v -411202.7493 -270526.3115 60.1561
v -411202.7528 -270526.3120 60.1570
v -411202.7564 -270526.3125 60.1570
v -411202.7598 -270526.3130 60.1561
v -411202.7630 -270526.3135 60.1544
v -411202.7657 -270526.3139 60.1520
v -411202.7677 -270526.3142 60.1491
v -411202.7690 -270526.3144 60.1457
v -411202.7747 -270526.2748 60.1385
v -411202.7735 -270526.2746 60.1351
v -411202.7714 -270526.2743 60.1322
v -411202.7688 -270526.2739 60.1298
v -411202.7656 -270526.2734 60.1281
v -411202.7621 -270526.2729 60.1272
v -411202.7585 -270526.2724 60.1272
v -411202.7551 -270526.2719 60.1281
v -411202.7519 -270526.2715 60.1298
v -411202.7492 -270526.2711 60.1322
v -411202.7472 -270526.2708 60.1351
v -411202.7459 -270526.2706 60.1385
v -411202.7455 -270526.2705 60.1421
v -411202.7459 -270526.2706 60.1457
v -411202.7472 -270526.2708 60.1491
v -411202.7492 -270526.2711 60.1520
v -411202.7519 -270526.2715 60.1544
v -411202.7551 -270526.2719 60.1561
v -411202.7585 -270526.2724 60.1570
v -411202.7621 -270526.2729 60.1570
v -411202.7656 -270526.2734 60.1561
v -411202.7688 -270526.2739 60.1544
v -411202.7714 -270526.2743 60.1520
v -411202.7735 -270526.2746 60.1491
v -411202.7747 -270526.2748 60.1457
v -411202.4919 -270526.2336 60.1421
v -411202.4861 -270526.2732 60.1421
v -411202.4857 -270526.2732 60.1385
v -411202.4844 -270526.2730 60.1351
v -411202.4824 -270526.2727 60.1322
v -411202.4797 -270526.2723 60.1298
v -411202.4765 -270526.2718 60.1281
v -411202.4731 -270526.2713 60.1272
v -411202.4695 -270526.2708 60.1272
v -411202.4660 -270526.2703 60.1281
v -411202.4629 -270526.2698 60.1298
v -411202.4602 -270526.2695 60.1322
v -411202.4581 -270526.2692 60.1351
v -411202.4569 -270526.2690 60.1385
v -411202.4564 -270526.2689 60.1421
v -411202.4569 -270526.2690 60.1457
v -411202.4581 -270526.2692 60.1491
v -411202.4602 -270526.2695 60.1520
v -411202.4629 -270526.2698 60.1544
v -411202.4660 -270526.2703 60.1561
v -411202.4695 -270526.2708 60.1570
v -411202.4731 -270526.2713 60.1570
v -411202.4765 -270526.2718 60.1561
v -411202.4797 -270526.2723 60.1544
v -411202.4824 -270526.2727 60.1520
v -411202.4844 -270526.2730 60.1491
v -411202.4857 -270526.2732 60.1457
v -411202.4915 -270526.2336 60.1385
v -411202.4902 -270526.2334 60.1351
v -411202.4882 -270526.2331 60.1322
v -411202.4855 -270526.2327 60.1298
v -411202.4823 -270526.2323 60.1281
v -411202.4788 -270526.2317 60.1272
v -411202.4753 -270526.2312 60.1272
v -411202.4718 -270526.2307 60.1281
v -411202.4686 -270526.2303 60.1298
v -411202.4659 -270526.2299 60.1322
v -411202.4639 -270526.2296 60.1351
v -411202.4626 -270526.2294 60.1385
v -411202.4622 -270526.2293 60.1421
v -411202.4626 -270526.2294 60.1457
v -411202.4639 -270526.2296 60.1491
v -411202.4659 -270526.2299 60.1520
v -411202.4686 -270526.2303 60.1544
v -411202.4718 -270526.2307 60.1561
v -411202.4753 -270526.2312 60.1570
v -411202.4788 -270526.2317 60.1570
v -411202.4823 -270526.2323 60.1561
v -411202.4855 -270526.2327 60.1544
v -411202.4882 -270526.2331 60.1520
v -411202.4902 -270526.2334 60.1491
v -411202.4915 -270526.2336 60.1457
v -411202.7562 -270526.2721 60.0705
v -411202.7504 -270526.3117 60.0705
v -411202.7500 -270526.3116 60.0669
v -411202.7487 -270526.3114 60.0636
v -411202.7467 -270526.3111 60.0606
v -411202.7440 -270526.3107 60.0582
v -411202.7409 -270526.3103 60.0565
v -411202.7374 -270526.3098 60.0556
v -411202.7338 -270526.3092 60.0556
v -411202.7303 -270526.3087 60.0565
v -411202.7272 -270526.3083 60.0582
v -411202.7245 -270526.3079 60.0606
v -411202.7224 -270526.3076 60.0636
v -411202.7212 -270526.3074 60.0669
v -411202.7207 -270526.3073 60.0705
v -411202.7212 -270526.3074 60.0741
v -411202.7224 -270526.3076 60.0775
v -411202.7245 -270526.3079 60.0805
v -411202.7272 -270526.3083 60.0829
v -411202.7303 -270526.3087 60.0846
v -411202.7338 -270526.3092 60.0854
v -411202.7374 -270526.3098 60.0854
v -411202.7409 -270526.3103 60.0846
v -411202.7440 -270526.3107 60.0829
v -411202.7467 -270526.3111 60.0805
v -411202.7487 -270526.3114 60.0775
v -411202.7500 -270526.3116 60.0741
v -411202.7558 -270526.2720 60.0669
v -411202.7545 -270526.2718 60.0636
v -411202.7525 -270526.2715 60.0606
v -411202.7498 -270526.2711 60.0582
v -411202.7466 -270526.2707 60.0565
v -411202.7431 -270526.2702 60.0556
v -411202.7396 -270526.2697 60.0556
v -411202.7361 -270526.2692 60.0565
v -411202.7329 -270526.2687 60.0582
v -411202.7302 -270526.2683 60.0606
v -411202.7282 -270526.2680 60.0636
v -411202.7269 -270526.2678 60.0669
v -411202.7265 -270526.2678 60.0705
v -411202.7269 -270526.2678 60.0741
v -411202.7282 -270526.2680 60.0775
v -411202.7302 -270526.2683 60.0805
v -411202.7329 -270526.2687 60.0829
v -411202.7361 -270526.2692 60.0846
v -411202.7396 -270526.2697 60.0854
v -411202.7431 -270526.2702 60.0854
v -411202.7466 -270526.2707 60.0846
v -411202.7498 -270526.2711 60.0829
v -411202.7525 -270526.2715 60.0805
v -411202.7545 -270526.2718 60.0775
v -411202.7558 -270526.2720 60.0741
v -411202.5109 -270526.2364 60.2137
v -411202.5051 -270526.2760 60.2137
v -411202.5047 -270526.2759 60.2101
v -411202.5034 -270526.2757 60.2067
v -411202.5014 -270526.2754 60.2037
v -411202.4987 -270526.2751 60.2013
v -411202.4955 -270526.2746 60.1996
v -411202.4921 -270526.2741 60.1988
v -411202.4885 -270526.2736 60.1988
v -411202.4850 -270526.2731 60.1996
v -411202.4818 -270526.2726 60.2013
v -411202.4792 -270526.2722 60.2037
v -411202.4771 -270526.2719 60.2067
v -411202.4758 -270526.2717 60.2101
v -411202.4754 -270526.2717 60.2137
v -411202.4758 -270526.2717 60.2173
v -411202.4771 -270526.2719 60.2206
v -411202.4792 -270526.2722 60.2236
v -411202.4818 -270526.2726 60.2260
v -411202.4850 -270526.2731 60.2277
v -411202.4885 -270526.2736 60.2286
v -411202.4921 -270526.2741 60.2286
v -411202.4955 -270526.2746 60.2277
v -411202.4987 -270526.2751 60.2260
v -411202.5014 -270526.2754 60.2236
v -411202.5034 -270526.2757 60.2206
v -411202.5047 -270526.2759 60.2173
v -411202.5104 -270526.2363 60.2101
v -411202.5092 -270526.2362 60.2067
v -411202.5071 -270526.2359 60.2037
v -411202.5044 -270526.2355 60.2013
v -411202.5013 -270526.2350 60.1996
v -411202.4978 -270526.2345 60.1988
v -411202.4942 -270526.2340 60.1988
v -411202.4908 -270526.2335 60.1996
v -411202.4876 -270526.2330 60.2013
v -411202.4849 -270526.2326 60.2037
v -411202.4829 -270526.2323 60.2067
v -411202.4816 -270526.2322 60.2101
v -411202.4812 -270526.2321 60.2137
v -411202.4816 -270526.2322 60.2173
v -411202.4829 -270526.2323 60.2206
v -411202.4849 -270526.2326 60.2236
v -411202.4876 -270526.2330 60.2260
v -411202.4908 -270526.2335 60.2277
v -411202.4942 -270526.2340 60.2286
v -411202.4978 -270526.2345 60.2286
v -411202.5013 -270526.2350 60.2277
v -411202.5044 -270526.2355 60.2260
v -411202.5071 -270526.2359 60.2236
v -411202.5092 -270526.2362 60.2206
v -411202.5104 -270526.2363 60.2173
v -411202.7043 -270526.2645 60.0181
v -411202.6986 -270526.3041 60.0181
v -411202.6982 -270526.3041 60.0146
v -411202.6969 -270526.3039 60.0112
v -411202.6949 -270526.3036 60.0082
v -411202.6922 -270526.3032 60.0058
v -411202.6890 -270526.3027 60.0041
v -411202.6855 -270526.3022 60.0033
v -411202.6820 -270526.3017 60.0033
v -411202.6785 -270526.3012 60.0041
v -411202.6753 -270526.3007 60.0058
v -411202.6726 -270526.3003 60.0082
v -411202.6706 -270526.3001 60.0112
v -411202.6693 -270526.2999 60.0146
v -411202.6689 -270526.2998 60.0181
v -411202.6693 -270526.2999 60.0217
v -411202.6706 -270526.3001 60.0251
v -411202.6726 -270526.3003 60.0281
v -411202.6753 -270526.3007 60.0305
v -411202.6785 -270526.3012 60.0322
v -411202.6820 -270526.3017 60.0330
v -411202.6855 -270526.3022 60.0330
v -411202.6890 -270526.3027 60.0322
v -411202.6922 -270526.3032 60.0305
v -411202.6949 -270526.3036 60.0281
v -411202.6969 -270526.3039 60.0251
v -411202.6982 -270526.3041 60.0217
v -411202.7039 -270526.2645 60.0146
v -411202.7026 -270526.2643 60.0112
v -411202.7006 -270526.2640 60.0082
v -411202.6979 -270526.2636 60.0058
v -411202.6948 -270526.2631 60.0041
v -411202.6913 -270526.2626 60.0033
v -411202.6877 -270526.2621 60.0033
v -411202.6842 -270526.2616 60.0041
v -411202.6811 -270526.2612 60.0058
v -411202.6784 -270526.2608 60.0082
v -411202.6764 -270526.2605 60.0112
v -411202.6751 -270526.2603 60.0146
v -411202.6747 -270526.2602 60.0181
v -411202.6751 -270526.2603 60.0217
v -411202.6764 -270526.2605 60.0251
v -411202.6784 -270526.2608 60.0281
v -411202.6811 -270526.2612 60.0305
v -411202.6842 -270526.2616 60.0322
v -411202.6877 -270526.2621 60.0330
v -411202.6913 -270526.2626 60.0330
v -411202.6948 -270526.2631 60.0322
v -411202.6979 -270526.2636 60.0305
v -411202.7006 -270526.2640 60.0281
v -411202.7026 -270526.2643 60.0251
v -411202.7039 -270526.2645 60.0217
v -411202.5627 -270526.2439 60.2661
v -411202.5569 -270526.2835 60.2661
v -411202.5565 -270526.2835 60.2625
v -411202.5552 -270526.2833 60.2591
v -411202.5532 -270526.2830 60.2561
v -411202.5505 -270526.2826 60.2537
v -411202.5474 -270526.2821 60.2520
v -411202.5439 -270526.2816 60.2512
v -411202.5403 -270526.2811 60.2512
v -411202.5368 -270526.2806 60.2520
v -411202.5337 -270526.2801 60.2537
v -411202.5310 -270526.2798 60.2561
v -411202.5290 -270526.2795 60.2591
v -411202.5277 -270526.2793 60.2625
v -411202.5273 -270526.2792 60.2661
v -411202.5277 -270526.2793 60.2696
v -411202.5290 -270526.2795 60.2730
v -411202.5310 -270526.2798 60.2760
v -411202.5337 -270526.2801 60.2784
v -411202.5368 -270526.2806 60.2801
v -411202.5403 -270526.2811 60.2809
v -411202.5439 -270526.2816 60.2809
v -411202.5474 -270526.2821 60.2801
v -411202.5505 -270526.2826 60.2784
v -411202.5532 -270526.2830 60.2760
v -411202.5552 -270526.2833 60.2730
v -411202.5565 -270526.2835 60.2696
v -411202.5623 -270526.2439 60.2625
v -411202.5610 -270526.2437 60.2591
v -411202.5590 -270526.2434 60.2561
v -411202.5563 -270526.2430 60.2537
v -411202.5531 -270526.2426 60.2520
v -411202.5496 -270526.2420 60.2512
v -411202.5461 -270526.2415 60.2512
v -411202.5426 -270526.2410 60.2520
v -411202.5394 -270526.2406 60.2537
v -411202.5367 -270526.2402 60.2561
v -411202.5347 -270526.2399 60.2591
v -411202.5334 -270526.2397 60.2625
v -411202.5330 -270526.2396 60.2661
v -411202.5334 -270526.2397 60.2696
v -411202.5347 -270526.2399 60.2730
v -411202.5367 -270526.2402 60.2760
v -411202.5394 -270526.2406 60.2784
v -411202.5426 -270526.2410 60.2801
v -411202.5461 -270526.2415 60.2809
v -411202.5496 -270526.2420 60.2809
v -411202.5531 -270526.2426 60.2801
v -411202.5563 -270526.2430 60.2784
v -411202.5590 -270526.2434 60.2760
v -411202.5610 -270526.2437 60.2730
v -411202.5623 -270526.2439 60.2696
v -411202.7477 -270526.6094 60.1447
v -411202.7419 -270526.6489 60.1447
v -411202.7400 -270526.6487 60.1185
v -411202.7344 -270526.6478 60.0928
v -411202.7251 -270526.6465 60.0683
v -411202.7123 -270526.6446 60.0454
v -411202.6964 -270526.6423 60.0246
v -411202.6777 -270526.6396 60.0063
v -411202.6566 -270526.6365 59.9911
v -411202.6334 -270526.6332 59.9790
v -411202.6088 -270526.6296 59.9706
v -411202.5833 -270526.6259 59.9658
v -411202.5573 -270526.6221 59.9648
v -411202.5314 -270526.6183 59.9677
v -411202.5063 -270526.6147 59.9743
v -411202.4823 -270526.6112 59.9846
v -411202.4601 -270526.6080 59.9983
v -411202.4401 -270526.6051 60.0151
v -411202.4228 -270526.6025 60.0347
v -411202.4084 -270526.6005 60.0566
v -411202.3974 -270526.5989 60.0804
v -411202.3899 -270526.5978 60.1056
v -411202.3861 -270526.5972 60.1316
v -411202.3861 -270526.5972 60.1578
v -411202.3899 -270526.5978 60.1838
v -411202.3974 -270526.5989 60.2090
v -411202.4084 -270526.6005 60.2328
v -411202.4228 -270526.6025 60.2547
v -411202.4401 -270526.6051 60.2743
v -411202.4601 -270526.6080 60.2911
v -411202.4823 -270526.6112 60.3048
v -411202.5063 -270526.6147 60.3151
v -411202.5314 -270526.6183 60.3217
v -411202.5573 -270526.6221 60.3246
v -411202.5833 -270526.6259 60.3236
v -411202.6088 -270526.6296 60.3188
v -411202.6334 -270526.6332 60.3104
v -411202.6566 -270526.6365 60.2983
v -411202.6777 -270526.6396 60.2831
v -411202.6964 -270526.6423 60.2648
v -411202.7123 -270526.6446 60.2440
v -411202.7251 -270526.6465 60.2211
v -411202.7344 -270526.6478 60.1966
v -411202.7400 -270526.6487 60.1709
v -411202.7458 -270526.6091 60.1185
v -411202.7401 -270526.6083 60.0928
v -411202.7308 -270526.6069 60.0683
v -411202.7181 -270526.6051 60.0454
v -411202.7022 -270526.6027 60.0246
v -411202.6835 -270526.6000 60.0063
v -411202.6623 -270526.5970 59.9911
v -411202.6392 -270526.5936 59.9790
v -411202.6146 -270526.5900 59.9706
v -411202.5890 -270526.5863 59.9658
v -411202.5630 -270526.5825 59.9648
v -411202.5372 -270526.5788 59.9677
v -411202.5120 -270526.5751 59.9743
v -411202.4881 -270526.5716 59.9846
v -411202.4659 -270526.5684 59.9983
v -411202.4459 -270526.5655 60.0151
v -411202.4285 -270526.5630 60.0347
v -411202.4142 -270526.5609 60.0566
v -411202.4032 -270526.5593 60.0804
v -411202.3957 -270526.5582 60.1056
v -411202.3919 -270526.5576 60.1316
v -411202.3919 -270526.5576 60.1578
v -411202.3957 -270526.5582 60.1838
v -411202.4032 -270526.5593 60.2090
v -411202.4142 -270526.5609 60.2328
v -411202.4285 -270526.5630 60.2547
v -411202.4459 -270526.5655 60.2743
v -411202.4659 -270526.5684 60.2911
v -411202.4881 -270526.5716 60.3048
v -411202.5120 -270526.5751 60.3151
v -411202.5372 -270526.5788 60.3217
v -411202.5630 -270526.5825 60.3246
v -411202.5890 -270526.5863 60.3236
v -411202.6146 -270526.5900 60.3188
v -411202.6392 -270526.5936 60.3104
v -411202.6623 -270526.5970 60.2983
v -411202.6835 -270526.6000 60.2831
v -411202.7022 -270526.6027 60.2648
v -411202.7181 -270526.6051 60.2440
v -411202.7308 -270526.6069 60.2211
v -411202.7401 -270526.6083 60.1966
v -411202.7458 -270526.6091 60.1709
f 5176 5175 5219
f 5177 5176 5219
f 5178 5177 5220
f 5177 5219 5220
f 5179 5178 5221
f 5178 5220 5221
f 5180 5179 5222
f 5179 5221 5222
f 5181 5180 5223
f 5180 5222 5223
f 5182 5181 5224
f 5181 5223 5224
f 5183 5182 5225
f 5182 5224 5225
f 5184 5183 5226
f 5183 5225 5226
f 5185 5184 5227
f 5184 5226 5227
f 5186 5185 5228
f 5185 5227 5228
f 5187 5186 5229
f 5186 5228 5229
f 5188 5187 5230
f 5187 5229 5230
f 5189 5188 5231
f 5188 5230 5231
f 5190 5189 5232
f 5189 5231 5232
f 5191 5190 5233
f 5190 5232 5233
f 5192 5191 5234
f 5191 5233 5234
f 5193 5192 5235
f 5192 5234 5235
f 5194 5193 5236
f 5193 5235 5236
f 5195 5194 5237
f 5194 5236 5237
f 5196 5195 5238
f 5195 5237 5238
f 5197 5196 5239
f 5196 5238 5239
f 5198 5197 5240
f 5197 5239 5240
f 5199 5198 5241
f 5198 5240 5241
f 5200 5199 5242
f 5201 5200 5242
f 5199 5241 5242
f 5201 5242 5243
f 5202 5201 5244
f 5201 5243 5244
f 5203 5202 5245
f 5204 5203 5245
f 5202 5244 5245
f 5204 5245 5246
f 5204 5246 5247
f 5205 5204 5247
f 5205 5247 5248
f 5206 5205 5248
f 5206 5248 5249
f 5207 5206 5249
f 5207 5249 5250
f 5208 5207 5250
f 5208 5250 5251
f 5209 5208 5251
f 5210 5209 5251
f 5210 5251 5252
f 5210 5252 5253
f 5211 5210 5253
f 5211 5253 5254
f 5212 5211 5254
f 5213 5212 5254
f 5213 5254 5255
f 5214 5213 5256
f 5213 5255 5256
f 5215 5214 5257
f 5214 5256 5257
f 5216 5215 5258
f 5215 5257 5258
f 5217 5216 5259
f 5216 5258 5259
f 5218 5217 5260
f 5217 5259 5260
f 5176 5218 5175
f 5218 5260 5175
f 5259 5258 5260
f 5221 5220 5222
f 5219 5175 5223
f 5220 5219 5223
f 5225 5224 5223
f 5226 5225 5223
f 5260 5258 5223
f 5227 5226 5223
f 5228 5227 5223
f 5229 5228 5223
f 5230 5229 5223
f 5231 5230 5223
f 5232 5231 5223
f 5233 5232 5223
f 5234 5233 5223
f 5235 5234 5223
f 5236 5235 5223
f 5237 5236 5223
f 5238 5237 5223
f 5239 5238 5223
f 5222 5220 5223
f 5240 5239 5223
f 5241 5240 5223
f 5242 5241 5223
f 5243 5242 5223
f 5244 5243 5223
f 5245 5244 5223
f 5246 5245 5223
f 5247 5246 5223
f 5248 5247 5223
f 5249 5248 5223
f 5250 5249 5223
f 5251 5250 5223
f 5252 5251 5223
f 5253 5252 5223
f 5254 5253 5223
f 5255 5254 5223
f 5256 5255 5223
f 5257 5256 5223
f 5258 5257 5223
f 5175 5260 5223
f 5218 5216 5217
f 5180 5178 5179
f 5181 5176 5177
f 5181 5177 5178
f 5181 5182 5183
f 5181 5183 5184
f 5181 5216 5218
f 5181 5184 5185
f 5181 5185 5186
f 5181 5186 5187
f 5181 5187 5188
f 5181 5188 5189
f 5181 5189 5190
f 5181 5190 5191
f 5181 5191 5192
f 5181 5192 5193
f 5181 5193 5194
f 5181 5194 5195
f 5181 5195 5196
f 5181 5196 5197
f 5181 5178 5180
f 5181 5197 5198
f 5181 5198 5199
f 5181 5199 5200
f 5181 5200 5201
f 5181 5201 5202
f 5181 5202 5203
f 5181 5203 5204
f 5181 5204 5205
f 5181 5205 5206
f 5181 5206 5207
f 5181 5207 5208
f 5181 5208 5209
f 5181 5209 5210
f 5181 5210 5211
f 5181 5211 5212
f 5181 5212 5213
f 5181 5213 5214
f 5181 5214 5215
f 5181 5215 5216
f 5181 5218 5176
f 5262 5261 5294
f 5263 5262 5294
f 5264 5263 5295
f 5263 5294 5295
f 5265 5264 5296
f 5264 5295 5296
f 5266 5265 5297
f 5265 5296 5297
f 5267 5266 5298
f 5266 5297 5298
f 5268 5267 5299
f 5267 5298 5299
f 5269 5268 5300
f 5268 5299 5300
f 5269 5300 5301
f 5270 5269 5301
f 5270 5301 5302
f 5271 5270 5302
f 5272 5271 5303
f 5271 5302 5303
f 5273 5272 5304
f 5272 5303 5304
f 5274 5273 5305
f 5273 5304 5305
f 5275 5274 5306
f 5274 5305 5306
f 5276 5275 5307
f 5275 5306 5307
f 5277 5276 5308
f 5276 5307 5308
f 5278 5277 5309
f 5277 5308 5309
f 5279 5278 5310
f 5278 5309 5310
f 5280 5279 5311
f 5279 5310 5311
f 5281 5280 5312
f 5280 5311 5312
f 5282 5281 5313
f 5281 5312 5313
f 5283 5282 5314
f 5282 5313 5314
f 5284 5283 5315
f 5283 5314 5315
f 5285 5284 5316
f 5286 5285 5316
f 5284 5315 5316
f 5286 5316 5317
f 5287 5286 5318
f 5286 5317 5318
f 5288 5287 5319
f 5287 5318 5319
f 5289 5288 5320
f 5288 5319 5320
f 5290 5289 5321
f 5289 5320 5321
f 5291 5290 5322
f 5292 5291 5322
f 5290 5321 5322
f 5292 5322 5323
f 5293 5292 5324
f 5292 5323 5324
f 5262 5293 5261
f 5293 5324 5261
f 5294 5261 5297
f 5295 5294 5297
f 5296 5295 5297
f 5299 5298 5297
f 5300 5299 5297
f 5301 5300 5297
f 5302 5301 5297
f 5303 5302 5297
f 5304 5303 5297
f 5305 5304 5297
f 5306 5305 5297
f 5307 5306 5297
f 5308 5307 5297
f 5309 5308 5297
f 5310 5309 5297
f 5311 5310 5297
f 5312 5311 5297
f 5313 5312 5297
f 5314 5313 5297
f 5315 5314 5297
f 5316 5315 5297
f 5317 5316 5297
f 5318 5317 5297
f 5319 5318 5297
f 5320 5319 5297
f 5321 5320 5297
f 5322 5321 5297
f 5323 5322 5297
f 5324 5323 5297
f 5261 5324 5297
f 5266 5262 5263
f 5266 5263 5264
f 5266 5264 5265
f 5266 5267 5268
f 5266 5268 5269
f 5266 5269 5270
f 5266 5270 5271
f 5266 5271 5272
f 5266 5272 5273
f 5266 5273 5274
f 5266 5274 5275
f 5266 5275 5276
f 5266 5276 5277
f 5266 5277 5278
f 5266 5278 5279
f 5266 5279 5280
f 5266 5280 5281
f 5266 5281 5282
f 5266 5282 5283
f 5266 5283 5284
f 5266 5284 5285
f 5266 5285 5286
f 5266 5286 5287
f 5266 5287 5288
f 5266 5288 5289
f 5266 5289 5290
f 5266 5290 5291
f 5266 5291 5292
f 5266 5292 5293
f 5266 5293 5262
f 5326 5325 5352
f 5327 5326 5352
f 5328 5327 5353
f 5327 5352 5353
f 5329 5328 5354
f 5328 5353 5354
f 5330 5329 5355
f 5329 5354 5355
f 5331 5330 5356
f 5330 5355 5356
f 5332 5331 5357
f 5331 5356 5357
f 5333 5332 5358
f 5332 5357 5358
f 5334 5333 5359
f 5333 5358 5359
f 5335 5334 5360
f 5334 5359 5360
f 5336 5335 5361
f 5335 5360 5361
f 5337 5336 5362
f 5336 5361 5362
f 5337 5362 5363
f 5338 5337 5363
f 5338 5363 5364
f 5339 5338 5364
f 5340 5339 5365
f 5339 5364 5365
f 5341 5340 5366
f 5340 5365 5366
f 5342 5341 5367
f 5341 5366 5367
f 5343 5342 5368
f 5342 5367 5368
f 5344 5343 5369
f 5343 5368 5369
f 5345 5344 5370
f 5344 5369 5370
f 5346 5345 5371
f 5345 5370 5371
f 5347 5346 5372
f 5346 5371 5372
f 5348 5347 5373
f 5347 5372 5373
f 5349 5348 5374
f 5348 5373 5374
f 5350 5349 5375
f 5349 5374 5375
f 5351 5350 5376
f 5350 5375 5376
f 5326 5351 5325
f 5351 5376 5325
f 5352 5325 5354
f 5353 5352 5354
f 5356 5355 5354
f 5357 5356 5354
f 5358 5357 5354
f 5359 5358 5354
f 5360 5359 5354
f 5361 5360 5354
f 5362 5361 5354
f 5363 5362 5354
f 5364 5363 5354
f 5365 5364 5354
f 5366 5365 5354
f 5367 5366 5354
f 5368 5367 5354
f 5369 5368 5354
f 5370 5369 5354
f 5371 5370 5354
f 5372 5371 5354
f 5373 5372 5354
f 5374 5373 5354
f 5375 5374 5354
f 5376 5375 5354
f 5325 5376 5354
f 5329 5326 5327
f 5329 5327 5328
f 5329 5330 5331
f 5329 5331 5332
f 5329 5332 5333
f 5329 5333 5334
f 5329 5334 5335
f 5329 5335 5336
f 5329 5336 5337
f 5329 5337 5338
f 5329 5338 5339
f 5329 5339 5340
f 5329 5340 5341
f 5329 5341 5342
f 5329 5342 5343
f 5329 5343 5344
f 5329 5344 5345
f 5329 5345 5346
f 5329 5346 5347
f 5329 5347 5348
f 5329 5348 5349
f 5329 5349 5350
f 5329 5350 5351
f 5329 5351 5326
f 5378 5377 5404
f 5379 5378 5404
f 5380 5379 5405
f 5379 5404 5405
f 5381 5380 5406
f 5380 5405 5406
f 5382 5381 5407
f 5381 5406 5407
f 5383 5382 5408
f 5382 5407 5408
f 5384 5383 5409
f 5383 5408 5409
f 5385 5384 5410
f 5384 5409 5410
f 5386 5385 5411
f 5385 5410 5411
f 5387 5386 5412
f 5386 5411 5412
f 5388 5387 5413
f 5387 5412 5413
f 5389 5388 5414
f 5388 5413 5414
f 5389 5414 5415
f 5390 5389 5415
f 5390 5415 5416
f 5391 5390 5416
f 5392 5391 5417
f 5391 5416 5417
f 5393 5392 5418
f 5392 5417 5418
f 5394 5393 5419
f 5393 5418 5419
f 5395 5394 5420
f 5394 5419 5420
f 5396 5395 5421
f 5395 5420 5421
f 5397 5396 5422
f 5396 5421 5422
f 5398 5397 5423
f 5397 5422 5423
f 5399 5398 5424
f 5398 5423 5424
f 5400 5399 5425
f 5399 5424 5425
f 5401 5400 5426
f 5400 5425 5426
f 5402 5401 5427
f 5401 5426 5427
f 5403 5402 5428
f 5402 5427 5428
f 5378 5403 5377
f 5403 5428 5377
f 5404 5377 5406
f 5405 5404 5406
f 5408 5407 5406
f 5409 5408 5406
f 5410 5409 5406
f 5411 5410 5406
f 5412 5411 5406
f 5413 5412 5406
f 5414 5413 5406
f 5415 5414 5406
f 5416 5415 5406
f 5417 5416 5406
f 5418 5417 5406
f 5419 5418 5406
f 5420 5419 5406
f 5421 5420 5406
f 5422 5421 5406
f 5423 5422 5406
f 5424 5423 5406
f 5425 5424 5406
f 5426 5425 5406
f 5427 5426 5406
f 5428 5427 5406
f 5377 5428 5406
f 5381 5378 5379
f 5381 5379 5380
f 5381 5382 5383
f 5381 5383 5384
f 5381 5384 5385
f 5381 5385 5386
f 5381 5386 5387
f 5381 5387 5388
f 5381 5388 5389
f 5381 5389 5390
f 5381 5390 5391
f 5381 5391 5392
f 5381 5392 5393
f 5381 5393 5394
f 5381 5394 5395
f 5381 5395 5396
f 5381 5396 5397
f 5381 5397 5398
f 5381 5398 5399
f 5381 5399 5400
f 5381 5400 5401
f 5381 5401 5402
f 5381 5402 5403
f 5381 5403 5378
f 5430 5429 5456
f 5431 5430 5456
f 5432 5431 5457
f 5431 5456 5457
f 5433 5432 5458
f 5432 5457 5458
f 5434 5433 5459
f 5433 5458 5459
f 5435 5434 5460
f 5434 5459 5460
f 5436 5435 5461
f 5435 5460 5461
f 5437 5436 5462
f 5436 5461 5462
f 5438 5437 5463
f 5437 5462 5463
f 5439 5438 5464
f 5438 5463 5464
f 5440 5439 5465
f 5439 5464 5465
f 5441 5440 5466
f 5440 5465 5466
f 5441 5466 5467
f 5442 5441 5467
f 5442 5467 5468
f 5443 5442 5468
f 5444 5443 5469
f 5443 5468 5469
f 5445 5444 5470
f 5444 5469 5470
f 5446 5445 5471
f 5445 5470 5471
f 5447 5446 5472
f 5446 5471 5472
f 5448 5447 5473
f 5447 5472 5473
f 5449 5448 5474
f 5448 5473 5474
f 5450 5449 5475
f 5449 5474 5475
f 5451 5450 5476
f 5450 5475 5476
f 5452 5451 5477
f 5451 5476 5477
f 5453 5452 5478
f 5452 5477 5478
f 5454 5453 5479
f 5453 5478 5479
f 5455 5454 5480
f 5454 5479 5480
f 5430 5455 5429
f 5455 5480 5429
f 5456 5429 5458
f 5457 5456 5458
f 5460 5459 5458
f 5461 5460 5458
f 5462 5461 5458
f 5463 5462 5458
f 5464 5463 5458
f 5465 5464 5458
f 5466 5465 5458
f 5467 5466 5458
f 5468 5467 5458
f 5469 5468 5458
f 5470 5469 5458
f 5471 5470 5458
f 5472 5471 5458
f 5473 5472 5458
f 5474 5473 5458
f 5475 5474 5458
f 5476 5475 5458
f 5477 5476 5458
f 5478 5477 5458
f 5479 5478 5458
f 5480 5479 5458
f 5429 5480 5458
f 5433 5430 5431
f 5433 5431 5432
f 5433 5434 5435
f 5433 5435 5436
f 5433 5436 5437
f 5433 5437 5438
f 5433 5438 5439
f 5433 5439 5440
f 5433 5440 5441
f 5433 5441 5442
f 5433 5442 5443
f 5433 5443 5444
f 5433 5444 5445
f 5433 5445 5446
f 5433 5446 5447
f 5433 5447 5448
f 5433 5448 5449
f 5433 5449 5450
f 5433 5450 5451
f 5433 5451 5452
f 5433 5452 5453
f 5433 5453 5454
f 5433 5454 5455
f 5433 5455 5430
f 5482 5481 5508
f 5483 5482 5508
f 5484 5483 5509
f 5483 5508 5509
f 5485 5484 5510
f 5484 5509 5510
f 5486 5485 5511
f 5485 5510 5511
f 5487 5486 5512
f 5486 5511 5512
f 5488 5487 5513
f 5487 5512 5513
f 5489 5488 5514
f 5488 5513 5514
f 5490 5489 5515
f 5489 5514 5515
f 5491 5490 5516
f 5490 5515 5516
f 5492 5491 5517
f 5491 5516 5517
f 5493 5492 5518
f 5492 5517 5518
f 5493 5518 5519
f 5494 5493 5519
f 5494 5519 5520
f 5495 5494 5520
f 5496 5495 5521
f 5495 5520 5521
f 5497 5496 5522
f 5496 5521 5522
f 5498 5497 5523
f 5497 5522 5523
f 5499 5498 5524
f 5498 5523 5524
f 5500 5499 5525
f 5499 5524 5525
f 5501 5500 5526
f 5500 5525 5526
f 5502 5501 5527
f 5501 5526 5527
f 5503 5502 5528
f 5502 5527 5528
f 5504 5503 5529
f 5503 5528 5529
f 5505 5504 5530
f 5504 5529 5530
f 5506 5505 5531
f 5505 5530 5531
f 5507 5506 5532
f 5506 5531 5532
f 5482 5507 5481
f 5507 5532 5481
f 5508 5481 5510
f 5509 5508 5510
f 5512 5511 5510
f 5513 5512 5510
f 5514 5513 5510
f 5515 5514 5510
f 5516 5515 5510
f 5517 5516 5510
f 5518 5517 5510
f 5519 5518 5510
f 5520 5519 5510
f 5521 5520 5510
f 5522 5521 5510
f 5523 5522 5510
f 5524 5523 5510
f 5525 5524 5510
f 5526 5525 5510
f 5527 5526 5510
f 5528 5527 5510
f 5529 5528 5510
f 5530 5529 5510
f 5531 5530 5510
f 5532 5531 5510
f 5481 5532 5510
f 5485 5482 5483
f 5485 5483 5484
f 5485 5486 5487
f 5485 5487 5488
f 5485 5488 5489
f 5485 5489 5490
f 5485 5490 5491
f 5485 5491 5492
f 5485 5492 5493
f 5485 5493 5494
f 5485 5494 5495
f 5485 5495 5496
f 5485 5496 5497
f 5485 5497 5498
f 5485 5498 5499
f 5485 5499 5500
f 5485 5500 5501
f 5485 5501 5502
f 5485 5502 5503
f 5485 5503 5504
f 5485 5504 5505
f 5485 5505 5506
f 5485 5506 5507
f 5485 5507 5482
f 5534 5533 5560
f 5535 5534 5560
f 5536 5535 5561
f 5535 5560 5561
f 5537 5536 5562
f 5536 5561 5562
f 5538 5537 5563
f 5537 5562 5563
f 5539 5538 5564
f 5538 5563 5564
f 5540 5539 5565
f 5539 5564 5565
f 5541 5540 5566
f 5540 5565 5566
f 5542 5541 5567
f 5541 5566 5567
f 5543 5542 5568
f 5542 5567 5568
f 5544 5543 5569
f 5543 5568 5569
f 5545 5544 5570
f 5544 5569 5570
f 5545 5570 5571
f 5546 5545 5571
f 5546 5571 5572
f 5547 5546 5572
f 5548 5547 5573
f 5547 5572 5573
f 5549 5548 5574
f 5548 5573 5574
f 5550 5549 5575
f 5549 5574 5575
f 5551 5550 5576
f 5550 5575 5576
f 5552 5551 5577
f 5551 5576 5577
f 5553 5552 5578
f 5552 5577 5578
f 5554 5553 5579
f 5553 5578 5579
f 5555 5554 5580
f 5554 5579 5580
f 5556 5555 5581
f 5555 5580 5581
f 5557 5556 5582
f 5556 5581 5582
f 5558 5557 5583
f 5557 5582 5583
f 5559 5558 5584
f 5558 5583 5584
f 5534 5559 5533
f 5559 5584 5533
f 5560 5533 5562
f 5561 5560 5562
f 5564 5563 5562
f 5565 5564 5562
f 5566 5565 5562
f 5567 5566 5562
f 5568 5567 5562
f 5569 5568 5562
f 5570 5569 5562
f 5571 5570 5562
f 5572 5571 5562
f 5573 5572 5562
f 5574 5573 5562
f 5575 5574 5562
f 5576 5575 5562
f 5577 5576 5562
f 5578 5577 5562
f 5579 5578 5562
f 5580 5579 5562
f 5581 5580 5562
f 5582 5581 5562
f 5583 5582 5562
f 5584 5583 5562
f 5533 5584 5562
f 5537 5534 5535
f 5537 5535 5536
f 5537 5538 5539
f 5537 5539 5540
f 5537 5540 5541
f 5537 5541 5542
f 5537 5542 5543
f 5537 5543 5544
f 5537 5544 5545
f 5537 5545 5546
f 5537 5546 5547
f 5537 5547 5548
f 5537 5548 5549
f 5537 5549 5550
f 5537 5550 5551
f 5537 5551 5552
f 5537 5552 5553
f 5537 5553 5554
f 5537 5554 5555
f 5537 5555 5556
f 5537 5556 5557
f 5537 5557 5558
f 5537 5558 5559
f 5537 5559 5534
f 5586 5585 5612
f 5587 5586 5612
f 5588 5587 5613
f 5587 5612 5613
f 5589 5588 5614
f 5588 5613 5614
f 5590 5589 5615
f 5589 5614 5615
f 5591 5590 5616
f 5590 5615 5616
f 5592 5591 5617
f 5591 5616 5617
f 5593 5592 5618
f 5592 5617 5618
f 5594 5593 5619
f 5593 5618 5619
f 5595 5594 5620
f 5594 5619 5620
f 5596 5595 5621
f 5595 5620 5621
f 5597 5596 5622
f 5596 5621 5622
f 5597 5622 5623
f 5598 5597 5623
f 5598 5623 5624
f 5599 5598 5624
f 5600 5599 5625
f 5599 5624 5625
f 5601 5600 5626
f 5600 5625 5626
f 5602 5601 5627
f 5601 5626 5627
f 5603 5602 5628
f 5602 5627 5628
f 5604 5603 5629
f 5603 5628 5629
f 5605 5604 5630
f 5604 5629 5630
f 5606 5605 5631
f 5605 5630 5631
f 5607 5606 5632
f 5606 5631 5632
f 5608 5607 5633
f 5607 5632 5633
f 5609 5608 5634
f 5608 5633 5634
f 5610 5609 5635
f 5609 5634 5635
f 5611 5610 5636
f 5610 5635 5636
f 5586 5611 5585
f 5611 5636 5585
f 5612 5585 5614
f 5613 5612 5614
f 5616 5615 5614
f 5617 5616 5614
f 5618 5617 5614
f 5619 5618 5614
f 5620 5619 5614
f 5621 5620 5614
f 5622 5621 5614
f 5623 5622 5614
f 5624 5623 5614
f 5625 5624 5614
f 5626 5625 5614
f 5627 5626 5614
f 5628 5627 5614
f 5629 5628 5614
f 5630 5629 5614
f 5631 5630 5614
f 5632 5631 5614
f 5633 5632 5614
f 5634 5633 5614
f 5635 5634 5614
f 5636 5635 5614
f 5585 5636 5614
f 5589 5586 5587
f 5589 5587 5588
f 5589 5590 5591
f 5589 5591 5592
f 5589 5592 5593
f 5589 5593 5594
f 5589 5594 5595
f 5589 5595 5596
f 5589 5596 5597
f 5589 5597 5598
f 5589 5598 5599
f 5589 5599 5600
f 5589 5600 5601
f 5589 5601 5602
f 5589 5602 5603
f 5589 5603 5604
f 5589 5604 5605
f 5589 5605 5606
f 5589 5606 5607
f 5589 5607 5608
f 5589 5608 5609
f 5589 5609 5610
f 5589 5610 5611
f 5589 5611 5586
f 5638 5637 5664
f 5639 5638 5664
f 5640 5639 5665
f 5639 5664 5665
f 5641 5640 5666
f 5640 5665 5666
f 5642 5641 5667
f 5641 5666 5667
f 5643 5642 5668
f 5642 5667 5668
f 5644 5643 5669
f 5643 5668 5669
f 5645 5644 5670
f 5644 5669 5670
f 5646 5645 5671
f 5645 5670 5671
f 5647 5646 5672
f 5646 5671 5672
f 5648 5647 5673
f 5647 5672 5673
f 5649 5648 5674
f 5648 5673 5674
f 5649 5674 5675
f 5650 5649 5675
f 5650 5675 5676
f 5651 5650 5676
f 5652 5651 5677
f 5651 5676 5677
f 5653 5652 5678
f 5652 5677 5678
f 5654 5653 5679
f 5653 5678 5679
f 5655 5654 5680
f 5654 5679 5680
f 5656 5655 5681
f 5655 5680 5681
f 5657 5656 5682
f 5656 5681 5682
f 5658 5657 5683
f 5657 5682 5683
f 5659 5658 5684
f 5658 5683 5684
f 5660 5659 5685
f 5659 5684 5685
f 5661 5660 5686
f 5660 5685 5686
f 5662 5661 5687
f 5661 5686 5687
f 5663 5662 5688
f 5662 5687 5688
f 5638 5663 5637
f 5663 5688 5637
f 5664 5637 5666
f 5665 5664 5666
f 5668 5667 5666
f 5669 5668 5666
f 5670 5669 5666
f 5671 5670 5666
f 5672 5671 5666
f 5673 5672 5666
f 5674 5673 5666
f 5675 5674 5666
f 5676 5675 5666
f 5677 5676 5666
f 5678 5677 5666
f 5679 5678 5666
f 5680 5679 5666
f 5681 5680 5666
f 5682 5681 5666
f 5683 5682 5666
f 5684 5683 5666
f 5685 5684 5666
f 5686 5685 5666
f 5687 5686 5666
f 5688 5687 5666
f 5637 5688 5666
f 5641 5638 5639
f 5641 5639 5640
f 5641 5642 5643
f 5641 5643 5644
f 5641 5644 5645
f 5641 5645 5646
f 5641 5646 5647
f 5641 5647 5648
f 5641 5648 5649
f 5641 5649 5650
f 5641 5650 5651
f 5641 5651 5652
f 5641 5652 5653
f 5641 5653 5654
f 5641 5654 5655
f 5641 5655 5656
f 5641 5656 5657
f 5641 5657 5658
f 5641 5658 5659
f 5641 5659 5660
f 5641 5660 5661
f 5641 5661 5662
f 5641 5662 5663
f 5641 5663 5638
f 5690 5689 5716
f 5691 5690 5716
f 5692 5691 5717
f 5691 5716 5717
f 5693 5692 5718
f 5692 5717 5718
f 5694 5693 5719
f 5693 5718 5719
f 5695 5694 5720
f 5694 5719 5720
f 5696 5695 5721
f 5695 5720 5721
f 5697 5696 5722
f 5696 5721 5722
f 5698 5697 5723
f 5697 5722 5723
f 5699 5698 5724
f 5698 5723 5724
f 5700 5699 5725
f 5699 5724 5725
f 5701 5700 5726
f 5700 5725 5726
f 5701 5726 5727
f 5702 5701 5727
f 5702 5727 5728
f 5703 5702 5728
f 5704 5703 5729
f 5703 5728 5729
f 5705 5704 5730
f 5704 5729 5730
f 5706 5705 5731
f 5705 5730 5731
f 5707 5706 5732
f 5706 5731 5732
f 5708 5707 5733
f 5707 5732 5733
f 5709 5708 5734
f 5708 5733 5734
f 5710 5709 5735
f 5709 5734 5735
f 5711 5710 5736
f 5710 5735 5736
f 5712 5711 5737
f 5711 5736 5737
f 5713 5712 5738
f 5712 5737 5738
f 5714 5713 5739
f 5713 5738 5739
f 5715 5714 5740
f 5714 5739 5740
f 5690 5715 5689
f 5715 5740 5689
f 5716 5689 5718
f 5717 5716 5718
f 5720 5719 5718
f 5721 5720 5718
f 5722 5721 5718
f 5723 5722 5718
f 5724 5723 5718
f 5725 5724 5718
f 5726 5725 5718
f 5727 5726 5718
f 5728 5727 5718
f 5729 5728 5718
f 5730 5729 5718
f 5731 5730 5718
f 5732 5731 5718
f 5733 5732 5718
f 5734 5733 5718
f 5735 5734 5718
f 5736 5735 5718
f 5737 5736 5718
f 5738 5737 5718
f 5739 5738 5718
f 5740 5739 5718
f 5689 5740 5718
f 5693 5690 5691
f 5693 5691 5692
f 5693 5694 5695
f 5693 5695 5696
f 5693 5696 5697
f 5693 5697 5698
f 5693 5698 5699
f 5693 5699 5700
f 5693 5700 5701
f 5693 5701 5702
f 5693 5702 5703
f 5693 5703 5704
f 5693 5704 5705
f 5693 5705 5706
f 5693 5706 5707
f 5693 5707 5708
f 5693 5708 5709
f 5693 5709 5710
f 5693 5710 5711
f 5693 5711 5712
f 5693 5712 5713
f 5693 5713 5714
f 5693 5714 5715
f 5693 5715 5690
f 5742 5741 5768
f 5743 5742 5768
f 5744 5743 5769
f 5743 5768 5769
f 5745 5744 5770
f 5744 5769 5770
f 5746 5745 5771
f 5745 5770 5771
f 5747 5746 5772
f 5746 5771 5772
f 5748 5747 5773
f 5747 5772 5773
f 5749 5748 5774
f 5748 5773 5774
f 5750 5749 5775
f 5749 5774 5775
f 5751 5750 5776
f 5750 5775 5776
f 5752 5751 5777
f 5751 5776 5777
f 5753 5752 5778
f 5752 5777 5778
f 5753 5778 5779
f 5754 5753 5779
f 5754 5779 5780
f 5755 5754 5780
f 5756 5755 5781
f 5755 5780 5781
f 5757 5756 5782
f 5756 5781 5782
f 5758 5757 5783
f 5757 5782 5783
f 5759 5758 5784
f 5758 5783 5784
f 5760 5759 5785
f 5759 5784 5785
f 5761 5760 5786
f 5760 5785 5786
f 5762 5761 5787
f 5761 5786 5787
f 5763 5762 5788
f 5762 5787 5788
f 5764 5763 5789
f 5763 5788 5789
f 5765 5764 5790
f 5764 5789 5790
f 5766 5765 5791
f 5765 5790 5791
f 5767 5766 5792
f 5766 5791 5792
f 5742 5767 5741
f 5767 5792 5741
f 5768 5741 5770
f 5769 5768 5770
f 5772 5771 5770
f 5773 5772 5770
f 5774 5773 5770
f 5775 5774 5770
f 5776 5775 5770
f 5777 5776 5770
f 5778 5777 5770
f 5779 5778 5770
f 5780 5779 5770
f 5781 5780 5770
f 5782 5781 5770
f 5783 5782 5770
f 5784 5783 5770
f 5785 5784 5770
f 5786 5785 5770
f 5787 5786 5770
f 5788 5787 5770
f 5789 5788 5770
f 5790 5789 5770
f 5791 5790 5770
f 5792 5791 5770
f 5741 5792 5770
f 5745 5742 5743
f 5745 5743 5744
f 5745 5746 5747
f 5745 5747 5748
f 5745 5748 5749
f 5745 5749 5750
f 5745 5750 5751
f 5745 5751 5752
f 5745 5752 5753
f 5745 5753 5754
f 5745 5754 5755
f 5745 5755 5756
f 5745 5756 5757
f 5745 5757 5758
f 5745 5758 5759
f 5745 5759 5760
f 5745 5760 5761
f 5745 5761 5762
f 5745 5762 5763
f 5745 5763 5764
f 5745 5764 5765
f 5745 5765 5766
f 5745 5766 5767
f 5745 5767 5742
f 5794 5793 5820
f 5795 5794 5820
f 5796 5795 5821
f 5795 5820 5821
f 5797 5796 5822
f 5796 5821 5822
f 5798 5797 5823
f 5797 5822 5823
f 5799 5798 5824
f 5798 5823 5824
f 5800 5799 5825
f 5799 5824 5825
f 5801 5800 5826
f 5800 5825 5826
f 5802 5801 5827
f 5801 5826 5827
f 5803 5802 5828
f 5802 5827 5828
f 5804 5803 5829
f 5803 5828 5829
f 5805 5804 5830
f 5804 5829 5830
f 5805 5830 5831
f 5806 5805 5831
f 5806 5831 5832
f 5807 5806 5832
f 5808 5807 5833
f 5807 5832 5833
f 5809 5808 5834
f 5808 5833 5834
f 5810 5809 5835
f 5809 5834 5835
f 5811 5810 5836
f 5810 5835 5836
f 5812 5811 5837
f 5811 5836 5837
f 5813 5812 5838
f 5812 5837 5838
f 5814 5813 5839
f 5813 5838 5839
f 5815 5814 5840
f 5814 5839 5840
f 5816 5815 5841
f 5815 5840 5841
f 5817 5816 5842
f 5816 5841 5842
f 5818 5817 5843
f 5817 5842 5843
f 5819 5818 5844
f 5818 5843 5844
f 5794 5819 5793
f 5819 5844 5793
f 5820 5793 5822
f 5821 5820 5822
f 5824 5823 5822
f 5825 5824 5822
f 5826 5825 5822
f 5827 5826 5822
f 5828 5827 5822
f 5829 5828 5822
f 5830 5829 5822
f 5831 5830 5822
f 5832 5831 5822
f 5833 5832 5822
f 5834 5833 5822
f 5835 5834 5822
f 5836 5835 5822
f 5837 5836 5822
f 5838 5837 5822
f 5839 5838 5822
f 5840 5839 5822
f 5841 5840 5822
f 5842 5841 5822
f 5843 5842 5822
f 5844 5843 5822
f 5793 5844 5822
f 5797 5794 5795
f 5797 5795 5796
f 5797 5798 5799
f 5797 5799 5800
f 5797 5800 5801
f 5797 5801 5802
f 5797 5802 5803
f 5797 5803 5804
f 5797 5804 5805
f 5797 5805 5806
f 5797 5806 5807
f 5797 5807 5808
f 5797 5808 5809
f 5797 5809 5810
f 5797 5810 5811
f 5797 5811 5812
f 5797 5812 5813
f 5797 5813 5814
f 5797 5814 5815
f 5797 5815 5816
f 5797 5816 5817
f 5797 5817 5818
f 5797 5818 5819
f 5797 5819 5794
f 5846 5845 5872
f 5847 5846 5872
f 5848 5847 5873
f 5847 5872 5873
f 5849 5848 5874
f 5848 5873 5874
f 5850 5849 5875
f 5849 5874 5875
f 5851 5850 5876
f 5850 5875 5876
f 5852 5851 5877
f 5851 5876 5877
f 5853 5852 5878
f 5852 5877 5878
f 5854 5853 5879
f 5853 5878 5879
f 5855 5854 5880
f 5854 5879 5880
f 5856 5855 5881
f 5855 5880 5881
f 5857 5856 5882
f 5856 5881 5882
f 5857 5882 5883
f 5858 5857 5883
f 5858 5883 5884
f 5859 5858 5884
f 5860 5859 5885
f 5859 5884 5885
f 5861 5860 5886
f 5860 5885 5886
f 5862 5861 5887
f 5861 5886 5887
f 5863 5862 5888
f 5862 5887 5888
f 5864 5863 5889
f 5863 5888 5889
f 5865 5864 5890
f 5864 5889 5890
f 5866 5865 5891
f 5865 5890 5891
f 5867 5866 5892
f 5866 5891 5892
f 5868 5867 5893
f 5867 5892 5893
f 5869 5868 5894
f 5868 5893 5894
f 5870 5869 5895
f 5869 5894 5895
f 5871 5870 5896
f 5870 5895 5896
f 5846 5871 5845
f 5871 5896 5845
f 5872 5845 5874
f 5873 5872 5874
f 5876 5875 5874
f 5877 5876 5874
f 5878 5877 5874
f 5879 5878 5874
f 5880 5879 5874
f 5881 5880 5874
f 5882 5881 5874
f 5883 5882 5874
f 5884 5883 5874
f 5885 5884 5874
f 5886 5885 5874
f 5887 5886 5874
f 5888 5887 5874
f 5889 5888 5874
f 5890 5889 5874
f 5891 5890 5874
f 5892 5891 5874
f 5893 5892 5874
f 5894 5893 5874
f 5895 5894 5874
f 5896 5895 5874
f 5845 5896 5874
f 5849 5846 5847
f 5849 5847 5848
f 5849 5850 5851
f 5849 5851 5852
f 5849 5852 5853
f 5849 5853 5854
f 5849 5854 5855
f 5849 5855 5856
f 5849 5856 5857
f 5849 5857 5858
f 5849 5858 5859
f 5849 5859 5860
f 5849 5860 5861
f 5849 5861 5862
f 5849 5862 5863
f 5849 5863 5864
f 5849 5864 5865
f 5849 5865 5866
f 5849 5866 5867
f 5849 5867 5868
f 5849 5868 5869
f 5849 5869 5870
f 5849 5870 5871
f 5849 5871 5846
f 5898 5897 5924
f 5899 5898 5924
f 5900 5899 5925
f 5899 5924 5925
f 5901 5900 5926
f 5900 5925 5926
f 5902 5901 5927
f 5901 5926 5927
f 5903 5902 5928
f 5902 5927 5928
f 5904 5903 5929
f 5903 5928 5929
f 5905 5904 5930
f 5904 5929 5930
f 5906 5905 5931
f 5905 5930 5931
f 5907 5906 5932
f 5906 5931 5932
f 5908 5907 5933
f 5907 5932 5933
f 5909 5908 5934
f 5908 5933 5934
f 5909 5934 5935
f 5910 5909 5935
f 5910 5935 5936
f 5911 5910 5936
f 5912 5911 5937
f 5911 5936 5937
f 5913 5912 5938
f 5912 5937 5938
f 5914 5913 5939
f 5913 5938 5939
f 5915 5914 5940
f 5914 5939 5940
f 5916 5915 5941
f 5915 5940 5941
f 5917 5916 5942
f 5916 5941 5942
f 5918 5917 5943
f 5917 5942 5943
f 5919 5918 5944
f 5918 5943 5944
f 5920 5919 5945
f 5919 5944 5945
f 5921 5920 5946
f 5920 5945 5946
f 5922 5921 5947
f 5921 5946 5947
f 5923 5922 5948
f 5922 5947 5948
f 5898 5923 5897
f 5923 5948 5897
f 5924 5897 5926
f 5925 5924 5926
f 5928 5927 5926
f 5929 5928 5926
f 5930 5929 5926
f 5931 5930 5926
f 5932 5931 5926
f 5933 5932 5926
f 5934 5933 5926
f 5935 5934 5926
f 5936 5935 5926
f 5937 5936 5926
f 5938 5937 5926
f 5939 5938 5926
f 5940 5939 5926
f 5941 5940 5926
f 5942 5941 5926
f 5943 5942 5926
f 5944 5943 5926
f 5945 5944 5926
f 5946 5945 5926
f 5947 5946 5926
f 5948 5947 5926
f 5897 5948 5926
f 5901 5898 5899
f 5901 5899 5900
f 5901 5902 5903
f 5901 5903 5904
f 5901 5904 5905
f 5901 5905 5906
f 5901 5906 5907
f 5901 5907 5908
f 5901 5908 5909
f 5901 5909 5910
f 5901 5910 5911
f 5901 5911 5912
f 5901 5912 5913
f 5901 5913 5914
f 5901 5914 5915
f 5901 5915 5916
f 5901 5916 5917
f 5901 5917 5918
f 5901 5918 5919
f 5901 5919 5920
f 5901 5920 5921
f 5901 5921 5922
f 5901 5922 5923
f 5901 5923 5898
f 5950 5949 5976
f 5951 5950 5976
f 5952 5951 5977
f 5951 5976 5977
f 5953 5952 5978
f 5952 5977 5978
f 5954 5953 5979
f 5953 5978 5979
f 5955 5954 5980
f 5954 5979 5980
f 5956 5955 5981
f 5955 5980 5981
f 5957 5956 5982
f 5956 5981 5982
f 5958 5957 5983
f 5957 5982 5983
f 5959 5958 5984
f 5958 5983 5984
f 5960 5959 5985
f 5959 5984 5985
f 5961 5960 5986
f 5960 5985 5986
f 5961 5986 5987
f 5962 5961 5987
f 5962 5987 5988
f 5963 5962 5988
f 5964 5963 5989
f 5963 5988 5989
f 5965 5964 5990
f 5964 5989 5990
f 5966 5965 5991
f 5965 5990 5991
f 5967 5966 5992
f 5966 5991 5992
f 5968 5967 5993
f 5967 5992 5993
f 5969 5968 5994
f 5968 5993 5994
f 5970 5969 5995
f 5969 5994 5995
f 5971 5970 5996
f 5970 5995 5996
f 5972 5971 5997
f 5971 5996 5997
f 5973 5972 5998
f 5974 5973 5998
f 5972 5997 5998
f 5974 5998 5999
f 5975 5974 6000
f 5974 5999 6000
f 5975 6000 5949
f 5950 5975 5949
f 5976 5949 5978
f 5977 5976 5978
f 5980 5979 5978
f 5981 5980 5978
f 5982 5981 5978
f 5983 5982 5978
f 5984 5983 5978
f 5985 5984 5978
f 5986 5985 5978
f 5987 5986 5978
f 5988 5987 5978
f 5989 5988 5978
f 5990 5989 5978
f 5991 5990 5978
f 5992 5991 5978
f 5993 5992 5978
f 5994 5993 5978
f 5995 5994 5978
f 5996 5995 5978
f 5997 5996 5978
f 5998 5997 5978
f 5999 5998 5978
f 6000 5999 5978
f 5949 6000 5978
f 5953 5950 5951
f 5953 5951 5952
f 5953 5954 5955
f 5953 5955 5956
f 5953 5956 5957
f 5953 5957 5958
f 5953 5958 5959
f 5953 5959 5960
f 5953 5960 5961
f 5953 5961 5962
f 5953 5962 5963
f 5953 5963 5964
f 5953 5964 5965
f 5953 5965 5966
f 5953 5966 5967
f 5953 5967 5968
f 5953 5968 5969
f 5953 5969 5970
f 5953 5970 5971
f 5953 5971 5972
f 5953 5972 5973
f 5953 5973 5974
f 5953 5974 5975
f 5953 5975 5950
f 6002 6001 6028
f 6003 6002 6028
f 6004 6003 6029
f 6003 6028 6029
f 6005 6004 6030
f 6004 6029 6030
f 6006 6005 6031
f 6005 6030 6031
f 6007 6006 6032
f 6006 6031 6032
f 6008 6007 6033
f 6007 6032 6033
f 6009 6008 6034
f 6008 6033 6034
f 6010 6009 6035
f 6009 6034 6035
f 6011 6010 6036
f 6010 6035 6036
f 6012 6011 6037
f 6011 6036 6037
f 6013 6012 6038
f 6012 6037 6038
f 6013 6038 6039
f 6014 6013 6039
f 6014 6039 6040
f 6015 6014 6040
f 6016 6015 6041
f 6015 6040 6041
f 6017 6016 6042
f 6016 6041 6042
f 6018 6017 6043
f 6017 6042 6043
f 6019 6018 6044
f 6018 6043 6044
f 6020 6019 6045
f 6019 6044 6045
f 6021 6020 6046
f 6020 6045 6046
f 6022 6021 6047
f 6021 6046 6047
f 6023 6022 6048
f 6022 6047 6048
f 6024 6023 6049
f 6023 6048 6049
f 6025 6024 6050
f 6026 6025 6050
f 6024 6049 6050
f 6026 6050 6051
f 6027 6026 6052
f 6026 6051 6052
f 6027 6052 6001
f 6002 6027 6001
f 6028 6001 6030
f 6029 6028 6030
f 6032 6031 6030
f 6033 6032 6030
f 6034 6033 6030
f 6035 6034 6030
f 6036 6035 6030
f 6037 6036 6030
f 6038 6037 6030
f 6039 6038 6030
f 6040 6039 6030
f 6041 6040 6030
f 6042 6041 6030
f 6043 6042 6030
f 6044 6043 6030
f 6045 6044 6030
f 6046 6045 6030
f 6047 6046 6030
f 6048 6047 6030
f 6049 6048 6030
f 6050 6049 6030
f 6051 6050 6030
f 6052 6051 6030
f 6001 6052 6030
f 6005 6002 6003
f 6005 6003 6004
f 6005 6006 6007
f 6005 6007 6008
f 6005 6008 6009
f 6005 6009 6010
f 6005 6010 6011
f 6005 6011 6012
f 6005 6012 6013
f 6005 6013 6014
f 6005 6014 6015
f 6005 6015 6016
f 6005 6016 6017
f 6005 6017 6018
f 6005 6018 6019
f 6005 6019 6020
f 6005 6020 6021
f 6005 6021 6022
f 6005 6022 6023
f 6005 6023 6024
f 6005 6024 6025
f 6005 6025 6026
f 6005 6026 6027
f 6005 6027 6002
f 6054 6053 6080
f 6055 6054 6080
f 6056 6055 6081
f 6055 6080 6081
f 6057 6056 6082
f 6056 6081 6082
f 6058 6057 6083
f 6057 6082 6083
f 6059 6058 6084
f 6058 6083 6084
f 6060 6059 6085
f 6059 6084 6085
f 6061 6060 6086
f 6060 6085 6086
f 6062 6061 6087
f 6061 6086 6087
f 6063 6062 6088
f 6062 6087 6088
f 6064 6063 6089
f 6063 6088 6089
f 6065 6064 6090
f 6064 6089 6090
f 6065 6090 6091
f 6066 6065 6091
f 6066 6091 6092
f 6067 6066 6092
f 6068 6067 6093
f 6067 6092 6093
f 6069 6068 6094
f 6068 6093 6094
f 6070 6069 6095
f 6069 6094 6095
f 6071 6070 6096
f 6070 6095 6096
f 6072 6071 6097
f 6071 6096 6097
f 6073 6072 6098
f 6072 6097 6098
f 6074 6073 6099
f 6073 6098 6099
f 6075 6074 6100
f 6074 6099 6100
f 6076 6075 6101
f 6075 6100 6101
f 6077 6076 6102
f 6078 6077 6102
f 6076 6101 6102
f 6078 6102 6103
f 6079 6078 6104
f 6078 6103 6104
f 6079 6104 6053
f 6054 6079 6053
f 6080 6053 6082
f 6081 6080 6082
f 6084 6083 6082
f 6085 6084 6082
f 6086 6085 6082
f 6087 6086 6082
f 6088 6087 6082
f 6089 6088 6082
f 6090 6089 6082
f 6091 6090 6082
f 6092 6091 6082
f 6093 6092 6082
f 6094 6093 6082
f 6095 6094 6082
f 6096 6095 6082
f 6097 6096 6082
f 6098 6097 6082
f 6099 6098 6082
f 6100 6099 6082
f 6101 6100 6082
f 6102 6101 6082
f 6103 6102 6082
f 6104 6103 6082
f 6053 6104 6082
f 6057 6054 6055
f 6057 6055 6056
f 6057 6058 6059
f 6057 6059 6060
f 6057 6060 6061
f 6057 6061 6062
f 6057 6062 6063
f 6057 6063 6064
f 6057 6064 6065
f 6057 6065 6066
f 6057 6066 6067
f 6057 6067 6068
f 6057 6068 6069
f 6057 6069 6070
f 6057 6070 6071
f 6057 6071 6072
f 6057 6072 6073
f 6057 6073 6074
f 6057 6074 6075
f 6057 6075 6076
f 6057 6076 6077
f 6057 6077 6078
f 6057 6078 6079
f 6057 6079 6054
f 6106 6105 6132
f 6107 6106 6132
f 6108 6107 6133
f 6107 6132 6133
f 6109 6108 6134
f 6108 6133 6134
f 6110 6109 6135
f 6109 6134 6135
f 6111 6110 6136
f 6110 6135 6136
f 6112 6111 6137
f 6111 6136 6137
f 6113 6112 6138
f 6112 6137 6138
f 6114 6113 6139
f 6113 6138 6139
f 6115 6114 6140
f 6114 6139 6140
f 6116 6115 6141
f 6115 6140 6141
f 6117 6116 6142
f 6116 6141 6142
f 6117 6142 6143
f 6118 6117 6143
f 6118 6143 6144
f 6119 6118 6144
f 6120 6119 6145
f 6119 6144 6145
f 6121 6120 6146
f 6120 6145 6146
f 6122 6121 6147
f 6121 6146 6147
f 6123 6122 6148
f 6122 6147 6148
f 6124 6123 6149
f 6123 6148 6149
f 6125 6124 6150
f 6124 6149 6150
f 6126 6125 6151
f 6125 6150 6151
f 6127 6126 6152
f 6126 6151 6152
f 6128 6127 6153
f 6127 6152 6153
f 6129 6128 6154
f 6130 6129 6154
f 6128 6153 6154
f 6130 6154 6155
f 6131 6130 6156
f 6130 6155 6156
f 6131 6156 6105
f 6106 6131 6105
f 6132 6105 6134
f 6133 6132 6134
f 6136 6135 6134
f 6137 6136 6134
f 6138 6137 6134
f 6139 6138 6134
f 6140 6139 6134
f 6141 6140 6134
f 6142 6141 6134
f 6143 6142 6134
f 6144 6143 6134
f 6145 6144 6134
f 6146 6145 6134
f 6147 6146 6134
f 6148 6147 6134
f 6149 6148 6134
f 6150 6149 6134
f 6151 6150 6134
f 6152 6151 6134
f 6153 6152 6134
f 6154 6153 6134
f 6155 6154 6134
f 6156 6155 6134
f 6105 6156 6134
f 6109 6106 6107
f 6109 6107 6108
f 6109 6110 6111
f 6109 6111 6112
f 6109 6112 6113
f 6109 6113 6114
f 6109 6114 6115
f 6109 6115 6116
f 6109 6116 6117
f 6109 6117 6118
f 6109 6118 6119
f 6109 6119 6120
f 6109 6120 6121
f 6109 6121 6122
f 6109 6122 6123
f 6109 6123 6124
f 6109 6124 6125
f 6109 6125 6126
f 6109 6126 6127
f 6109 6127 6128
f 6109 6128 6129
f 6109 6129 6130
f 6109 6130 6131
f 6109 6131 6106
f 6158 6157 6184
f 6159 6158 6184
f 6160 6159 6185
f 6159 6184 6185
f 6161 6160 6186
f 6160 6185 6186
f 6162 6161 6187
f 6161 6186 6187
f 6163 6162 6188
f 6162 6187 6188
f 6164 6163 6189
f 6163 6188 6189
f 6165 6164 6190
f 6164 6189 6190
f 6166 6165 6191
f 6165 6190 6191
f 6167 6166 6192
f 6166 6191 6192
f 6168 6167 6193
f 6167 6192 6193
f 6169 6168 6194
f 6168 6193 6194
f 6169 6194 6195
f 6170 6169 6195
f 6170 6195 6196
f 6171 6170 6196
f 6172 6171 6197
f 6171 6196 6197
f 6173 6172 6198
f 6172 6197 6198
f 6174 6173 6199
f 6173 6198 6199
f 6175 6174 6200
f 6174 6199 6200
f 6176 6175 6201
f 6175 6200 6201
f 6177 6176 6202
f 6176 6201 6202
f 6178 6177 6203
f 6177 6202 6203
f 6179 6178 6204
f 6178 6203 6204
f 6180 6179 6205
f 6179 6204 6205
f 6181 6180 6206
f 6182 6181 6206
f 6180 6205 6206
f 6182 6206 6207
f 6183 6182 6208
f 6182 6207 6208
f 6183 6208 6157
f 6158 6183 6157
f 6184 6157 6186
f 6185 6184 6186
f 6188 6187 6186
f 6189 6188 6186
f 6190 6189 6186
f 6191 6190 6186
f 6192 6191 6186
f 6193 6192 6186
f 6194 6193 6186
f 6195 6194 6186
f 6196 6195 6186
f 6197 6196 6186
f 6198 6197 6186
f 6199 6198 6186
f 6200 6199 6186
f 6201 6200 6186
f 6202 6201 6186
f 6203 6202 6186
f 6204 6203 6186
f 6205 6204 6186
f 6206 6205 6186
f 6207 6206 6186
f 6208 6207 6186
f 6157 6208 6186
f 6161 6158 6159
f 6161 6159 6160
f 6161 6162 6163
f 6161 6163 6164
f 6161 6164 6165
f 6161 6165 6166
f 6161 6166 6167
f 6161 6167 6168
f 6161 6168 6169
f 6161 6169 6170
f 6161 6170 6171
f 6161 6171 6172
f 6161 6172 6173
f 6161 6173 6174
f 6161 6174 6175
f 6161 6175 6176
f 6161 6176 6177
f 6161 6177 6178
f 6161 6178 6179
f 6161 6179 6180
f 6161 6180 6181
f 6161 6181 6182
f 6161 6182 6183
f 6161 6183 6158
f 6210 6209 6236
f 6211 6210 6236
f 6212 6211 6237
f 6211 6236 6237
f 6213 6212 6238
f 6212 6237 6238
f 6214 6213 6239
f 6213 6238 6239
f 6215 6214 6240
f 6214 6239 6240
f 6216 6215 6241
f 6215 6240 6241
f 6217 6216 6242
f 6216 6241 6242
f 6218 6217 6243
f 6217 6242 6243
f 6219 6218 6244
f 6218 6243 6244
f 6220 6219 6245
f 6219 6244 6245
f 6221 6220 6246
f 6220 6245 6246
f 6221 6246 6247
f 6222 6221 6247
f 6222 6247 6248
f 6223 6222 6248
f 6224 6223 6249
f 6223 6248 6249
f 6225 6224 6250
f 6224 6249 6250
f 6226 6225 6251
f 6225 6250 6251
f 6227 6226 6252
f 6226 6251 6252
f 6228 6227 6253
f 6227 6252 6253
f 6229 6228 6254
f 6228 6253 6254
f 6230 6229 6255
f 6229 6254 6255
f 6231 6230 6256
f 6230 6255 6256
f 6232 6231 6257
f 6231 6256 6257
f 6233 6232 6258
f 6234 6233 6258
f 6232 6257 6258
f 6234 6258 6259
f 6235 6234 6260
f 6234 6259 6260
f 6235 6260 6209
f 6210 6235 6209
f 6236 6209 6238
f 6237 6236 6238
f 6240 6239 6238
f 6241 6240 6238
f 6242 6241 6238
f 6243 6242 6238
f 6244 6243 6238
f 6245 6244 6238
f 6246 6245 6238
f 6247 6246 6238
f 6248 6247 6238
f 6249 6248 6238
f 6250 6249 6238
f 6251 6250 6238
f 6252 6251 6238
f 6253 6252 6238
f 6254 6253 6238
f 6255 6254 6238
f 6256 6255 6238
f 6257 6256 6238
f 6258 6257 6238
f 6259 6258 6238
f 6260 6259 6238
f 6209 6260 6238
f 6213 6210 6211
f 6213 6211 6212
f 6213 6214 6215
f 6213 6215 6216
f 6213 6216 6217
f 6213 6217 6218
f 6213 6218 6219
f 6213 6219 6220
f 6213 6220 6221
f 6213 6221 6222
f 6213 6222 6223
f 6213 6223 6224
f 6213 6224 6225
f 6213 6225 6226
f 6213 6226 6227
f 6213 6227 6228
f 6213 6228 6229
f 6213 6229 6230
f 6213 6230 6231
f 6213 6231 6232
f 6213 6232 6233
f 6213 6233 6234
f 6213 6234 6235
f 6213 6235 6210
f 6262 6261 6288
f 6263 6262 6288
f 6264 6263 6289
f 6263 6288 6289
f 6265 6264 6290
f 6264 6289 6290
f 6266 6265 6291
f 6265 6290 6291
f 6267 6266 6292
f 6266 6291 6292
f 6268 6267 6293
f 6267 6292 6293
f 6269 6268 6294
f 6268 6293 6294
f 6270 6269 6295
f 6269 6294 6295
f 6271 6270 6296
f 6270 6295 6296
f 6272 6271 6297
f 6271 6296 6297
f 6273 6272 6298
f 6272 6297 6298
f 6273 6298 6299
f 6274 6273 6299
f 6274 6299 6300
f 6275 6274 6300
f 6276 6275 6301
f 6275 6300 6301
f 6277 6276 6302
f 6276 6301 6302
f 6278 6277 6303
f 6277 6302 6303
f 6279 6278 6304
f 6278 6303 6304
f 6280 6279 6305
f 6279 6304 6305
f 6281 6280 6306
f 6280 6305 6306
f 6282 6281 6307
f 6281 6306 6307
f 6283 6282 6308
f 6282 6307 6308
f 6284 6283 6309
f 6283 6308 6309
f 6285 6284 6310
f 6286 6285 6310
f 6284 6309 6310
f 6286 6310 6311
f 6287 6286 6312
f 6286 6311 6312
f 6287 6312 6261
f 6262 6287 6261
f 6288 6261 6290
f 6289 6288 6290
f 6292 6291 6290
f 6293 6292 6290
f 6294 6293 6290
f 6295 6294 6290
f 6296 6295 6290
f 6297 6296 6290
f 6298 6297 6290
f 6299 6298 6290
f 6300 6299 6290
f 6301 6300 6290
f 6302 6301 6290
f 6303 6302 6290
f 6304 6303 6290
f 6305 6304 6290
f 6306 6305 6290
f 6307 6306 6290
f 6308 6307 6290
f 6309 6308 6290
f 6310 6309 6290
f 6311 6310 6290
f 6312 6311 6290
f 6261 6312 6290
f 6265 6262 6263
f 6265 6263 6264
f 6265 6266 6267
f 6265 6267 6268
f 6265 6268 6269
f 6265 6269 6270
f 6265 6270 6271
f 6265 6271 6272
f 6265 6272 6273
f 6265 6273 6274
f 6265 6274 6275
f 6265 6275 6276
f 6265 6276 6277
f 6265 6277 6278
f 6265 6278 6279
f 6265 6279 6280
f 6265 6280 6281
f 6265 6281 6282
f 6265 6282 6283
f 6265 6283 6284
f 6265 6284 6285
f 6265 6285 6286
f 6265 6286 6287
f 6265 6287 6262
f 6314 6313 6340
f 6315 6314 6340
f 6316 6315 6341
f 6315 6340 6341
f 6317 6316 6342
f 6316 6341 6342
f 6318 6317 6343
f 6317 6342 6343
f 6319 6318 6344
f 6318 6343 6344
f 6320 6319 6345
f 6319 6344 6345
f 6321 6320 6346
f 6320 6345 6346
f 6322 6321 6347
f 6321 6346 6347
f 6323 6322 6348
f 6322 6347 6348
f 6324 6323 6349
f 6323 6348 6349
f 6325 6324 6350
f 6324 6349 6350
f 6325 6350 6351
f 6326 6325 6351
f 6326 6351 6352
f 6327 6326 6352
f 6328 6327 6353
f 6327 6352 6353
f 6329 6328 6354
f 6328 6353 6354
f 6330 6329 6355
f 6329 6354 6355
f 6331 6330 6356
f 6330 6355 6356
f 6332 6331 6357
f 6331 6356 6357
f 6333 6332 6358
f 6332 6357 6358
f 6334 6333 6359
f 6333 6358 6359
f 6335 6334 6360
f 6334 6359 6360
f 6336 6335 6361
f 6335 6360 6361
f 6337 6336 6362
f 6338 6337 6362
f 6336 6361 6362
f 6338 6362 6363
f 6339 6338 6364
f 6338 6363 6364
f 6339 6364 6313
f 6314 6339 6313
f 6340 6313 6342
f 6341 6340 6342
f 6344 6343 6342
f 6345 6344 6342
f 6346 6345 6342
f 6347 6346 6342
f 6348 6347 6342
f 6349 6348 6342
f 6350 6349 6342
f 6351 6350 6342
f 6352 6351 6342
f 6353 6352 6342
f 6354 6353 6342
f 6355 6354 6342
f 6356 6355 6342
f 6357 6356 6342
f 6358 6357 6342
f 6359 6358 6342
f 6360 6359 6342
f 6361 6360 6342
f 6362 6361 6342
f 6363 6362 6342
f 6364 6363 6342
f 6313 6364 6342
f 6317 6314 6315
f 6317 6315 6316
f 6317 6318 6319
f 6317 6319 6320
f 6317 6320 6321
f 6317 6321 6322
f 6317 6322 6323
f 6317 6323 6324
f 6317 6324 6325
f 6317 6325 6326
f 6317 6326 6327
f 6317 6327 6328
f 6317 6328 6329
f 6317 6329 6330
f 6317 6330 6331
f 6317 6331 6332
f 6317 6332 6333
f 6317 6333 6334
f 6317 6334 6335
f 6317 6335 6336
f 6317 6336 6337
f 6317 6337 6338
f 6317 6338 6339
f 6317 6339 6314
f 6366 6365 6392
f 6367 6366 6392
f 6368 6367 6393
f 6367 6392 6393
f 6369 6368 6394
f 6368 6393 6394
f 6370 6369 6395
f 6369 6394 6395
f 6371 6370 6396
f 6370 6395 6396
f 6372 6371 6397
f 6371 6396 6397
f 6373 6372 6398
f 6372 6397 6398
f 6374 6373 6399
f 6373 6398 6399
f 6375 6374 6400
f 6374 6399 6400
f 6376 6375 6401
f 6375 6400 6401
f 6377 6376 6402
f 6376 6401 6402
f 6377 6402 6403
f 6378 6377 6403
f 6378 6403 6404
f 6379 6378 6404
f 6380 6379 6405
f 6379 6404 6405
f 6381 6380 6406
f 6380 6405 6406
f 6382 6381 6407
f 6381 6406 6407
f 6383 6382 6408
f 6382 6407 6408
f 6384 6383 6409
f 6383 6408 6409
f 6385 6384 6410
f 6384 6409 6410
f 6386 6385 6411
f 6385 6410 6411
f 6387 6386 6412
f 6386 6411 6412
f 6388 6387 6413
f 6387 6412 6413
f 6389 6388 6414
f 6390 6389 6414
f 6388 6413 6414
f 6390 6414 6415
f 6391 6390 6416
f 6390 6415 6416
f 6391 6416 6365
f 6366 6391 6365
f 6392 6365 6394
f 6393 6392 6394
f 6396 6395 6394
f 6397 6396 6394
f 6398 6397 6394
f 6399 6398 6394
f 6400 6399 6394
f 6401 6400 6394
f 6402 6401 6394
f 6403 6402 6394
f 6404 6403 6394
f 6405 6404 6394
f 6406 6405 6394
f 6407 6406 6394
f 6408 6407 6394
f 6409 6408 6394
f 6410 6409 6394
f 6411 6410 6394
f 6412 6411 6394
f 6413 6412 6394
f 6414 6413 6394
f 6415 6414 6394
f 6416 6415 6394
f 6365 6416 6394
f 6369 6366 6367
f 6369 6367 6368
f 6369 6370 6371
f 6369 6371 6372
f 6369 6372 6373
f 6369 6373 6374
f 6369 6374 6375
f 6369 6375 6376
f 6369 6376 6377
f 6369 6377 6378
f 6369 6378 6379
f 6369 6379 6380
f 6369 6380 6381
f 6369 6381 6382
f 6369 6382 6383
f 6369 6383 6384
f 6369 6384 6385
f 6369 6385 6386
f 6369 6386 6387
f 6369 6387 6388
f 6369 6388 6389
f 6369 6389 6390
f 6369 6390 6391
f 6369 6391 6366
f 6418 6417 6444
f 6419 6418 6444
f 6420 6419 6445
f 6419 6444 6445
f 6421 6420 6446
f 6420 6445 6446
f 6422 6421 6447
f 6421 6446 6447
f 6423 6422 6448
f 6422 6447 6448
f 6424 6423 6449
f 6423 6448 6449
f 6425 6424 6450
f 6424 6449 6450
f 6426 6425 6451
f 6425 6450 6451
f 6427 6426 6452
f 6426 6451 6452
f 6428 6427 6453
f 6427 6452 6453
f 6429 6428 6454
f 6428 6453 6454
f 6429 6454 6455
f 6430 6429 6455
f 6430 6455 6456
f 6431 6430 6456
f 6432 6431 6457
f 6431 6456 6457
f 6433 6432 6458
f 6432 6457 6458
f 6434 6433 6459
f 6433 6458 6459
f 6435 6434 6460
f 6434 6459 6460
f 6436 6435 6461
f 6435 6460 6461
f 6437 6436 6462
f 6436 6461 6462
f 6438 6437 6463
f 6437 6462 6463
f 6439 6438 6464
f 6438 6463 6464
f 6440 6439 6465
f 6439 6464 6465
f 6441 6440 6466
f 6442 6441 6466
f 6440 6465 6466
f 6442 6466 6467
f 6443 6442 6468
f 6442 6467 6468
f 6443 6468 6417
f 6418 6443 6417
f 6444 6417 6446
f 6445 6444 6446
f 6448 6447 6446
f 6449 6448 6446
f 6450 6449 6446
f 6451 6450 6446
f 6452 6451 6446
f 6453 6452 6446
f 6454 6453 6446
f 6455 6454 6446
f 6456 6455 6446
f 6457 6456 6446
f 6458 6457 6446
f 6459 6458 6446
f 6460 6459 6446
f 6461 6460 6446
f 6462 6461 6446
f 6463 6462 6446
f 6464 6463 6446
f 6465 6464 6446
f 6466 6465 6446
f 6467 6466 6446
f 6468 6467 6446
f 6417 6468 6446
f 6421 6418 6419
f 6421 6419 6420
f 6421 6422 6423
f 6421 6423 6424
f 6421 6424 6425
f 6421 6425 6426
f 6421 6426 6427
f 6421 6427 6428
f 6421 6428 6429
f 6421 6429 6430
f 6421 6430 6431
f 6421 6431 6432
f 6421 6432 6433
f 6421 6433 6434
f 6421 6434 6435
f 6421 6435 6436
f 6421 6436 6437
f 6421 6437 6438
f 6421 6438 6439
f 6421 6439 6440
f 6421 6440 6441
f 6421 6441 6442
f 6421 6442 6443
f 6421 6443 6418
f 6470 6469 6496
f 6471 6470 6496
f 6472 6471 6497
f 6471 6496 6497
f 6473 6472 6498
f 6472 6497 6498
f 6474 6473 6499
f 6473 6498 6499
f 6475 6474 6500
f 6474 6499 6500
f 6476 6475 6501
f 6475 6500 6501
f 6477 6476 6502
f 6476 6501 6502
f 6478 6477 6503
f 6477 6502 6503
f 6479 6478 6504
f 6478 6503 6504
f 6480 6479 6505
f 6479 6504 6505
f 6481 6480 6506
f 6480 6505 6506
f 6481 6506 6507
f 6482 6481 6507
f 6482 6507 6508
f 6483 6482 6508
f 6484 6483 6509
f 6483 6508 6509
f 6485 6484 6510
f 6484 6509 6510
f 6486 6485 6511
f 6485 6510 6511
f 6487 6486 6512
f 6486 6511 6512
f 6488 6487 6513
f 6487 6512 6513
f 6489 6488 6514
f 6488 6513 6514
f 6490 6489 6515
f 6489 6514 6515
f 6491 6490 6516
f 6490 6515 6516
f 6492 6491 6517
f 6491 6516 6517
f 6493 6492 6518
f 6494 6493 6518
f 6492 6517 6518
f 6494 6518 6519
f 6495 6494 6520
f 6494 6519 6520
f 6495 6520 6469
f 6470 6495 6469
f 6496 6469 6498
f 6497 6496 6498
f 6500 6499 6498
f 6501 6500 6498
f 6502 6501 6498
f 6503 6502 6498
f 6504 6503 6498
f 6505 6504 6498
f 6506 6505 6498
f 6507 6506 6498
f 6508 6507 6498
f 6509 6508 6498
f 6510 6509 6498
f 6511 6510 6498
f 6512 6511 6498
f 6513 6512 6498
f 6514 6513 6498
f 6515 6514 6498
f 6516 6515 6498
f 6517 6516 6498
f 6518 6517 6498
f 6519 6518 6498
f 6520 6519 6498
f 6469 6520 6498
f 6473 6470 6471
f 6473 6471 6472
f 6473 6474 6475
f 6473 6475 6476
f 6473 6476 6477
f 6473 6477 6478
f 6473 6478 6479
f 6473 6479 6480
f 6473 6480 6481
f 6473 6481 6482
f 6473 6482 6483
f 6473 6483 6484
f 6473 6484 6485
f 6473 6485 6486
f 6473 6486 6487
f 6473 6487 6488
f 6473 6488 6489
f 6473 6489 6490
f 6473 6490 6491
f 6473 6491 6492
f 6473 6492 6493
f 6473 6493 6494
f 6473 6494 6495
f 6473 6495 6470
f 6522 6521 6548
f 6523 6522 6548
f 6524 6523 6549
f 6523 6548 6549
f 6525 6524 6550
f 6524 6549 6550
f 6526 6525 6551
f 6525 6550 6551
f 6527 6526 6552
f 6526 6551 6552
f 6528 6527 6553
f 6527 6552 6553
f 6529 6528 6554
f 6528 6553 6554
f 6530 6529 6555
f 6529 6554 6555
f 6531 6530 6556
f 6530 6555 6556
f 6532 6531 6557
f 6531 6556 6557
f 6533 6532 6558
f 6532 6557 6558
f 6533 6558 6559
f 6534 6533 6559
f 6534 6559 6560
f 6535 6534 6560
f 6536 6535 6561
f 6535 6560 6561
f 6537 6536 6562
f 6536 6561 6562
f 6538 6537 6563
f 6537 6562 6563
f 6539 6538 6564
f 6538 6563 6564
f 6540 6539 6565
f 6539 6564 6565
f 6541 6540 6566
f 6540 6565 6566
f 6542 6541 6567
f 6541 6566 6567
f 6543 6542 6568
f 6542 6567 6568
f 6544 6543 6569
f 6543 6568 6569
f 6545 6544 6570
f 6546 6545 6570
f 6544 6569 6570
f 6546 6570 6571
f 6547 6546 6572
f 6546 6571 6572
f 6547 6572 6521
f 6522 6547 6521
f 6548 6521 6550
f 6549 6548 6550
f 6552 6551 6550
f 6553 6552 6550
f 6554 6553 6550
f 6555 6554 6550
f 6556 6555 6550
f 6557 6556 6550
f 6558 6557 6550
f 6559 6558 6550
f 6560 6559 6550
f 6561 6560 6550
f 6562 6561 6550
f 6563 6562 6550
f 6564 6563 6550
f 6565 6564 6550
f 6566 6565 6550
f 6567 6566 6550
f 6568 6567 6550
f 6569 6568 6550
f 6570 6569 6550
f 6571 6570 6550
f 6572 6571 6550
f 6521 6572 6550
f 6525 6522 6523
f 6525 6523 6524
f 6525 6526 6527
f 6525 6527 6528
f 6525 6528 6529
f 6525 6529 6530
f 6525 6530 6531
f 6525 6531 6532
f 6525 6532 6533
f 6525 6533 6534
f 6525 6534 6535
f 6525 6535 6536
f 6525 6536 6537
f 6525 6537 6538
f 6525 6538 6539
f 6525 6539 6540
f 6525 6540 6541
f 6525 6541 6542
f 6525 6542 6543
f 6525 6543 6544
f 6525 6544 6545
f 6525 6545 6546
f 6525 6546 6547
f 6525 6547 6522
f 6574 6573 6617
f 6575 6574 6617
f 6576 6575 6618
f 6575 6617 6618
f 6577 6576 6619
f 6576 6618 6619
f 6578 6577 6620
f 6577 6619 6620
f 6579 6578 6621
f 6578 6620 6621
f 6580 6579 6622
f 6579 6621 6622
f 6581 6580 6623
f 6580 6622 6623
f 6582 6581 6624
f 6581 6623 6624
f 6583 6582 6625
f 6582 6624 6625
f 6584 6583 6626
f 6583 6625 6626
f 6585 6584 6627
f 6584 6626 6627
f 6586 6585 6628
f 6585 6627 6628
f 6587 6586 6629
f 6586 6628 6629
f 6588 6587 6630
f 6587 6629 6630
f 6589 6588 6631
f 6588 6630 6631
f 6590 6589 6632
f 6589 6631 6632
f 6591 6590 6633
f 6590 6632 6633
f 6592 6591 6634
f 6591 6633 6634
f 6593 6592 6635
f 6592 6634 6635
f 6594 6593 6636
f 6593 6635 6636
f 6595 6594 6637
f 6594 6636 6637
f 6596 6595 6638
f 6595 6637 6638
f 6597 6596 6639
f 6596 6638 6639
f 6598 6597 6640
f 6599 6598 6640
f 6597 6639 6640
f 6599 6640 6641
f 6600 6599 6642
f 6599 6641 6642
f 6601 6600 6643
f 6602 6601 6643
f 6600 6642 6643
f 6602 6643 6644
f 6602 6644 6645
f 6603 6602 6645
f 6603 6645 6646
f 6604 6603 6646
f 6604 6646 6647
f 6605 6604 6647
f 6605 6647 6648
f 6606 6605 6648
f 6606 6648 6649
f 6607 6606 6649
f 6608 6607 6649
f 6608 6649 6650
f 6608 6650 6651
f 6609 6608 6651
f 6609 6651 6652
f 6610 6609 6652
f 6611 6610 6652
f 6611 6652 6653
f 6612 6611 6654
f 6611 6653 6654
f 6613 6612 6655
f 6612 6654 6655
f 6614 6613 6656
f 6613 6655 6656
f 6615 6614 6657
f 6614 6656 6657
f 6616 6615 6658
f 6615 6657 6658
f 6574 6616 6573
f 6616 6658 6573
f 6657 6656 6658
f 6619 6618 6620
f 6617 6573 6621
f 6618 6617 6621
f 6623 6622 6621
f 6624 6623 6621
f 6658 6656 6621
f 6625 6624 6621
f 6626 6625 6621
f 6627 6626 6621
f 6628 6627 6621
f 6629 6628 6621
f 6630 6629 6621
f 6631 6630 6621
f 6632 6631 6621
f 6633 6632 6621
f 6634 6633 6621
f 6635 6634 6621
f 6636 6635 6621
f 6637 6636 6621
f 6620 6618 6621
f 6638 6637 6621
f 6639 6638 6621
f 6640 6639 6621
f 6641 6640 6621
f 6642 6641 6621
f 6643 6642 6621
f 6644 6643 6621
f 6645 6644 6621
f 6646 6645 6621
f 6647 6646 6621
f 6648 6647 6621
f 6649 6648 6621
f 6650 6649 6621
f 6651 6650 6621
f 6652 6651 6621
f 6653 6652 6621
f 6654 6653 6621
f 6655 6654 6621
f 6656 6655 6621
f 6573 6658 6621
f 6616 6614 6615
f 6578 6576 6577
f 6579 6574 6575
f 6579 6575 6576
f 6579 6580 6581
f 6579 6581 6582
f 6579 6614 6616
f 6579 6582 6583
f 6579 6583 6584
f 6579 6584 6585
f 6579 6585 6586
f 6579 6586 6587
f 6579 6587 6588
f 6579 6588 6589
f 6579 6589 6590
f 6579 6590 6591
f 6579 6591 6592
f 6579 6592 6593
f 6579 6593 6594
f 6579 6594 6595
f 6579 6576 6578
f 6579 6595 6596
f 6579 6596 6597
f 6579 6597 6598
f 6579 6598 6599
f 6579 6599 6600
f 6579 6600 6601
f 6579 6601 6602
f 6579 6602 6603
f 6579 6603 6604
f 6579 6604 6605
f 6579 6605 6606
f 6579 6606 6607
f 6579 6607 6608
f 6579 6608 6609
f 6579 6609 6610
f 6579 6610 6611
f 6579 6611 6612
f 6579 6612 6613
f 6579 6613 6614
f 6579 6616 6574
o doors_7548_דלת_נפתחת:80/200:5645805
v -411200.8325 -270532.8457 57.6947
v -411200.7971 -270532.9392 57.6947
v -411200.8205 -270532.9480 57.6947
v -411200.8346 -270532.9106 57.6947
v -411200.8487 -270532.9160 57.6947
v -411200.8699 -270532.8598 57.6947
v -411200.8699 -270532.8598 59.7047
v -411200.8325 -270532.8457 59.7447
v -411200.8487 -270532.9160 59.7047
v -411200.8346 -270532.9106 59.7197
v -411200.8205 -270532.9480 59.7197
v -411200.7971 -270532.9392 59.7447
v -411201.5433 -270533.1148 59.7047
v -411201.5807 -270533.1290 59.7447
v -411201.5220 -270533.1709 59.7047
v -411201.5360 -270533.1762 59.7197
v -411201.5219 -270533.2136 59.7197
v -411201.5453 -270533.2225 59.7447
v -411201.5807 -270533.1290 57.6947
v -411201.5433 -270533.1148 57.6947
v -411201.5220 -270533.1709 57.6947
v -411201.5360 -270533.1762 57.6947
v -411201.5219 -270533.2136 57.6947
v -411201.5453 -270533.2225 57.6947
v -411200.7928 -270532.9504 57.6947
v -411200.7554 -270532.9363 57.6947
v -411200.7554 -270532.9363 59.7847
v -411201.5784 -270533.2479 59.7847
v -411201.5784 -270533.2479 57.6947
v -411201.5410 -270533.2337 57.6947
v -411201.5410 -270533.2337 59.7447
v -411200.7928 -270532.9504 59.7447
v -411200.7971 -270532.9392 57.6947
v -411200.7971 -270532.9392 59.7447
v -411201.5453 -270533.2225 59.7447
v -411201.5453 -270533.2225 57.6947
v -411201.5827 -270533.2367 57.6947
v -411201.5827 -270533.2367 59.7847
v -411200.7597 -270532.9250 59.7847
v -411200.7597 -270532.9250 57.6947
v -411201.5666 -270533.1237 57.6947
v -411201.5666 -270533.1237 59.7297
v -411200.8465 -270532.8510 59.7297
v -411200.8465 -270532.8510 57.6947
v -411200.8091 -270532.8368 57.6947
v -411200.8091 -270532.8368 59.7697
v -411201.6041 -270533.1378 59.7697
v -411201.6041 -270533.1378 57.6947
v -411201.5709 -270533.1124 57.6947
v -411201.6083 -270533.1266 57.6947
v -411201.6083 -270533.1266 59.7697
v -411200.8134 -270532.8256 59.7697
v -411200.8134 -270532.8256 57.6947
v -411200.8508 -270532.8398 57.6947
v -411200.8508 -270532.8398 59.7297
v -411201.5709 -270533.1124 59.7297
v -411200.5549 -270533.6495 59.7197
v -411200.8205 -270532.9480 59.7197
v -411200.8579 -270532.9622 59.7197
v -411200.5923 -270533.6636 59.7197
v -411200.5549 -270533.6495 57.6947
v -411200.5923 -270533.6636 57.6947
v -411200.8579 -270532.9622 57.6947
v -411200.8205 -270532.9480 57.6947
f 6662 6660 6661
f 6659 6660 6662
f 6664 6662 6663
f 6664 6659 6662
f 6665 6659 6664
f 6666 6659 6665
f 6667 6665 6664
f 6667 6664 6663
f 6662 6667 6663
f 6662 6668 6667
f 6669 6668 6662
f 6669 6662 6661
f 6660 6669 6661
f 6660 6670 6669
f 6666 6670 6660
f 6666 6660 6659
f 6666 6665 6671
f 6666 6671 6672
f 6671 6667 6673
f 6671 6665 6667
f 6667 6674 6673
f 6668 6674 6667
f 6674 6669 6675
f 6674 6668 6669
f 6670 6676 6675
f 6669 6670 6675
f 6666 6672 6676
f 6666 6676 6670
f 6680 6681 6682
f 6678 6679 6680
f 6677 6680 6682
f 6677 6678 6680
f 6671 6678 6677
f 6671 6677 6672
f 6671 6673 6679
f 6671 6679 6678
f 6680 6673 6674
f 6679 6673 6680
f 6674 6675 6681
f 6674 6681 6680
f 6682 6675 6676
f 6681 6675 6682
f 6682 6672 6677
f 6682 6676 6672
f 6690 6685 6686
f 6690 6686 6689
f 6687 6689 6686
f 6688 6689 6687
f 6684 6690 6683
f 6684 6685 6690
f 6693 6694 6695
f 6696 6693 6695
f 6692 6698 6691
f 6697 6692 6693
f 6697 6693 6696
f 6697 6698 6692
f 6690 6692 6691
f 6690 6691 6683
f 6693 6692 6690
f 6693 6690 6689
f 6689 6688 6694
f 6689 6694 6693
f 6695 6694 6688
f 6695 6688 6687
f 6686 6696 6695
f 6686 6695 6687
f 6697 6696 6686
f 6697 6686 6685
f 6697 6684 6698
f 6697 6685 6684
f 6691 6698 6684
f 6691 6684 6683
f 6701 6704 6705
f 6701 6705 6700
f 6706 6700 6705
f 6699 6700 6706
f 6703 6701 6702
f 6703 6704 6701
f 6713 6709 6710
f 6713 6714 6709
f 6708 6709 6714
f 6707 6708 6714
f 6711 6712 6713
f 6711 6713 6710
f 6708 6707 6699
f 6708 6699 6706
f 6705 6709 6708
f 6705 6708 6706
f 6710 6709 6705
f 6710 6705 6704
f 6710 6703 6711
f 6710 6704 6703
f 6712 6711 6703
f 6712 6703 6702
f 6701 6713 6712
f 6701 6712 6702
f 6714 6713 6701
f 6714 6701 6700
f 6714 6699 6707
f 6714 6700 6699
f 6716 6717 6718
f 6716 6718 6715
f 6721 6719 6720
f 6721 6722 6719
f 6719 6718 6720
f 6719 6715 6718
f 6718 6717 6721
f 6718 6721 6720
f 6716 6722 6721
f 6716 6721 6717
f 6716 6715 6719
f 6716 6719 6722
o doors_7639_דלת_זכוכית_דו_כנפית:280/220_5:
v -411197.0065 -270528.3966 57.6947
v -411196.9997 -270528.4144 57.6947
v -411196.9165 -270528.3829 57.6947
v -411196.9232 -270528.3651 57.6947
v -411196.9165 -270528.3829 59.9947
v -411196.9232 -270528.3651 59.9947
v -411194.9526 -270527.6392 59.9947
v -411194.9593 -270527.6214 59.9947
v -411194.9526 -270527.6392 57.6947
v -411194.9593 -270527.6214 57.6947
v -411194.8693 -270527.6077 57.6947
v -411194.8761 -270527.5899 57.6947
v -411194.8693 -270527.6077 60.0837
v -411194.8761 -270527.5899 60.0837
v -411196.9997 -270528.4144 60.0837
v -411197.0065 -270528.3966 60.0837
v -411195.0607 -270527.6417 57.8987
v -411195.0607 -270527.6417 59.8927
v -411195.0653 -270527.6295 59.8927
v -411195.0653 -270527.6295 57.8987
v -411195.8565 -270527.9291 59.8927
v -411195.8565 -270527.9291 57.8987
v -411195.8519 -270527.9412 59.8927
v -411195.8519 -270527.9412 57.8987
v -411196.0427 -270528.0135 57.8987
v -411196.0427 -270528.0135 59.8927
v -411196.0473 -270528.0013 59.8927
v -411196.0473 -270528.0013 57.8987
v -411196.8385 -270528.3009 59.8927
v -411196.8385 -270528.3009 57.8987
v -411196.8339 -270528.3131 59.8927
v -411196.8339 -270528.3131 57.8987
v -411195.9593 -270527.9456 59.9947
v -411195.9413 -270527.9933 59.9947
v -411196.9232 -270528.3651 59.9947
v -411196.9413 -270528.3174 59.9947
v -411196.9232 -270528.3651 57.6947
v -411196.9413 -270528.3174 57.6947
v -411195.9413 -270527.9933 57.6947
v -411195.9593 -270527.9456 57.6947
v -411194.9593 -270527.6214 57.6947
v -411194.9774 -270527.5737 57.6947
v -411194.9593 -270527.6214 59.9947
v -411194.9774 -270527.5737 59.9947
v -411196.0547 -270527.9817 59.8927
v -411196.0367 -270528.0294 59.8927
v -411196.0367 -270528.0294 57.8987
v -411196.0547 -270527.9817 57.8987
v -411196.8278 -270528.3290 57.8987
v -411196.8459 -270528.2813 57.8987
v -411196.8278 -270528.3290 59.8927
v -411196.8459 -270528.2813 59.8927
v -411195.8639 -270527.9094 59.8927
v -411195.8459 -270527.9571 59.8927
v -411195.0547 -270527.6576 59.8927
v -411195.0728 -270527.6099 59.8927
v -411195.0547 -270527.6576 57.8987
v -411195.0728 -270527.6099 57.8987
v -411195.8459 -270527.9571 57.8987
v -411195.8639 -270527.9094 57.8987
v -411194.9890 -270527.2916 60.0837
v -411194.9823 -270527.3094 60.0837
v -411197.1127 -270528.1160 60.0837
v -411197.1194 -270528.0983 60.0837
v -411197.1127 -270528.1160 57.6947
v -411197.1194 -270528.0983 57.6947
v -411197.0295 -270528.0845 57.6947
v -411197.0362 -270528.0668 57.6947
v -411197.0295 -270528.0845 59.9947
v -411197.0362 -270528.0668 59.9947
v -411195.0655 -270527.3409 59.9947
v -411195.0723 -270527.3231 59.9947
v -411195.0655 -270527.3409 57.6947
v -411195.0723 -270527.3231 57.6947
v -411194.9823 -270527.3094 57.6947
v -411194.9890 -270527.2916 57.6947
f 6724 6723 6726
f 6725 6724 6726
f 6725 6726 6728
f 6727 6725 6728
f 6727 6728 6730
f 6729 6727 6730
f 6729 6730 6732
f 6731 6729 6732
f 6731 6732 6734
f 6733 6731 6734
f 6733 6734 6736
f 6735 6733 6736
f 6735 6736 6738
f 6737 6735 6738
f 6737 6738 6723
f 6724 6737 6723
f 6726 6723 6728
f 6728 6723 6738
f 6734 6732 6730
f 6734 6730 6736
f 6728 6738 6736
f 6730 6728 6736
f 6727 6724 6725
f 6737 6724 6727
f 6729 6731 6733
f 6735 6729 6733
f 6735 6737 6727
f 6735 6727 6729
f 6740 6739 6742
f 6741 6740 6742
f 6741 6742 6744
f 6743 6741 6744
f 6743 6744 6746
f 6745 6743 6746
f 6745 6746 6739
f 6740 6745 6739
f 6742 6739 6744
f 6739 6746 6744
f 6743 6740 6741
f 6743 6745 6740
f 6748 6747 6750
f 6749 6748 6750
f 6749 6750 6752
f 6751 6749 6752
f 6751 6752 6754
f 6753 6751 6754
f 6753 6754 6747
f 6748 6753 6747
f 6750 6747 6752
f 6747 6754 6752
f 6751 6748 6749
f 6751 6753 6748
f 6756 6755 6758
f 6757 6756 6758
f 6757 6758 6760
f 6759 6757 6760
f 6759 6760 6762
f 6761 6759 6762
f 6761 6762 6764
f 6763 6761 6764
f 6763 6764 6766
f 6765 6763 6766
f 6765 6766 6755
f 6756 6765 6755
f 6768 6767 6770
f 6769 6768 6770
f 6769 6770 6772
f 6771 6769 6772
f 6771 6772 6774
f 6773 6771 6774
f 6773 6774 6767
f 6768 6773 6767
f 6776 6775 6778
f 6777 6776 6778
f 6777 6778 6780
f 6779 6777 6780
f 6779 6780 6782
f 6781 6779 6782
f 6781 6782 6775
f 6776 6781 6775
f 6755 6766 6775
f 6766 6778 6775
f 6755 6775 6767
f 6758 6755 6774
f 6755 6767 6774
f 6778 6766 6780
f 6780 6766 6764
f 6780 6764 6782
f 6775 6782 6770
f 6767 6775 6770
f 6770 6782 6762
f 6782 6764 6762
f 6758 6774 6772
f 6770 6762 6772
f 6758 6772 6760
f 6772 6762 6760
f 6776 6765 6756
f 6776 6777 6765
f 6768 6776 6756
f 6773 6756 6757
f 6773 6768 6756
f 6779 6765 6777
f 6763 6765 6779
f 6781 6763 6779
f 6769 6781 6776
f 6769 6776 6768
f 6761 6781 6769
f 6761 6763 6781
f 6771 6773 6757
f 6771 6761 6769
f 6759 6771 6757
f 6759 6761 6771
f 6784 6783 6786
f 6785 6784 6786
f 6785 6786 6788
f 6787 6785 6788
f 6787 6788 6790
f 6789 6787 6790
f 6789 6790 6792
f 6791 6789 6792
f 6791 6792 6794
f 6793 6791 6794
f 6793 6794 6796
f 6795 6793 6796
f 6795 6796 6798
f 6797 6795 6798
f 6797 6798 6783
f 6784 6797 6783
f 6783 6794 6792
f 6783 6792 6786
f 6794 6783 6798
f 6794 6798 6796
f 6792 6790 6788
f 6786 6792 6788
f 6791 6793 6784
f 6785 6791 6784
f 6797 6784 6793
f 6795 6797 6793
f 6787 6789 6791
f 6787 6791 6785
o doors_8223_mmd_90:800_x_2000:5676772
v -411199.2486 -270528.2461 58.6575
v -411199.2479 -270528.2479 58.6535
v -411199.2467 -270528.2512 58.6507
v -411199.2451 -270528.2552 58.6497
v -411199.2436 -270528.2593 58.6507
v -411199.2424 -270528.2625 58.6535
v -411199.2417 -270528.2643 58.6575
v -411199.2417 -270528.2643 58.6619
v -411199.2424 -270528.2625 58.6659
v -411199.2436 -270528.2593 58.6687
v -411199.2451 -270528.2552 58.6697
v -411199.2467 -270528.2512 58.6687
v -411199.2479 -270528.2479 58.6659
v -411199.2486 -270528.2461 58.6619
v -411199.2467 -270528.2512 58.5087
v -411199.2479 -270528.2479 58.5059
v -411199.2486 -270528.2461 58.5019
v -411199.2486 -270528.2461 58.4975
v -411199.2479 -270528.2479 58.4935
v -411199.2467 -270528.2512 58.4907
v -411199.2451 -270528.2552 58.4897
v -411199.2436 -270528.2593 58.4907
v -411199.2424 -270528.2625 58.4935
v -411199.2417 -270528.2643 58.4975
v -411199.2417 -270528.2643 58.5019
v -411199.2424 -270528.2625 58.5059
v -411199.2436 -270528.2593 58.5087
v -411199.2451 -270528.2552 58.5097
v -411199.1843 -270528.2322 58.6497
v -411199.1819 -270528.2359 58.6507
v -411199.1781 -270528.2382 58.6535
v -411199.1736 -270528.2386 58.6575
v -411199.1736 -270528.2386 58.5019
v -411199.1695 -270528.2370 58.4975
v -411199.1695 -270528.2370 58.6619
v -411199.1664 -270528.2338 58.6659
v -411199.1650 -270528.2295 58.6687
v -411199.1656 -270528.2251 58.6697
v -411199.1681 -270528.2214 58.6687
v -411199.1719 -270528.2192 58.6659
v -411199.1764 -270528.2188 58.6619
v -411199.1764 -270528.2188 58.4975
v -411199.1805 -270528.2203 58.5019
v -411199.1805 -270528.2203 58.6575
v -411199.1836 -270528.2236 58.6535
v -411199.1850 -270528.2278 58.6507
v -411199.1843 -270528.2322 58.5097
v -411199.1819 -270528.2359 58.5087
v -411199.1781 -270528.2382 58.5059
v -411199.1664 -270528.2338 58.4935
v -411199.1650 -270528.2295 58.4907
v -411199.1656 -270528.2251 58.4897
v -411199.1681 -270528.2214 58.4907
v -411199.1719 -270528.2192 58.4935
v -411199.1836 -270528.2236 58.5059
v -411199.1850 -270528.2278 58.5087
v -411199.7238 -270527.7254 59.6847
v -411199.4617 -270528.4174 59.6847
v -411199.4617 -270528.4174 57.7147
v -411199.4440 -270528.4642 57.7147
v -411199.4440 -270528.4642 59.7347
v -411199.7415 -270527.6786 59.7347
v -411199.7415 -270527.6786 57.7147
v -411199.7238 -270527.7254 57.7147
v -411199.7098 -270527.7200 59.6847
v -411199.7098 -270527.7200 57.7147
v -411199.7275 -270527.6733 57.7147
v -411199.7275 -270527.6733 59.7347
v -411199.4300 -270528.4588 59.7347
v -411199.4300 -270528.4588 57.7147
v -411199.4477 -270528.4121 57.7147
v -411199.4477 -270528.4121 59.6847
v -411199.4619 -270527.6262 59.6847
v -411199.4619 -270527.6262 57.7147
v -411199.4796 -270527.5794 57.7147
v -411199.4796 -270527.5794 59.7347
v -411199.1822 -270528.3650 59.7347
v -411199.1822 -270528.3650 57.7147
v -411199.1999 -270528.3182 57.7147
v -411199.1999 -270528.3182 59.6847
v -411199.4760 -270527.6315 59.6847
v -411199.2139 -270528.3236 59.6847
v -411199.2139 -270528.3236 57.7147
v -411199.1962 -270528.3703 57.7147
v -411199.1962 -270528.3703 59.7347
v -411199.4937 -270527.5847 59.7347
v -411199.4937 -270527.5847 57.7147
v -411199.4760 -270527.6315 57.7147
v -411199.2139 -270528.3236 59.6847
v -411199.4760 -270527.6315 59.6847
v -411199.4760 -270527.6315 57.7147
v -411199.4866 -270527.6035 57.7147
v -411199.4866 -270527.6035 59.7147
v -411199.2033 -270528.3516 59.7147
v -411199.2033 -270528.3516 57.7147
v -411199.2139 -270528.3236 57.7147
v -411199.4477 -270528.4121 59.6847
v -411199.4477 -270528.4121 57.7147
v -411199.4371 -270528.4401 57.7147
v -411199.4371 -270528.4401 59.7147
v -411199.7204 -270527.6920 59.7147
v -411199.7204 -270527.6920 57.7147
v -411199.7098 -270527.7200 57.7147
v -411199.7098 -270527.7200 59.6847
v -411199.4806 -270527.6333 57.7147
v -411199.4806 -270527.6333 59.6847
v -411199.2186 -270528.3253 59.6847
v -411199.2186 -270528.3253 57.7147
v -411199.5087 -270527.6439 57.7147
v -411199.2466 -270528.3360 57.7147
v -411199.2466 -270528.3360 59.6847
v -411199.5087 -270527.6439 59.6847
f 6804 6799 6800
f 6804 6800 6801
f 6804 6801 6802
f 6804 6802 6803
f 6804 6805 6806
f 6804 6806 6807
f 6804 6807 6808
f 6804 6808 6809
f 6804 6809 6810
f 6804 6810 6811
f 6804 6811 6812
f 6804 6812 6799
f 6819 6817 6818
f 6821 6813 6814
f 6821 6814 6815
f 6821 6815 6816
f 6821 6816 6817
f 6821 6819 6820
f 6821 6822 6823
f 6821 6823 6824
f 6821 6824 6825
f 6821 6825 6826
f 6821 6826 6813
f 6821 6817 6819
f 6827 6828 6803
f 6827 6803 6802
f 6805 6829 6830
f 6805 6804 6829
f 6828 6829 6804
f 6828 6804 6803
f 6831 6823 6822
f 6831 6822 6832
f 6830 6806 6805
f 6833 6830 6831
f 6833 6831 6832
f 6833 6806 6830
f 6807 6806 6833
f 6807 6833 6834
f 6834 6835 6808
f 6834 6808 6807
f 6835 6836 6809
f 6835 6809 6808
f 6837 6810 6809
f 6836 6837 6809
f 6838 6811 6810
f 6837 6838 6810
f 6811 6838 6839
f 6812 6811 6839
f 6816 6841 6840
f 6815 6841 6816
f 6842 6839 6840
f 6842 6840 6841
f 6812 6842 6799
f 6812 6839 6842
f 6799 6842 6843
f 6800 6799 6843
f 6827 6802 6801
f 6844 6827 6801
f 6844 6801 6800
f 6843 6844 6800
f 6845 6846 6828
f 6845 6828 6827
f 6830 6847 6831
f 6830 6829 6847
f 6846 6847 6829
f 6846 6829 6828
f 6834 6833 6832
f 6834 6832 6848
f 6848 6849 6835
f 6848 6835 6834
f 6849 6850 6836
f 6849 6836 6835
f 6850 6837 6836
f 6850 6851 6837
f 6851 6852 6838
f 6851 6838 6837
f 6839 6838 6852
f 6839 6852 6840
f 6843 6841 6853
f 6843 6842 6841
f 6854 6845 6827
f 6854 6827 6844
f 6853 6854 6844
f 6853 6844 6843
f 6845 6826 6825
f 6846 6845 6825
f 6846 6825 6824
f 6847 6846 6824
f 6823 6831 6847
f 6824 6823 6847
f 6821 6848 6832
f 6822 6821 6832
f 6848 6821 6820
f 6849 6848 6820
f 6849 6820 6819
f 6850 6849 6819
f 6851 6850 6819
f 6851 6819 6818
f 6852 6818 6817
f 6852 6851 6818
f 6817 6816 6840
f 6817 6840 6852
f 6815 6853 6841
f 6815 6814 6853
f 6854 6814 6813
f 6854 6853 6814
f 6845 6854 6813
f 6845 6813 6826
f 6856 6859 6860
f 6856 6860 6855
f 6861 6855 6860
f 6862 6855 6861
f 6858 6856 6857
f 6858 6859 6856
f 6863 6864 6865
f 6866 6863 6865
f 6870 6868 6869
f 6870 6863 6866
f 6867 6870 6866
f 6867 6868 6870
f 6863 6856 6855
f 6863 6870 6856
f 6856 6870 6869
f 6856 6869 6857
f 6869 6858 6857
f 6869 6868 6858
f 6867 6859 6858
f 6867 6858 6868
f 6867 6860 6859
f 6867 6866 6860
f 6860 6866 6865
f 6860 6865 6861
f 6865 6862 6861
f 6865 6864 6862
f 6863 6855 6862
f 6863 6862 6864
f 6871 6872 6873
f 6874 6871 6873
f 6878 6876 6877
f 6878 6871 6874
f 6875 6878 6874
f 6875 6876 6878
f 6880 6883 6884
f 6880 6884 6879
f 6885 6879 6884
f 6886 6879 6885
f 6882 6880 6881
f 6882 6883 6880
f 6871 6879 6886
f 6871 6886 6872
f 6873 6872 6886
f 6873 6886 6885
f 6884 6874 6873
f 6884 6873 6885
f 6875 6874 6884
f 6875 6884 6883
f 6875 6883 6882
f 6875 6882 6876
f 6877 6876 6882
f 6877 6882 6881
f 6880 6878 6877
f 6880 6877 6881
f 6871 6878 6880
f 6871 6880 6879
f 6888 6889 6890
f 6891 6888 6890
f 6887 6893 6894
f 6892 6887 6888
f 6892 6888 6891
f 6892 6893 6887
f 6898 6902 6895
f 6898 6899 6902
f 6900 6902 6899
f 6901 6902 6900
f 6897 6895 6896
f 6897 6898 6895
f 6888 6887 6895
f 6888 6895 6902
f 6888 6902 6901
f 6888 6901 6889
f 6890 6889 6901
f 6890 6901 6900
f 6900 6891 6890
f 6900 6899 6891
f 6892 6891 6899
f 6892 6899 6898
f 6898 6893 6892
f 6898 6897 6893
f 6894 6893 6897
f 6894 6897 6896
f 6895 6887 6894
f 6895 6894 6896
f 6905 6903 6904
f 6905 6906 6903
f 6908 6909 6910
f 6908 6910 6907
f 6910 6904 6903
f 6910 6903 6907
f 6905 6904 6910
f 6905 6910 6909
f 6905 6909 6908
f 6905 6908 6906
f 6903 6906 6908
f 6903 6908 6907
o doors_52958_הזזה-עץ:70/205:5773781
v -411203.2385 -270533.8636 57.6947
v -411203.2759 -270533.8778 57.6947
v -411203.2759 -270533.8778 59.7697
v -411202.5745 -270533.6122 59.7697
v -411202.5745 -270533.6122 57.6947
v -411202.6119 -270533.6264 57.6947
v -411202.6119 -270533.6264 59.7297
v -411203.2385 -270533.8636 59.7297
v -411203.2332 -270533.8777 57.6947
v -411203.2706 -270533.8918 57.6947
v -411203.2706 -270533.8918 59.7697
v -411202.5692 -270533.6262 59.7697
v -411202.5692 -270533.6262 57.6947
v -411202.6066 -270533.6404 57.6947
v -411202.6066 -270533.6404 59.7297
v -411203.2332 -270533.8777 59.7297
v -411203.2151 -270533.8548 57.6947
v -411203.2525 -270533.8689 57.6947
v -411203.3127 -270533.7100 57.6947
v -411203.2753 -270533.6958 57.6947
v -411203.2700 -270533.7098 57.6947
v -411203.2840 -270533.7151 57.6947
v -411203.2699 -270533.7525 57.6947
v -411203.2558 -270533.7472 57.6947
v -411203.2151 -270533.8548 59.7047
v -411203.2525 -270533.8689 59.7447
v -411203.2879 -270533.7754 59.7447
v -411203.2879 -270533.7754 59.7047
v -411203.3127 -270533.7100 59.7047
v -411203.2753 -270533.6958 59.7047
v -411203.2700 -270533.7098 59.7047
v -411203.2840 -270533.7151 59.7047
v -411203.2699 -270533.7525 59.7047
v -411203.2558 -270533.7472 59.7047
v -411203.2505 -270533.7613 59.7047
v -411202.6353 -270533.6352 57.6947
v -411202.6707 -270533.5417 57.6947
v -411202.6333 -270533.5275 57.6947
v -411202.5979 -270533.6211 57.6947
v -411202.6353 -270533.6352 59.7047
v -411202.6707 -270533.5417 59.7047
v -411202.6333 -270533.5275 59.7447
v -411202.5979 -270533.6211 59.7447
v -411202.2769 -270533.3391 57.6947
v -411202.2663 -270533.3672 57.6947
v -411202.8975 -270533.6062 57.6947
v -411202.9082 -270533.5782 57.6947
v -411202.8975 -270533.6062 59.7447
v -411202.9082 -270533.5782 59.7447
v -411202.2769 -270533.3391 59.7447
v -411202.8462 -270533.5547 58.6955
v -411202.8419 -270533.5531 58.6910
v -411202.8404 -270533.5525 58.6847
v -411202.8404 -270533.5525 58.6047
v -411202.8419 -270533.5531 58.5984
v -411202.8462 -270533.5547 58.5939
v -411202.8637 -270533.5613 58.6847
v -411202.8521 -270533.5569 58.5922
v -411202.8579 -270533.5591 58.5939
v -411202.8622 -270533.5608 58.5984
v -411202.8637 -270533.5613 58.6047
v -411202.8622 -270533.5608 58.6910
v -411202.8521 -270533.5569 58.6972
v -411202.8579 -270533.5591 58.6955
v -411202.2663 -270533.3672 59.7447
v -411202.8473 -270533.5872 58.6955
v -411202.8414 -270533.5850 58.6972
v -411202.8516 -270533.5888 58.6910
v -411202.8531 -270533.5894 58.6847
v -411202.8356 -270533.5828 58.6955
v -411202.8531 -270533.5894 58.6047
v -411202.8516 -270533.5888 58.5984
v -411202.8473 -270533.5872 58.5939
v -411202.8414 -270533.5850 58.5922
v -411202.8356 -270533.5828 58.5939
v -411202.8297 -270533.5805 58.6847
v -411202.8313 -270533.5811 58.5984
v -411202.8297 -270533.5805 58.6047
v -411202.8313 -270533.5811 58.6910
v -411202.8344 -270533.5716 58.6901
v -411202.8333 -270533.5712 58.6847
v -411202.8380 -270533.5623 58.6901
v -411202.8368 -270533.5618 58.6847
v -411202.8377 -270533.5729 58.6945
v -411202.8424 -270533.5746 58.6969
v -411202.8523 -270533.5784 58.6945
v -411202.8476 -270533.5766 58.6969
v -411202.8555 -270533.5796 58.6901
v -411202.8567 -270533.5800 58.6847
v -411202.8590 -270533.5703 58.6901
v -411202.8602 -270533.5707 58.6847
v -411202.8333 -270533.5712 58.6047
v -411202.8368 -270533.5618 58.6047
v -411202.8555 -270533.5796 58.5993
v -411202.8567 -270533.5800 58.6047
v -411202.8590 -270533.5703 58.5993
v -411202.8602 -270533.5707 58.6047
v -411202.8523 -270533.5784 58.5949
v -411202.8476 -270533.5766 58.5925
v -411202.8377 -270533.5729 58.5949
v -411202.8424 -270533.5746 58.5925
v -411202.8344 -270533.5716 58.5993
v -411202.8380 -270533.5623 58.5993
v -411202.8558 -270533.5690 58.6945
v -411202.8511 -270533.5673 58.6969
v -411202.8412 -270533.5635 58.6945
v -411202.8459 -270533.5653 58.6969
v -411202.8412 -270533.5635 58.5949
v -411202.8459 -270533.5653 58.5925
v -411202.8558 -270533.5690 58.5949
v -411202.8511 -270533.5673 58.5925
v -411203.3127 -270533.7100 59.8047
v -411203.2879 -270533.7754 59.8047
v -411201.9646 -270533.2743 59.8047
v -411201.9894 -270533.2089 59.8047
v -411203.3127 -270533.7100 59.7047
v -411201.9894 -270533.2089 59.7047
v -411201.9646 -270533.2743 59.7047
v -411201.9786 -270533.2797 59.7047
v -411201.9981 -270533.2282 59.7047
v -411203.2840 -270533.7151 59.7047
v -411203.2645 -270533.7666 59.7047
v -411203.2879 -270533.7754 59.7047
v -411203.2645 -270533.7666 59.7897
v -411201.9786 -270533.2797 59.7897
v -411203.2840 -270533.7151 59.7897
v -411201.9981 -270533.2282 59.7897
f 6913 6917 6918
f 6913 6914 6917
f 6915 6917 6914
f 6916 6917 6915
f 6912 6918 6911
f 6912 6913 6918
f 6919 6912 6911
f 6919 6920 6912
f 6921 6913 6912
f 6921 6912 6920
f 6914 6922 6923
f 6914 6923 6915
f 6923 6916 6915
f 6923 6924 6916
f 6925 6917 6916
f 6925 6916 6924
f 6918 6926 6919
f 6918 6919 6911
f 6926 6925 6922
f 6921 6926 6922
f 6923 6922 6925
f 6924 6923 6925
f 6920 6919 6926
f 6920 6926 6921
f 6921 6914 6913
f 6921 6922 6914
f 6925 6918 6917
f 6925 6926 6918
f 6930 6932 6929
f 6931 6932 6930
f 6933 6929 6932
f 6928 6929 6933
f 6927 6933 6934
f 6927 6928 6933
f 6935 6928 6927
f 6936 6928 6935
f 6938 6929 6928
f 6938 6939 6929
f 6936 6937 6938
f 6936 6938 6928
f 6929 6939 6940
f 6929 6940 6930
f 6940 6941 6931
f 6940 6931 6930
f 6942 6932 6931
f 6942 6931 6941
f 6942 6943 6933
f 6942 6933 6932
f 6933 6943 6944
f 6933 6944 6934
f 6945 6927 6934
f 6945 6935 6927
f 6944 6945 6934
f 6949 6946 6947
f 6949 6947 6948
f 6950 6951 6947
f 6950 6947 6946
f 6948 6951 6952
f 6947 6951 6948
f 6948 6952 6953
f 6948 6953 6949
f 6950 6946 6949
f 6950 6949 6953
f 6945 6938 6937
f 6936 6935 6950
f 6936 6950 6953
f 6936 6953 6952
f 6936 6952 6937
f 6937 6952 6951
f 6937 6951 6945
f 6950 6935 6945
f 6950 6945 6951
f 6942 6941 6940
f 6939 6942 6940
f 6943 6942 6939
f 6945 6944 6943
f 6938 6945 6943
f 6938 6943 6939
f 6955 6956 6957
f 6955 6957 6954
f 6958 6959 6957
f 6958 6957 6956
f 6960 6961 6959
f 6962 6961 6960
f 6963 6962 6960
f 6954 6963 6960
f 6954 6964 6963
f 6954 6965 6964
f 6954 6966 6965
f 6954 6957 6966
f 6967 6957 6959
f 6966 6957 6968
f 6957 6969 6968
f 6969 6957 6970
f 6957 6971 6970
f 6971 6957 6967
f 6967 6959 6972
f 6961 6973 6959
f 6974 6959 6973
f 6972 6959 6974
f 6960 6975 6955
f 6960 6955 6954
f 6958 6976 6977
f 6976 6958 6978
f 6958 6979 6978
f 6979 6958 6956
f 6980 6958 6977
f 6975 6958 6980
f 6979 6956 6981
f 6981 6956 6982
f 6983 6982 6956
f 6984 6983 6956
f 6985 6984 6956
f 6985 6956 6955
f 6975 6986 6955
f 6987 6985 6955
f 6988 6987 6955
f 6986 6988 6955
f 6975 6989 6986
f 6989 6975 6980
f 6986 6990 6991
f 6993 6992 6963
f 6994 6990 6989
f 6986 6989 6990
f 6995 6980 6977
f 6994 6989 6980
f 6995 6994 6980
f 6996 6997 6976
f 6978 6998 6996
f 6979 6999 6998
f 7000 7001 6967
f 6997 6977 6976
f 6996 6976 6978
f 6978 6979 6998
f 6997 6995 6977
f 6986 7002 6988
f 6986 6991 7002
f 6993 6963 6964
f 6993 6964 7003
f 6981 7004 7005
f 7007 7006 6971
f 7008 7004 6982
f 6981 6982 7004
f 7009 6983 6984
f 6982 6983 7008
f 7009 7008 6983
f 7010 7011 6985
f 6987 7012 7010
f 6988 7002 7012
f 6964 7013 7003
f 7011 6984 6985
f 7010 6985 6987
f 6987 6988 7012
f 7009 6984 7011
f 6999 6979 6981
f 6999 6981 7005
f 6967 7007 6971
f 6967 7001 7007
f 6972 7014 7000
f 7000 6967 6972
f 6974 6973 7015
f 6972 6974 7014
f 6974 7015 7014
f 6961 7016 7017
f 6962 6992 7016
f 6973 6961 7017
f 6961 6962 7016
f 6992 6962 6963
f 7015 6973 7017
f 6965 7018 7013
f 7013 6964 6965
f 6966 6968 7019
f 7018 6965 6966
f 6966 7019 7018
f 6969 7020 7021
f 6970 7006 7020
f 6968 6969 7021
f 7020 6969 6970
f 7006 6970 6971
f 7021 7019 6968
f 7015 7017 7016
f 7001 7000 7014
f 7001 7014 7015
f 7001 7016 6992
f 7001 6992 6993
f 7001 7015 7016
f 7007 6993 7003
f 7007 7001 6993
f 7020 7003 7013
f 7020 7013 7018
f 7020 7018 7019
f 7020 7019 7021
f 7020 7006 7007
f 7020 7007 7003
f 7005 7004 7008
f 7005 7008 7009
f 7005 7009 7011
f 7005 7011 7010
f 7005 7010 7012
f 7005 7012 7002
f 6999 7002 6991
f 6999 7005 7002
f 6996 6991 6990
f 6996 6990 6994
f 6996 6994 6995
f 6996 6995 6997
f 6996 6998 6999
f 6996 6999 6991
f 6958 6975 6960
f 6958 6960 6959
f 7023 7024 7025
f 7023 7025 7022
f 7033 7026 7031
f 7032 7033 7031
f 7027 7030 7031
f 7027 7031 7026
f 7028 7029 7030
f 7028 7030 7027
f 7023 7022 7026
f 7023 7026 7033
f 7035 7029 7028
f 7035 7028 7024
f 7034 7033 7032
f 7034 7035 7024
f 7023 7033 7034
f 7024 7023 7034
f 7036 7032 7031
f 7036 7034 7032
f 7036 7031 7030
f 7036 7030 7037
f 7035 7030 7029
f 7035 7037 7030
f 7025 7024 7028
f 7025 7028 7027
f 7026 7022 7025
f 7026 7025 7027
f 7035 7034 7036
f 7035 7036 7037
o doors_53203_דלת_זכוכית_דו_כנפית:300/220_2:
v -411201.3770 -270529.7527 60.7947
v -411201.3592 -270529.7460 60.7947
v -411201.3907 -270529.6628 60.7947
v -411201.4085 -270529.6695 60.7947
v -411201.3907 -270529.6628 62.9947
v -411201.4085 -270529.6695 62.9947
v -411202.4531 -270526.8572 62.9947
v -411202.4708 -270526.8639 62.9947
v -411202.4531 -270526.8572 60.7947
v -411202.4708 -270526.8639 60.7947
v -411202.4846 -270526.7739 60.7947
v -411202.5024 -270526.7807 60.7947
v -411202.4846 -270526.7739 63.0837
v -411202.5024 -270526.7807 63.0837
v -411201.3592 -270529.7460 63.0837
v -411201.3770 -270529.7527 63.0837
v -411202.4011 -270526.9465 60.9987
v -411202.4011 -270526.9465 62.8927
v -411201.9421 -270528.1586 62.8927
v -411201.9421 -270528.1586 60.9987
v -411201.9300 -270528.1540 62.8927
v -411201.9300 -270528.1540 60.9987
v -411202.3889 -270526.9419 62.8927
v -411202.3889 -270526.9419 60.9987
v -411201.8699 -270528.3493 60.9987
v -411201.8699 -270528.3493 62.8927
v -411201.4109 -270529.5614 62.8927
v -411201.4109 -270529.5614 60.9987
v -411201.3988 -270529.5568 62.8927
v -411201.3988 -270529.5568 60.9987
v -411201.8577 -270528.3447 62.8927
v -411201.8577 -270528.3447 60.9987
v -411201.9219 -270528.2600 62.9947
v -411201.8742 -270528.2419 62.9947
v -411201.3430 -270529.6447 62.9947
v -411201.3907 -270529.6628 62.9947
v -411201.3430 -270529.6447 60.7947
v -411201.3907 -270529.6628 60.7947
v -411201.8742 -270528.2419 60.7947
v -411201.9219 -270528.2600 60.7947
v -411202.4054 -270526.8391 60.7947
v -411202.4531 -270526.8572 60.7947
v -411202.4054 -270526.8391 62.9947
v -411202.4531 -270526.8572 62.9947
v -411201.8858 -270528.3554 62.8927
v -411201.8381 -270528.3373 62.8927
v -411201.8381 -270528.3373 60.9987
v -411201.8858 -270528.3554 60.9987
v -411201.3791 -270529.5493 60.9987
v -411201.4268 -270529.5674 60.9987
v -411201.3791 -270529.5493 62.8927
v -411201.4268 -270529.5674 62.8927
v -411201.9580 -270528.1646 62.8927
v -411201.9103 -270528.1465 62.8927
v -411202.3693 -270526.9345 62.8927
v -411202.4170 -270526.9526 62.8927
v -411202.3693 -270526.9345 60.9987
v -411202.4170 -270526.9526 60.9987
v -411201.9103 -270528.1465 60.9987
v -411201.9580 -270528.1646 60.9987
v -411202.2040 -270526.6677 63.0837
v -411202.1863 -270526.6610 63.0837
v -411201.0609 -270529.6330 63.0837
v -411201.0786 -270529.6398 63.0837
v -411201.0609 -270529.6330 60.7947
v -411201.0786 -270529.6398 60.7947
v -411201.0924 -270529.5498 60.7947
v -411201.1102 -270529.5565 60.7947
v -411201.0924 -270529.5498 62.9947
v -411201.1102 -270529.5565 62.9947
v -411202.1547 -270526.7442 62.9947
v -411202.1725 -270526.7509 62.9947
v -411202.1547 -270526.7442 60.7947
v -411202.1725 -270526.7509 60.7947
v -411202.1863 -270526.6610 60.7947
v -411202.2040 -270526.6677 60.7947
f 7039 7038 7041
f 7040 7039 7041
f 7040 7041 7043
f 7042 7040 7043
f 7042 7043 7045
f 7044 7042 7045
f 7044 7045 7047
f 7046 7044 7047
f 7046 7047 7049
f 7048 7046 7049
f 7048 7049 7051
f 7050 7048 7051
f 7050 7051 7053
f 7052 7050 7053
f 7052 7053 7038
f 7039 7052 7038
f 7041 7038 7043
f 7043 7038 7053
f 7049 7047 7045
f 7049 7045 7051
f 7043 7053 7051
f 7045 7043 7051
f 7042 7039 7040
f 7052 7039 7042
f 7044 7046 7048
f 7050 7044 7048
f 7050 7052 7042
f 7050 7042 7044
f 7055 7054 7057
f 7056 7055 7057
f 7056 7057 7059
f 7058 7056 7059
f 7058 7059 7061
f 7060 7058 7061
f 7060 7061 7054
f 7055 7060 7054
f 7057 7054 7059
f 7054 7061 7059
f 7058 7055 7056
f 7058 7060 7055
f 7063 7062 7065
f 7064 7063 7065
f 7064 7065 7067
f 7066 7064 7067
f 7066 7067 7069
f 7068 7066 7069
f 7068 7069 7062
f 7063 7068 7062
f 7065 7062 7067
f 7062 7069 7067
f 7066 7063 7064
f 7066 7068 7063
f 7071 7070 7073
f 7072 7071 7073
f 7072 7073 7075
f 7074 7072 7075
f 7074 7075 7077
f 7076 7074 7077
f 7076 7077 7079
f 7078 7076 7079
f 7078 7079 7081
f 7080 7078 7081
f 7080 7081 7070
f 7071 7080 7070
f 7083 7082 7085
f 7084 7083 7085
f 7084 7085 7087
f 7086 7084 7087
f 7086 7087 7089
f 7088 7086 7089
f 7088 7089 7082
f 7083 7088 7082
f 7091 7090 7093
f 7092 7091 7093
f 7092 7093 7095
f 7094 7092 7095
f 7094 7095 7097
f 7096 7094 7097
f 7096 7097 7090
f 7091 7096 7090
f 7070 7081 7090
f 7081 7093 7090
f 7070 7090 7082
f 7093 7081 7095
f 7095 7081 7079
f 7073 7070 7089
f 7070 7082 7089
f 7095 7079 7097
f 7090 7097 7085
f 7082 7090 7085
f 7085 7097 7077
f 7097 7079 7077
f 7073 7089 7087
f 7085 7077 7087
f 7087 7077 7075
f 7073 7087 7075
f 7091 7080 7071
f 7091 7092 7080
f 7083 7091 7071
f 7094 7080 7092
f 7078 7080 7094
f 7088 7071 7072
f 7088 7083 7071
f 7096 7078 7094
f 7084 7096 7091
f 7084 7091 7083
f 7076 7096 7084
f 7076 7078 7096
f 7086 7088 7072
f 7086 7076 7084
f 7074 7076 7086
f 7074 7086 7072
f 7099 7098 7101
f 7100 7099 7101
f 7100 7101 7103
f 7102 7100 7103
f 7102 7103 7105
f 7104 7102 7105
f 7104 7105 7107
f 7106 7104 7107
f 7106 7107 7109
f 7108 7106 7109
f 7108 7109 7111
f 7110 7108 7111
f 7110 7111 7113
f 7112 7110 7113
f 7112 7113 7098
f 7099 7112 7098
f 7109 7098 7113
f 7109 7113 7111
f 7098 7109 7107
f 7098 7107 7101
f 7107 7105 7103
f 7101 7107 7103
f 7112 7099 7108
f 7110 7112 7108
f 7106 7108 7099
f 7100 7106 7099
f 7102 7104 7106
f 7102 7106 7100
o doors_65525_דלת_נפתחת:80/240:5833935
v -411205.7030 -270530.4171 57.6947
v -411205.7172 -270530.3797 57.6947
v -411205.4740 -270530.2876 57.6947
v -411205.4687 -270530.3017 57.6947
v -411205.4313 -270530.2875 57.6947
v -411205.4225 -270530.3109 57.6947
v -411205.7030 -270530.4171 59.8947
v -411205.7172 -270530.3797 59.8547
v -411205.4740 -270530.2876 59.8547
v -411205.4687 -270530.3017 59.8697
v -411205.4313 -270530.2875 59.8697
v -411205.4225 -270530.3109 59.8947
v -411205.9863 -270529.6690 59.8947
v -411205.9722 -270529.7064 59.8547
v -411205.7290 -270529.6143 59.8547
v -411205.7343 -270529.6003 59.8697
v -411205.6969 -270529.5861 59.8697
v -411205.7058 -270529.5627 59.8947
v -411205.9863 -270529.6690 57.6947
v -411205.7058 -270529.5627 57.6947
v -411205.6969 -270529.5861 57.6947
v -411205.7343 -270529.6003 57.6947
v -411205.7290 -270529.6143 57.6947
v -411205.9722 -270529.7064 57.6947
v -411205.4112 -270530.3066 57.6947
v -411205.4112 -270530.3066 59.8947
v -411205.6945 -270529.5585 59.8947
v -411205.6945 -270529.5585 57.6947
v -411205.7087 -270529.5211 57.6947
v -411205.7087 -270529.5211 59.9347
v -411205.3971 -270530.3440 59.9347
v -411205.3971 -270530.3440 57.6947
v -411205.4225 -270530.3109 57.6947
v -411205.4083 -270530.3483 57.6947
v -411205.4083 -270530.3483 59.9347
v -411205.7199 -270529.5253 59.9347
v -411205.7199 -270529.5253 57.6947
v -411205.7058 -270529.5627 57.6947
v -411205.7058 -270529.5627 59.8947
v -411205.4225 -270530.3109 59.8947
v -411205.9810 -270529.6830 57.6947
v -411205.9952 -270529.6456 57.6947
v -411205.9952 -270529.6456 59.9197
v -411205.6942 -270530.4405 59.9197
v -411205.6942 -270530.4405 57.6947
v -411205.7083 -270530.4031 57.6947
v -411205.7083 -270530.4031 59.8797
v -411205.9810 -270529.6830 59.8797
v -411205.9922 -270529.6872 57.6947
v -411205.9922 -270529.6872 59.8797
v -411205.7196 -270530.4073 59.8797
v -411205.7196 -270530.4073 57.6947
v -411205.7054 -270530.4448 57.6947
v -411205.7054 -270530.4448 59.9197
v -411206.0064 -270529.6498 59.9197
v -411206.0064 -270529.6498 57.6947
v -411204.7299 -270530.0219 59.8697
v -411204.7441 -270529.9845 59.8697
v -411205.4455 -270530.2501 59.8697
v -411205.4313 -270530.2875 59.8697
v -411204.7299 -270530.0219 57.6947
v -411205.4313 -270530.2875 57.6947
v -411205.4455 -270530.2501 57.6947
v -411204.7441 -270529.9845 57.6947
f 7117 7118 7119
f 7115 7116 7117
f 7114 7115 7117
f 7119 7114 7117
f 7121 7115 7114
f 7121 7114 7120
f 7121 7116 7115
f 7121 7122 7116
f 7117 7122 7123
f 7116 7122 7117
f 7123 7118 7117
f 7123 7124 7118
f 7119 7124 7125
f 7118 7124 7119
f 7119 7125 7120
f 7119 7120 7114
f 7126 7121 7120
f 7126 7127 7121
f 7121 7127 7128
f 7121 7128 7122
f 7129 7123 7122
f 7129 7122 7128
f 7123 7129 7130
f 7123 7130 7124
f 7130 7125 7124
f 7130 7131 7125
f 7126 7120 7125
f 7126 7125 7131
f 7135 7133 7134
f 7137 7135 7136
f 7137 7132 7135
f 7132 7133 7135
f 7127 7132 7137
f 7126 7132 7127
f 7128 7127 7137
f 7128 7137 7136
f 7135 7128 7136
f 7135 7129 7128
f 7130 7129 7135
f 7130 7135 7134
f 7133 7130 7134
f 7133 7131 7130
f 7126 7131 7133
f 7126 7133 7132
f 7140 7143 7144
f 7140 7144 7139
f 7145 7139 7144
f 7138 7139 7145
f 7142 7140 7141
f 7142 7143 7140
f 7153 7146 7147
f 7153 7147 7148
f 7152 7150 7151
f 7149 7152 7153
f 7149 7153 7148
f 7149 7150 7152
f 7139 7138 7146
f 7139 7146 7153
f 7153 7140 7139
f 7153 7152 7140
f 7140 7152 7151
f 7140 7151 7141
f 7151 7142 7141
f 7151 7150 7142
f 7149 7143 7142
f 7149 7142 7150
f 7149 7144 7143
f 7149 7148 7144
f 7144 7148 7147
f 7144 7147 7145
f 7147 7138 7145
f 7147 7146 7138
f 7161 7156 7157
f 7161 7157 7160
f 7158 7160 7157
f 7159 7160 7158
f 7155 7161 7154
f 7155 7156 7161
f 7163 7167 7168
f 7163 7164 7167
f 7166 7167 7164
f 7165 7166 7164
f 7169 7162 7163
f 7169 7163 7168
f 7162 7155 7154
f 7162 7169 7155
f 7168 7156 7155
f 7168 7155 7169
f 7168 7157 7156
f 7168 7167 7157
f 7157 7167 7166
f 7157 7166 7158
f 7166 7159 7158
f 7166 7165 7159
f 7164 7160 7159
f 7164 7159 7165
f 7164 7161 7160
f 7164 7163 7161
f 7161 7163 7162
f 7161 7162 7154
f 7172 7170 7171
f 7172 7173 7170
f 7175 7176 7177
f 7175 7177 7174
f 7177 7171 7170
f 7177 7170 7174
f 7172 7171 7177
f 7172 7177 7176
f 7172 7176 7175
f 7172 7175 7173
f 7170 7173 7175
f 7170 7175 7174
o doors_81290_הזזה-עץ:70/205:5884387
v -411204.3603 -270530.8710 57.6947
v -411204.3603 -270530.8710 59.7297
v -411203.7337 -270530.6338 59.7297
v -411203.7337 -270530.6338 57.6947
v -411203.6963 -270530.6196 57.6947
v -411203.6963 -270530.6196 59.7697
v -411204.3977 -270530.8852 59.7697
v -411204.3977 -270530.8852 57.6947
v -411204.4030 -270530.8712 57.6947
v -411204.3656 -270530.8570 57.6947
v -411204.4030 -270530.8712 59.7697
v -411203.7016 -270530.6056 57.6947
v -411203.7016 -270530.6056 59.7697
v -411203.7390 -270530.6198 57.6947
v -411203.7390 -270530.6198 59.7297
v -411204.3656 -270530.8570 59.7297
v -411204.3369 -270530.8622 57.6947
v -411204.2962 -270530.9697 57.6947
v -411204.3102 -270530.9751 57.6947
v -411204.2960 -270531.0125 57.6947
v -411204.2820 -270531.0071 57.6947
v -411204.2767 -270531.0212 57.6947
v -411204.3141 -270531.0353 57.6947
v -411204.3743 -270530.8764 57.6947
v -411204.3743 -270530.8764 59.7447
v -411204.3369 -270530.8622 59.7047
v -411204.3141 -270531.0353 59.7047
v -411204.3389 -270530.9699 59.7047
v -411204.3389 -270530.9699 59.7447
v -411204.2767 -270531.0212 59.7047
v -411204.2820 -270531.0071 59.7047
v -411204.2960 -270531.0125 59.7047
v -411204.3102 -270530.9751 59.7047
v -411204.2962 -270530.9697 59.7047
v -411204.3015 -270530.9557 59.7047
v -411203.7571 -270530.6426 57.6947
v -411203.7197 -270530.6285 57.6947
v -411203.6843 -270530.7220 57.6947
v -411203.7217 -270530.7362 57.6947
v -411203.7571 -270530.6426 59.7047
v -411203.7217 -270530.7362 59.7047
v -411203.6843 -270530.7220 59.7447
v -411203.7197 -270530.6285 59.7447
v -411203.9237 -270530.8661 57.6947
v -411203.9344 -270530.8381 57.6947
v -411203.3031 -270530.5991 57.6947
v -411203.2925 -270530.6271 57.6947
v -411203.9237 -270530.8661 59.7447
v -411203.9344 -270530.8381 59.7447
v -411203.8618 -270530.8427 58.6955
v -411203.2925 -270530.6271 59.7447
v -411203.8676 -270530.8449 58.6972
v -411203.8735 -270530.8471 58.6955
v -411203.8777 -270530.8487 58.6910
v -411203.8793 -270530.8493 58.6847
v -411203.8793 -270530.8493 58.6047
v -411203.8777 -270530.8487 58.5984
v -411203.8735 -270530.8471 58.5939
v -411203.8676 -270530.8449 58.5922
v -411203.8618 -270530.8427 58.5939
v -411203.8559 -270530.8405 58.6847
v -411203.8575 -270530.8411 58.5984
v -411203.8559 -270530.8405 58.6047
v -411203.8575 -270530.8411 58.6910
v -411203.3031 -270530.5991 59.7447
v -411203.8782 -270530.8168 58.6972
v -411203.8841 -270530.8190 58.6955
v -411203.8724 -270530.8146 58.6955
v -411203.8884 -270530.8207 58.6910
v -411203.8899 -270530.8213 58.6847
v -411203.8899 -270530.8213 58.6047
v -411203.8884 -270530.8207 58.5984
v -411203.8841 -270530.8190 58.5939
v -411203.8782 -270530.8168 58.5922
v -411203.8724 -270530.8146 58.5939
v -411203.8681 -270530.8130 58.5984
v -411203.8666 -270530.8124 58.6047
v -411203.8666 -270530.8124 58.6847
v -411203.8681 -270530.8130 58.6910
v -411203.8630 -270530.8218 58.6847
v -411203.8642 -270530.8222 58.6901
v -411203.8595 -270530.8311 58.6847
v -411203.8606 -270530.8316 58.6901
v -411203.8674 -270530.8234 58.6945
v -411203.8721 -270530.8252 58.6969
v -411203.8773 -270530.8272 58.6969
v -411203.8820 -270530.8289 58.6945
v -411203.8852 -270530.8302 58.6901
v -411203.8864 -270530.8306 58.6847
v -411203.8828 -270530.8400 58.6847
v -411203.8817 -270530.8395 58.6901
v -411203.8630 -270530.8218 58.6047
v -411203.8595 -270530.8311 58.6047
v -411203.8864 -270530.8306 58.6047
v -411203.8852 -270530.8302 58.5993
v -411203.8828 -270530.8400 58.6047
v -411203.8817 -270530.8395 58.5993
v -411203.8820 -270530.8289 58.5949
v -411203.8773 -270530.8272 58.5925
v -411203.8721 -270530.8252 58.5925
v -411203.8674 -270530.8234 58.5949
v -411203.8642 -270530.8222 58.5993
v -411203.8606 -270530.8316 58.5993
v -411203.8784 -270530.8383 58.6945
v -411203.8738 -270530.8365 58.6969
v -411203.8686 -270530.8346 58.6969
v -411203.8639 -270530.8328 58.6945
v -411203.8639 -270530.8328 58.5949
v -411203.8686 -270530.8346 58.5925
v -411203.8738 -270530.8365 58.5925
v -411203.8784 -270530.8383 58.5949
v -411204.3141 -270531.0353 59.8047
v -411202.9908 -270530.5343 59.8047
v -411203.0156 -270530.4688 59.8047
v -411204.3389 -270530.9699 59.8047
v -411204.3141 -270531.0353 59.7047
v -411204.3389 -270530.9699 59.7047
v -411204.3155 -270530.9610 59.7047
v -411204.2960 -270531.0124 59.7047
v -411203.0101 -270530.5255 59.7047
v -411203.0296 -270530.4741 59.7047
v -411203.0156 -270530.4688 59.7047
v -411202.9908 -270530.5343 59.7047
v -411203.0296 -270530.4741 59.7897
v -411204.3155 -270530.9610 59.7897
v -411204.2960 -270531.0124 59.7897
v -411203.0101 -270530.5255 59.7897
f 7183 7184 7179
f 7180 7183 7179
f 7185 7179 7184
f 7178 7179 7185
f 7182 7180 7181
f 7182 7183 7180
f 7186 7187 7178
f 7186 7178 7185
f 7184 7188 7186
f 7184 7186 7185
f 7190 7182 7189
f 7190 7183 7182
f 7191 7189 7182
f 7191 7182 7181
f 7180 7192 7191
f 7180 7191 7181
f 7193 7178 7187
f 7193 7179 7178
f 7190 7193 7188
f 7192 7193 7190
f 7186 7188 7193
f 7187 7186 7193
f 7189 7191 7192
f 7189 7192 7190
f 7190 7188 7184
f 7190 7184 7183
f 7193 7192 7180
f 7193 7180 7179
f 7197 7198 7199
f 7200 7197 7199
f 7196 7197 7200
f 7194 7195 7196
f 7201 7194 7196
f 7201 7196 7200
f 7203 7201 7202
f 7203 7194 7201
f 7205 7202 7201
f 7205 7201 7200
f 7206 7202 7205
f 7204 7205 7200
f 7199 7204 7200
f 7199 7207 7204
f 7208 7207 7199
f 7208 7199 7198
f 7208 7198 7197
f 7208 7197 7209
f 7210 7209 7197
f 7210 7197 7196
f 7195 7210 7196
f 7195 7211 7210
f 7212 7211 7195
f 7212 7195 7194
f 7203 7212 7194
f 7213 7214 7215
f 7213 7215 7216
f 7218 7217 7213
f 7218 7213 7216
f 7215 7218 7216
f 7215 7219 7218
f 7220 7219 7215
f 7220 7215 7214
f 7217 7214 7213
f 7220 7214 7217
f 7206 7205 7212
f 7220 7217 7203
f 7220 7203 7202
f 7220 7206 7219
f 7220 7202 7206
f 7219 7212 7218
f 7219 7206 7212
f 7203 7217 7218
f 7203 7218 7212
f 7207 7209 7204
f 7208 7209 7207
f 7210 7205 7204
f 7210 7204 7209
f 7212 7210 7211
f 7212 7205 7210
f 7222 7223 7224
f 7222 7224 7221
f 7225 7226 7222
f 7225 7222 7221
f 7227 7228 7225
f 7229 7227 7225
f 7229 7225 7230
f 7231 7230 7225
f 7232 7231 7225
f 7221 7232 7225
f 7233 7232 7221
f 7221 7234 7233
f 7234 7221 7235
f 7235 7221 7236
f 7221 7237 7236
f 7224 7237 7221
f 7238 7224 7228
f 7224 7239 7237
f 7239 7224 7240
f 7224 7238 7240
f 7241 7228 7227
f 7241 7238 7228
f 7242 7228 7224
f 7242 7224 7223
f 7244 7226 7243
f 7243 7226 7245
f 7246 7226 7244
f 7226 7246 7247
f 7226 7247 7222
f 7222 7247 7248
f 7248 7249 7222
f 7249 7250 7222
f 7250 7251 7222
f 7251 7252 7222
f 7222 7252 7223
f 7252 7253 7223
f 7254 7223 7253
f 7254 7255 7223
f 7255 7242 7223
f 7242 7255 7256
f 7245 7242 7256
f 7226 7242 7245
f 7257 7258 7255
f 7260 7259 7238
f 7258 7261 7256
f 7256 7255 7258
f 7262 7243 7245
f 7261 7245 7256
f 7261 7262 7245
f 7244 7263 7264
f 7246 7264 7265
f 7247 7265 7266
f 7232 7267 7268
f 7263 7244 7243
f 7264 7246 7244
f 7247 7246 7265
f 7262 7263 7243
f 7257 7255 7254
f 7257 7254 7269
f 7238 7259 7270
f 7238 7270 7240
f 7271 7272 7248
f 7274 7273 7233
f 7272 7275 7249
f 7249 7248 7272
f 7276 7251 7250
f 7250 7249 7275
f 7275 7276 7250
f 7252 7277 7278
f 7253 7278 7279
f 7254 7279 7269
f 7240 7270 7280
f 7277 7252 7251
f 7278 7253 7252
f 7254 7253 7279
f 7277 7251 7276
f 7247 7266 7271
f 7247 7271 7248
f 7267 7232 7233
f 7267 7233 7273
f 7231 7268 7281
f 7268 7231 7232
f 7229 7230 7282
f 7281 7230 7231
f 7230 7281 7282
f 7283 7284 7227
f 7241 7284 7260
f 7227 7229 7283
f 7241 7227 7284
f 7238 7241 7260
f 7283 7229 7282
f 7239 7280 7285
f 7280 7239 7240
f 7236 7237 7286
f 7237 7239 7285
f 7237 7285 7286
f 7287 7288 7235
f 7234 7288 7274
f 7235 7236 7287
f 7288 7234 7235
f 7233 7234 7274
f 7286 7287 7236
f 7259 7260 7284
f 7259 7284 7283
f 7259 7283 7282
f 7259 7282 7281
f 7259 7281 7268
f 7259 7268 7267
f 7270 7267 7273
f 7270 7259 7267
f 7285 7280 7270
f 7285 7273 7274
f 7285 7274 7288
f 7285 7288 7287
f 7285 7287 7286
f 7285 7270 7273
f 7269 7276 7275
f 7269 7275 7272
f 7269 7272 7271
f 7269 7279 7278
f 7269 7278 7277
f 7269 7277 7276
f 7257 7271 7266
f 7257 7269 7271
f 7261 7266 7265
f 7261 7265 7264
f 7261 7264 7263
f 7261 7263 7262
f 7261 7258 7257
f 7261 7257 7266
f 7242 7226 7225
f 7242 7225 7228
f 7291 7289 7290
f 7291 7292 7289
f 7299 7300 7297
f 7298 7299 7297
f 7296 7297 7300
f 7293 7296 7300
f 7294 7295 7296
f 7294 7296 7293
f 7289 7292 7294
f 7289 7294 7293
f 7302 7295 7294
f 7302 7294 7292
f 7301 7299 7298
f 7291 7301 7302
f 7291 7299 7301
f 7292 7291 7302
f 7302 7303 7296
f 7302 7296 7295
f 7304 7296 7303
f 7304 7297 7296
f 7304 7301 7298
f 7304 7298 7297
f 7291 7290 7300
f 7291 7300 7299
f 7300 7289 7293
f 7300 7290 7289
f 7302 7301 7304
f 7302 7304 7303
o doors_104628_דלתות_עץ-ציר:90/200:5916963
v -411200.8791 -270532.7180 60.7947
v -411200.8090 -270532.9053 60.7947
v -411200.8352 -270532.9151 60.7947
v -411200.8538 -270532.8655 60.7947
v -411200.8650 -270532.8697 60.7947
v -411200.9166 -270532.7321 60.7947
v -411200.9166 -270532.7321 62.8047
v -411200.8791 -270532.7180 62.8447
v -411200.8650 -270532.8697 62.8047
v -411200.8538 -270532.8655 62.8167
v -411200.8352 -270532.9151 62.8167
v -411200.8090 -270532.9053 62.8447
v -411201.7219 -270533.0338 60.7947
v -411201.6844 -270533.0198 60.7947
v -411201.6329 -270533.1574 60.7947
v -411201.6441 -270533.1617 60.7947
v -411201.6255 -270533.2113 60.7947
v -411201.6517 -270533.2211 60.7947
v -411201.7219 -270533.0338 62.8447
v -411201.6517 -270533.2211 62.8447
v -411201.6255 -270533.2113 62.8167
v -411201.6441 -270533.1617 62.8167
v -411201.6329 -270533.1574 62.8047
v -411201.6844 -270533.0198 62.8047
v -411200.8085 -270532.9179 60.7947
v -411200.7710 -270532.9039 60.7947
v -411200.7710 -270532.9039 62.8807
v -411201.6812 -270533.2450 62.8807
v -411201.6812 -270533.2450 60.7947
v -411201.6438 -270533.2309 60.7947
v -411201.6438 -270533.2309 62.8407
v -411200.8085 -270532.9179 62.8407
v -411200.8127 -270532.9067 62.8407
v -411200.8127 -270532.9067 60.7947
v -411201.6480 -270533.2197 60.7947
v -411201.6480 -270533.2197 62.8407
v -411201.6854 -270533.2337 60.7947
v -411201.6854 -270533.2337 62.8807
v -411200.7752 -270532.8927 60.7947
v -411200.7752 -270532.8927 62.8807
v -411201.6938 -270533.0233 60.7947
v -411201.6938 -270533.0233 62.8147
v -411200.9072 -270532.7285 62.8147
v -411200.9072 -270532.7285 60.7947
v -411200.8698 -270532.7145 60.7947
v -411200.8698 -270532.7145 62.8547
v -411201.7313 -270533.0373 62.8547
v -411201.7313 -270533.0373 60.7947
v -411201.7355 -270533.0261 60.7947
v -411201.6980 -270533.0121 60.7947
v -411201.7355 -270533.0261 62.8547
v -411200.8740 -270532.7033 60.7947
v -411200.8740 -270532.7033 62.8547
v -411200.9114 -270532.7173 60.7947
v -411200.9114 -270532.7173 62.8147
v -411201.6980 -270533.0121 62.8147
v -411201.5594 -270533.1730 61.7477
v -411201.5590 -270533.1729 61.7459
v -411201.5588 -270533.1728 61.7447
v -411201.5593 -270533.1730 61.7423
v -411201.5601 -270533.1733 61.7386
v -411201.5619 -270533.1740 61.7362
v -411201.5628 -270533.1743 61.7350
v -411201.5637 -270533.1746 61.7338
v -411201.5663 -270533.1756 61.7324
v -411201.5690 -270533.1766 61.7311
v -411201.5719 -270533.1777 61.7311
v -411201.5748 -270533.1788 61.7311
v -411201.5774 -270533.1798 61.7324
v -411201.5800 -270533.1808 61.7338
v -411201.5819 -270533.1815 61.7362
v -411201.5837 -270533.1821 61.7386
v -411201.5843 -270533.1824 61.7417
v -411201.5850 -270533.1826 61.7447
v -411201.5843 -270533.1824 61.7477
v -411201.5837 -270533.1821 61.7508
v -411201.5819 -270533.1815 61.7532
v -411201.5800 -270533.1808 61.7556
v -411201.5774 -270533.1798 61.7570
v -411201.5748 -270533.1788 61.7583
v -411201.5719 -270533.1777 61.7583
v -411201.5690 -270533.1766 61.7583
v -411201.5663 -270533.1756 61.7570
v -411201.5637 -270533.1746 61.7556
v -411201.5619 -270533.1740 61.7532
v -411201.5601 -270533.1733 61.7508
v -411201.5617 -270533.2408 61.7386
v -411201.5621 -270533.2417 61.7417
v -411201.5622 -270533.2418 61.7423
v -411201.5625 -270533.2426 61.7447
v -411201.5606 -270533.2383 61.7362
v -411201.5594 -270533.2358 61.7338
v -411201.5492 -270533.2133 61.7338
v -411201.5509 -270533.2169 61.7324
v -411201.5525 -270533.2205 61.7311
v -411201.5578 -270533.2322 61.7324
v -411201.5562 -270533.2285 61.7311
v -411201.5461 -270533.2065 61.7447
v -411201.5463 -270533.2070 61.7432
v -411201.5465 -270533.2074 61.7417
v -411201.5469 -270533.2083 61.7386
v -411201.5481 -270533.2108 61.7362
v -411201.5543 -270533.2245 61.7311
v -411201.4420 -270533.1824 61.7311
v -411201.4431 -270533.1795 61.7311
v -411201.4409 -270533.1853 61.7311
v -411201.5469 -270533.2083 61.7508
v -411201.5465 -270533.2074 61.7477
v -411201.5525 -270533.2205 61.7583
v -411201.5509 -270533.2169 61.7570
v -411201.5492 -270533.2133 61.7556
v -411201.5481 -270533.2108 61.7532
v -411201.5487 -270533.2120 61.7544
v -411201.5562 -270533.2285 61.7583
v -411201.5543 -270533.2245 61.7583
v -411201.4409 -270533.1853 61.7583
v -411201.4420 -270533.1824 61.7583
v -411201.4431 -270533.1795 61.7583
v -411201.5617 -270533.2408 61.7508
v -411201.5622 -270533.2419 61.7470
v -411201.5621 -270533.2417 61.7477
v -411201.5578 -270533.2322 61.7570
v -411201.5594 -270533.2358 61.7556
v -411201.5606 -270533.2383 61.7532
v -411201.4466 -270533.1700 61.7417
v -411201.4469 -270533.1693 61.7447
v -411201.4467 -270533.1698 61.7470
v -411201.4464 -270533.1706 61.7508
v -411201.4457 -270533.1724 61.7532
v -411201.4450 -270533.1742 61.7556
v -411201.4440 -270533.1769 61.7570
v -411201.4399 -270533.1880 61.7570
v -411201.4389 -270533.1906 61.7556
v -411201.4382 -270533.1924 61.7532
v -411201.4375 -270533.1942 61.7508
v -411201.4373 -270533.1949 61.7477
v -411201.4370 -270533.1955 61.7447
v -411201.4373 -270533.1949 61.7417
v -411201.4375 -270533.1942 61.7386
v -411201.4382 -270533.1924 61.7362
v -411201.4389 -270533.1906 61.7338
v -411201.4399 -270533.1880 61.7324
v -411201.4440 -270533.1769 61.7324
v -411201.4450 -270533.1742 61.7338
v -411201.4457 -270533.1724 61.7362
v -411201.4464 -270533.1706 61.7386
v -411201.5861 -270533.1830 61.7256
v -411201.5902 -270533.1846 61.7291
v -411201.5924 -270533.1854 61.7341
v -411201.5947 -270533.1863 61.7391
v -411201.5947 -270533.1863 61.7447
v -411201.5947 -270533.1863 61.7503
v -411201.5924 -270533.1854 61.7553
v -411201.5902 -270533.1846 61.7603
v -411201.5861 -270533.1830 61.7638
v -411201.5820 -270533.1815 61.7672
v -411201.5768 -270533.1796 61.7685
v -411201.5719 -270533.1777 61.7697
v -411201.5668 -270533.1758 61.7685
v -411201.5617 -270533.1739 61.7672
v -411201.5576 -270533.1724 61.7638
v -411201.5536 -270533.1709 61.7603
v -411201.5513 -270533.1700 61.7553
v -411201.5491 -270533.1692 61.7503
v -411201.5491 -270533.1692 61.7447
v -411201.5491 -270533.1692 61.7391
v -411201.5513 -270533.1700 61.7341
v -411201.5536 -270533.1709 61.7291
v -411201.5576 -270533.1724 61.7256
v -411201.5617 -270533.1739 61.7222
v -411201.5669 -270533.1759 61.7209
v -411201.5719 -270533.1777 61.7197
v -411201.5770 -270533.1796 61.7209
v -411201.5820 -270533.1815 61.7222
v -411201.5485 -270533.1775 61.7341
v -411201.5462 -270533.1766 61.7391
v -411201.5462 -270533.1766 61.7447
v -411201.5462 -270533.1766 61.7503
v -411201.5485 -270533.1775 61.7553
v -411201.5508 -270533.1783 61.7603
v -411201.5548 -270533.1799 61.7638
v -411201.5589 -270533.1814 61.7672
v -411201.5641 -270533.1833 61.7685
v -411201.5691 -270533.1852 61.7697
v -411201.5741 -270533.1871 61.7685
v -411201.5792 -270533.1890 61.7672
v -411201.5833 -270533.1905 61.7638
v -411201.5874 -270533.1921 61.7603
v -411201.5896 -270533.1929 61.7553
v -411201.5919 -270533.1938 61.7503
v -411201.5919 -270533.1938 61.7447
v -411201.5919 -270533.1938 61.7391
v -411201.5896 -270533.1929 61.7341
v -411201.5874 -270533.1921 61.7291
v -411201.5833 -270533.1905 61.7256
v -411201.5792 -270533.1890 61.7222
v -411201.5740 -270533.1871 61.7209
v -411201.5691 -270533.1852 61.7197
v -411201.5640 -270533.1833 61.7209
v -411201.5589 -270533.1814 61.7222
v -411201.5548 -270533.1799 61.7256
v -411201.5508 -270533.1783 61.7291
v -411201.5677 -270533.1330 61.7291
v -411201.5655 -270533.1322 61.7341
v -411201.5632 -270533.1313 61.7391
v -411201.5632 -270533.1313 61.7447
v -411201.5632 -270533.1313 61.7503
v -411201.5655 -270533.1322 61.7553
v -411201.5677 -270533.1330 61.7603
v -411201.5718 -270533.1346 61.7638
v -411201.5759 -270533.1361 61.7672
v -411201.5811 -270533.1380 61.7685
v -411201.5860 -270533.1399 61.7697
v -411201.5911 -270533.1418 61.7685
v -411201.5962 -270533.1437 61.7672
v -411201.6003 -270533.1452 61.7638
v -411201.6043 -270533.1468 61.7603
v -411201.6066 -270533.1476 61.7553
v -411201.6089 -270533.1484 61.7503
v -411201.6089 -270533.1484 61.7447
v -411201.6089 -270533.1484 61.7391
v -411201.6066 -270533.1476 61.7341
v -411201.6043 -270533.1468 61.7291
v -411201.6003 -270533.1452 61.7256
v -411201.5962 -270533.1437 61.7222
v -411201.5910 -270533.1417 61.7209
v -411201.5860 -270533.1399 61.7197
v -411201.5810 -270533.1380 61.7209
v -411201.5759 -270533.1361 61.7222
v -411201.5718 -270533.1346 61.7256
v -411201.6094 -270533.1401 61.7341
v -411201.6117 -270533.1410 61.7391
v -411201.6117 -270533.1410 61.7447
v -411201.6117 -270533.1410 61.7503
v -411201.6094 -270533.1401 61.7553
v -411201.6072 -270533.1393 61.7603
v -411201.6031 -270533.1377 61.7638
v -411201.5990 -270533.1362 61.7672
v -411201.5938 -270533.1343 61.7685
v -411201.5889 -270533.1324 61.7697
v -411201.5838 -270533.1305 61.7685
v -411201.5787 -270533.1286 61.7672
v -411201.5746 -270533.1271 61.7638
v -411201.5705 -270533.1255 61.7603
v -411201.5683 -270533.1247 61.7553
v -411201.5660 -270533.1239 61.7503
v -411201.5660 -270533.1239 61.7447
v -411201.5660 -270533.1239 61.7391
v -411201.5683 -270533.1247 61.7341
v -411201.5705 -270533.1255 61.7291
v -411201.5746 -270533.1271 61.7256
v -411201.5787 -270533.1286 61.7222
v -411201.5839 -270533.1306 61.7209
v -411201.5889 -270533.1324 61.7197
v -411201.5939 -270533.1343 61.7209
v -411201.5990 -270533.1362 61.7222
v -411201.6031 -270533.1377 61.7256
v -411201.6072 -270533.1393 61.7291
v -411201.5805 -270533.1378 61.7324
v -411201.5779 -270533.1368 61.7338
v -411201.5761 -270533.1362 61.7362
v -411201.5751 -270533.1358 61.7374
v -411201.5742 -270533.1355 61.7386
v -411201.5736 -270533.1352 61.7417
v -411201.5732 -270533.1351 61.7435
v -411201.5729 -270533.1350 61.7447
v -411201.5734 -270533.1352 61.7471
v -411201.5742 -270533.1355 61.7508
v -411201.5761 -270533.1362 61.7532
v -411201.5770 -270533.1365 61.7544
v -411201.5779 -270533.1368 61.7556
v -411201.5805 -270533.1378 61.7570
v -411201.5831 -270533.1388 61.7583
v -411201.5860 -270533.1399 61.7583
v -411201.5890 -270533.1410 61.7583
v -411201.5916 -270533.1420 61.7570
v -411201.5942 -270533.1430 61.7556
v -411201.5960 -270533.1436 61.7532
v -411201.5979 -270533.1443 61.7508
v -411201.5985 -270533.1446 61.7477
v -411201.5992 -270533.1448 61.7447
v -411201.5985 -270533.1446 61.7417
v -411201.5979 -270533.1443 61.7386
v -411201.5960 -270533.1436 61.7362
v -411201.5942 -270533.1430 61.7338
v -411201.5916 -270533.1420 61.7324
v -411201.5890 -270533.1410 61.7311
v -411201.5860 -270533.1399 61.7311
v -411201.5831 -270533.1388 61.7311
v -411201.6209 -270533.0852 61.7471
v -411201.6216 -270533.0849 61.7447
v -411201.6198 -270533.0857 61.7508
v -411201.6207 -270533.0853 61.7477
v -411201.6173 -270533.0868 61.7532
v -411201.6148 -270533.0880 61.7556
v -411201.5899 -270533.0993 61.7532
v -411201.5924 -270533.0982 61.7556
v -411201.5874 -270533.1005 61.7508
v -411201.6112 -270533.0896 61.7570
v -411201.6076 -270533.0912 61.7583
v -411201.5960 -270533.0965 61.7570
v -411201.5996 -270533.0949 61.7583
v -411201.6036 -270533.0931 61.7583
v -411201.4912 -270533.0510 61.7583
v -411201.4901 -270533.0539 61.7583
v -411201.4923 -270533.0480 61.7583
v -411201.5856 -270533.1013 61.7447
v -411201.5860 -270533.1011 61.7462
v -411201.5865 -270533.1009 61.7477
v -411201.5874 -270533.1005 61.7386
v -411201.5865 -270533.1009 61.7417
v -411201.5996 -270533.0949 61.7311
v -411201.5960 -270533.0965 61.7324
v -411201.5924 -270533.0982 61.7338
v -411201.5899 -270533.0993 61.7362
v -411201.6076 -270533.0912 61.7311
v -411201.6036 -270533.0931 61.7311
v -411201.4923 -270533.0480 61.7311
v -411201.4912 -270533.0510 61.7311
v -411201.4901 -270533.0539 61.7311
v -411201.6112 -270533.0896 61.7324
v -411201.6148 -270533.0880 61.7338
v -411201.6173 -270533.0868 61.7362
v -411201.6198 -270533.0857 61.7386
v -411201.6209 -270533.0852 61.7424
v -411201.6207 -270533.0853 61.7417
v -411201.4868 -270533.0628 61.7386
v -411201.4875 -270533.0610 61.7362
v -411201.4882 -270533.0591 61.7338
v -411201.4891 -270533.0565 61.7324
v -411201.4933 -270533.0454 61.7324
v -411201.4943 -270533.0428 61.7338
v -411201.4950 -270533.0410 61.7362
v -411201.4956 -270533.0392 61.7386
v -411201.4959 -270533.0385 61.7417
v -411201.4961 -270533.0379 61.7447
v -411201.4959 -270533.0385 61.7477
v -411201.4956 -270533.0392 61.7508
v -411201.4950 -270533.0410 61.7532
v -411201.4943 -270533.0428 61.7556
v -411201.4933 -270533.0454 61.7570
v -411201.4891 -270533.0565 61.7570
v -411201.4882 -270533.0591 61.7556
v -411201.4875 -270533.0610 61.7532
v -411201.4868 -270533.0628 61.7508
v -411201.4866 -270533.0634 61.7477
v -411201.4863 -270533.0641 61.7447
v -411201.4865 -270533.0636 61.7424
v -411201.6441 -270533.1617 62.8167
v -411201.6299 -270533.1995 62.8167
v -411200.8396 -270532.9033 62.8167
v -411200.8538 -270532.8655 62.8167
v -411200.8239 -270532.9109 60.7947
v -411201.6367 -270533.2155 60.7947
v -411201.6412 -270533.2037 60.7947
v -411201.6299 -270533.1995 60.7947
v -411201.6441 -270533.1617 60.7947
v -411200.8538 -270532.8655 60.7947
v -411200.8396 -270532.9033 60.7947
v -411200.8284 -270532.8991 60.7947
v -411201.6367 -270533.2155 62.8290
v -411200.8239 -270532.9109 62.8290
v -411200.8284 -270532.8991 62.8290
v -411201.6412 -270533.2037 62.8290
f 7308 7306 7307
f 7305 7306 7308
f 7310 7308 7309
f 7310 7305 7308
f 7311 7305 7310
f 7312 7305 7311
f 7313 7311 7310
f 7313 7310 7309
f 7308 7314 7313
f 7309 7308 7313
f 7315 7314 7308
f 7315 7308 7307
f 7306 7315 7307
f 7306 7316 7315
f 7312 7316 7306
f 7312 7306 7305
f 7320 7321 7322
f 7318 7319 7320
f 7317 7318 7320
f 7317 7320 7322
f 7322 7323 7317
f 7322 7324 7323
f 7322 7325 7324
f 7321 7325 7322
f 7326 7325 7321
f 7326 7321 7320
f 7320 7319 7327
f 7320 7327 7326
f 7328 7327 7319
f 7328 7319 7318
f 7328 7318 7317
f 7328 7317 7323
f 7312 7311 7328
f 7312 7328 7323
f 7328 7313 7327
f 7328 7311 7313
f 7313 7326 7327
f 7314 7326 7313
f 7326 7315 7325
f 7326 7314 7315
f 7316 7324 7325
f 7315 7316 7325
f 7312 7323 7324
f 7312 7324 7316
f 7336 7331 7332
f 7336 7332 7335
f 7333 7335 7332
f 7334 7335 7333
f 7330 7336 7329
f 7330 7331 7336
f 7336 7337 7338
f 7336 7338 7329
f 7340 7334 7339
f 7340 7335 7334
f 7341 7339 7334
f 7341 7334 7333
f 7332 7342 7341
f 7332 7341 7333
f 7344 7330 7343
f 7344 7331 7330
f 7338 7343 7330
f 7338 7330 7329
f 7340 7339 7341
f 7342 7340 7341
f 7337 7343 7338
f 7344 7337 7340
f 7344 7340 7342
f 7344 7343 7337
f 7340 7337 7336
f 7340 7336 7335
f 7344 7342 7332
f 7344 7332 7331
f 7347 7350 7351
f 7347 7351 7346
f 7352 7346 7351
f 7345 7346 7352
f 7349 7347 7348
f 7349 7350 7347
f 7353 7354 7345
f 7353 7345 7352
f 7351 7355 7353
f 7351 7353 7352
f 7357 7349 7356
f 7357 7350 7349
f 7358 7356 7349
f 7358 7349 7348
f 7347 7359 7358
f 7347 7358 7348
f 7360 7345 7354
f 7360 7346 7345
f 7357 7359 7360
f 7357 7360 7355
f 7353 7355 7360
f 7354 7353 7360
f 7356 7358 7359
f 7356 7359 7357
f 7357 7355 7351
f 7357 7351 7350
f 7360 7359 7347
f 7360 7347 7346
f 7373 7374 7375
f 7377 7375 7376
f 7371 7372 7373
f 7379 7377 7378
f 7369 7370 7371
f 7381 7379 7380
f 7367 7368 7369
f 7366 7367 7369
f 7383 7381 7382
f 7364 7365 7366
f 7385 7383 7384
f 7362 7363 7364
f 7361 7364 7366
f 7361 7362 7364
f 7387 7385 7386
f 7389 7390 7361
f 7389 7373 7375
f 7389 7377 7379
f 7389 7375 7377
f 7389 7371 7373
f 7389 7379 7381
f 7389 7369 7371
f 7389 7366 7369
f 7389 7381 7383
f 7389 7383 7385
f 7389 7361 7366
f 7389 7385 7387
f 7388 7389 7387
f 7393 7394 7378
f 7392 7393 7378
f 7391 7378 7377
f 7391 7377 7376
f 7391 7392 7378
f 7395 7391 7376
f 7396 7376 7375
f 7396 7375 7374
f 7396 7395 7376
f 7369 7368 7397
f 7370 7397 7398
f 7370 7398 7399
f 7370 7369 7397
f 7373 7372 7401
f 7374 7400 7396
f 7374 7401 7400
f 7374 7373 7401
f 7404 7405 7365
f 7403 7404 7365
f 7402 7365 7364
f 7402 7364 7363
f 7402 7403 7365
f 7406 7397 7368
f 7405 7368 7367
f 7405 7367 7366
f 7405 7366 7365
f 7405 7406 7368
f 7407 7372 7371
f 7399 7407 7371
f 7371 7370 7399
f 7407 7399 7408
f 7409 7408 7399
f 7408 7410 7407
f 7407 7410 7401
f 7372 7407 7401
f 7402 7361 7390
f 7402 7363 7362
f 7402 7362 7361
f 7412 7402 7390
f 7411 7412 7390
f 7386 7413 7414
f 7386 7414 7415
f 7387 7386 7415
f 7388 7387 7415
f 7411 7390 7389
f 7411 7389 7388
f 7416 7411 7388
f 7417 7416 7388
f 7415 7417 7388
f 7418 7419 7384
f 7418 7420 7419
f 7419 7420 7421
f 7421 7413 7419
f 7413 7421 7422
f 7385 7419 7413
f 7386 7385 7413
f 7419 7385 7384
f 7423 7380 7379
f 7423 7379 7378
f 7425 7423 7378
f 7424 7425 7378
f 7394 7424 7378
f 7382 7426 7418
f 7382 7427 7426
f 7383 7382 7418
f 7384 7383 7418
f 7427 7382 7381
f 7427 7381 7380
f 7428 7427 7380
f 7423 7428 7380
f 7446 7444 7445
f 7442 7443 7444
f 7408 7446 7410
f 7440 7441 7442
f 7447 7408 7409
f 7438 7439 7440
f 7449 7447 7448
f 7436 7437 7438
f 7429 7449 7450
f 7421 7420 7436
f 7431 7429 7430
f 7435 7422 7421
f 7433 7431 7432
f 7433 7444 7446
f 7433 7442 7444
f 7433 7446 7408
f 7433 7440 7442
f 7433 7408 7447
f 7433 7438 7440
f 7433 7447 7449
f 7433 7436 7438
f 7433 7449 7429
f 7433 7421 7436
f 7433 7429 7431
f 7433 7435 7421
f 7434 7435 7433
f 7441 7394 7393
f 7441 7393 7392
f 7441 7392 7391
f 7442 7441 7391
f 7443 7442 7391
f 7397 7447 7409
f 7397 7448 7447
f 7398 7397 7409
f 7399 7398 7409
f 7443 7391 7395
f 7443 7395 7396
f 7444 7443 7396
f 7445 7444 7396
f 7401 7410 7446
f 7401 7446 7445
f 7400 7401 7445
f 7396 7400 7445
f 7448 7397 7406
f 7448 7406 7405
f 7449 7448 7405
f 7450 7449 7405
f 7450 7405 7404
f 7450 7404 7403
f 7450 7403 7402
f 7429 7450 7402
f 7430 7429 7402
f 7431 7430 7402
f 7432 7402 7412
f 7432 7412 7411
f 7432 7431 7402
f 7433 7432 7411
f 7434 7411 7416
f 7434 7416 7417
f 7434 7417 7415
f 7434 7433 7411
f 7440 7439 7423
f 7441 7423 7425
f 7441 7425 7424
f 7441 7424 7394
f 7441 7440 7423
f 7414 7413 7422
f 7415 7422 7435
f 7415 7435 7434
f 7415 7414 7422
f 7426 7427 7437
f 7418 7437 7436
f 7418 7436 7420
f 7418 7426 7437
f 7438 7437 7427
f 7439 7428 7423
f 7439 7427 7428
f 7439 7438 7427
f 7453 7451 7452
f 7477 7478 7451
f 7455 7453 7454
f 7475 7476 7477
f 7457 7455 7456
f 7473 7474 7475
f 7473 7475 7477
f 7459 7457 7458
f 7471 7472 7473
f 7461 7459 7460
f 7469 7470 7471
f 7463 7461 7462
f 7463 7459 7461
f 7467 7468 7469
f 7465 7463 7464
f 7465 7451 7453
f 7465 7477 7451
f 7465 7453 7455
f 7465 7459 7463
f 7465 7455 7457
f 7465 7457 7459
f 7465 7473 7477
f 7465 7471 7473
f 7465 7469 7471
f 7465 7467 7469
f 7466 7467 7465
f 7493 7491 7492
f 7489 7490 7491
f 7495 7493 7494
f 7487 7488 7489
f 7497 7495 7496
f 7485 7486 7487
f 7485 7487 7489
f 7499 7497 7498
f 7483 7484 7485
f 7501 7499 7500
f 7481 7482 7483
f 7503 7501 7502
f 7503 7499 7501
f 7479 7480 7481
f 7505 7503 7504
f 7505 7491 7493
f 7505 7489 7491
f 7505 7493 7495
f 7505 7495 7497
f 7505 7497 7499
f 7505 7485 7489
f 7505 7483 7485
f 7505 7499 7503
f 7505 7481 7483
f 7505 7479 7481
f 7506 7479 7505
f 7460 7490 7489
f 7461 7489 7488
f 7461 7460 7489
f 7462 7461 7488
f 7459 7458 7492
f 7459 7492 7491
f 7460 7491 7490
f 7460 7459 7491
f 7476 7502 7501
f 7477 7501 7500
f 7477 7476 7501
f 7478 7477 7500
f 7493 7458 7457
f 7493 7492 7458
f 7494 7457 7456
f 7494 7493 7457
f 7495 7494 7456
f 7495 7456 7455
f 7496 7455 7454
f 7496 7495 7455
f 7497 7454 7453
f 7497 7496 7454
f 7498 7453 7452
f 7498 7497 7453
f 7451 7478 7500
f 7451 7500 7499
f 7452 7499 7498
f 7452 7451 7499
f 7474 7504 7503
f 7475 7503 7502
f 7475 7474 7503
f 7476 7475 7502
f 7473 7472 7506
f 7473 7506 7505
f 7474 7505 7504
f 7474 7473 7505
f 7462 7488 7487
f 7463 7487 7486
f 7463 7462 7487
f 7464 7463 7486
f 7479 7472 7471
f 7479 7506 7472
f 7480 7471 7470
f 7480 7479 7471
f 7469 7481 7480
f 7469 7480 7470
f 7468 7482 7481
f 7468 7481 7469
f 7483 7468 7467
f 7483 7482 7468
f 7484 7467 7466
f 7484 7483 7467
f 7465 7464 7486
f 7465 7486 7485
f 7466 7485 7484
f 7466 7465 7485
f 7522 7520 7521
f 7518 7519 7520
f 7518 7520 7522
f 7524 7522 7523
f 7516 7517 7518
f 7526 7524 7525
f 7514 7515 7516
f 7514 7516 7518
f 7528 7526 7527
f 7512 7513 7514
f 7530 7528 7529
f 7510 7511 7512
f 7532 7530 7531
f 7532 7528 7530
f 7508 7509 7510
f 7534 7532 7533
f 7534 7518 7522
f 7534 7522 7524
f 7534 7524 7526
f 7534 7514 7518
f 7534 7526 7528
f 7534 7528 7532
f 7534 7512 7514
f 7534 7510 7512
f 7534 7508 7510
f 7507 7508 7534
f 7535 7561 7562
f 7559 7560 7561
f 7537 7535 7536
f 7557 7558 7559
f 7539 7537 7538
f 7555 7556 7557
f 7555 7557 7559
f 7541 7539 7540
f 7553 7554 7555
f 7543 7541 7542
f 7551 7552 7553
f 7545 7543 7544
f 7545 7541 7543
f 7549 7550 7551
f 7547 7545 7546
f 7547 7561 7535
f 7547 7559 7561
f 7547 7535 7537
f 7547 7537 7539
f 7547 7539 7541
f 7547 7555 7559
f 7547 7541 7545
f 7547 7553 7555
f 7547 7551 7553
f 7547 7549 7551
f 7548 7549 7547
f 7544 7517 7516
f 7545 7516 7515
f 7545 7544 7516
f 7546 7545 7515
f 7547 7515 7514
f 7547 7546 7515
f 7548 7514 7513
f 7548 7547 7514
f 7556 7533 7532
f 7557 7532 7531
f 7557 7556 7532
f 7558 7557 7531
f 7512 7511 7550
f 7512 7550 7549
f 7513 7549 7548
f 7513 7512 7549
f 7510 7552 7551
f 7510 7509 7552
f 7511 7551 7550
f 7511 7510 7551
f 7508 7507 7554
f 7508 7554 7553
f 7509 7553 7552
f 7509 7508 7553
f 7555 7554 7507
f 7555 7507 7534
f 7556 7534 7533
f 7556 7555 7534
f 7558 7531 7530
f 7559 7530 7529
f 7559 7558 7530
f 7560 7559 7529
f 7561 7529 7528
f 7561 7560 7529
f 7562 7528 7527
f 7562 7561 7528
f 7542 7519 7518
f 7543 7518 7517
f 7543 7542 7518
f 7544 7543 7517
f 7526 7525 7536
f 7526 7536 7535
f 7527 7535 7562
f 7527 7526 7535
f 7524 7538 7537
f 7524 7523 7538
f 7525 7537 7536
f 7525 7524 7537
f 7522 7521 7540
f 7522 7540 7539
f 7523 7539 7538
f 7523 7522 7539
f 7541 7540 7521
f 7541 7521 7520
f 7542 7520 7519
f 7542 7541 7520
f 7580 7581 7582
f 7584 7582 7583
f 7578 7579 7580
f 7586 7584 7585
f 7576 7577 7578
f 7588 7586 7587
f 7574 7575 7576
f 7573 7574 7576
f 7590 7588 7589
f 7571 7572 7573
f 7592 7590 7591
f 7569 7570 7571
f 7568 7571 7573
f 7568 7569 7571
f 7563 7592 7593
f 7566 7567 7568
f 7565 7580 7582
f 7565 7584 7586
f 7565 7582 7584
f 7565 7578 7580
f 7565 7573 7576
f 7565 7586 7588
f 7565 7576 7578
f 7565 7588 7590
f 7565 7568 7573
f 7565 7590 7592
f 7565 7592 7563
f 7565 7566 7568
f 7564 7565 7563
f 7584 7583 7596
f 7585 7594 7595
f 7585 7596 7597
f 7585 7597 7594
f 7585 7584 7596
f 7582 7581 7599
f 7583 7598 7596
f 7583 7599 7598
f 7583 7582 7599
f 7573 7572 7602
f 7574 7573 7602
f 7575 7600 7601
f 7575 7602 7600
f 7575 7574 7602
f 7603 7599 7581
f 7604 7581 7580
f 7604 7580 7579
f 7604 7603 7581
f 7605 7606 7577
f 7601 7576 7575
f 7601 7577 7576
f 7601 7605 7577
f 7579 7578 7607
f 7578 7606 7607
f 7606 7578 7577
f 7606 7608 7607
f 7609 7608 7606
f 7608 7610 7607
f 7610 7604 7607
f 7604 7579 7607
f 7571 7570 7611
f 7572 7611 7612
f 7572 7612 7613
f 7572 7613 7602
f 7572 7571 7611
f 7567 7614 7615
f 7567 7615 7611
f 7568 7567 7611
f 7569 7568 7611
f 7570 7569 7611
f 7618 7563 7593
f 7618 7564 7563
f 7617 7618 7593
f 7616 7617 7593
f 7564 7619 7614
f 7564 7618 7619
f 7565 7564 7614
f 7566 7565 7614
f 7567 7566 7614
f 7621 7591 7620
f 7621 7620 7622
f 7621 7622 7623
f 7616 7621 7623
f 7616 7623 7624
f 7621 7616 7592
f 7616 7593 7592
f 7592 7591 7621
f 7620 7591 7590
f 7620 7590 7589
f 7625 7620 7589
f 7626 7625 7589
f 7587 7627 7626
f 7587 7628 7627
f 7588 7587 7626
f 7589 7588 7626
f 7585 7595 7629
f 7585 7629 7630
f 7585 7630 7628
f 7586 7585 7628
f 7587 7586 7628
f 7634 7632 7633
f 7652 7631 7632
f 7623 7634 7624
f 7650 7651 7652
f 7650 7652 7632
f 7635 7623 7622
f 7648 7649 7650
f 7637 7635 7636
f 7646 7647 7648
f 7639 7637 7638
f 7608 7609 7646
f 7641 7639 7640
f 7645 7610 7608
f 7643 7641 7642
f 7643 7632 7634
f 7643 7648 7650
f 7643 7634 7623
f 7643 7623 7635
f 7643 7650 7632
f 7643 7635 7637
f 7643 7646 7648
f 7643 7637 7639
f 7643 7608 7646
f 7643 7639 7641
f 7643 7645 7608
f 7644 7645 7643
f 7640 7595 7594
f 7640 7594 7597
f 7640 7597 7596
f 7641 7640 7596
f 7642 7641 7596
f 7642 7596 7598
f 7642 7598 7599
f 7643 7642 7599
f 7644 7643 7599
f 7604 7610 7645
f 7604 7645 7644
f 7603 7604 7644
f 7599 7603 7644
f 7601 7646 7609
f 7601 7647 7646
f 7605 7601 7609
f 7606 7605 7609
f 7647 7601 7600
f 7647 7600 7602
f 7648 7647 7602
f 7649 7648 7602
f 7649 7602 7613
f 7649 7613 7612
f 7649 7612 7611
f 7650 7649 7611
f 7651 7650 7611
f 7652 7651 7611
f 7631 7611 7615
f 7631 7615 7614
f 7631 7652 7611
f 7617 7616 7624
f 7618 7624 7634
f 7618 7634 7633
f 7618 7617 7624
f 7632 7631 7614
f 7633 7619 7618
f 7633 7614 7619
f 7633 7632 7614
f 7625 7626 7636
f 7620 7636 7635
f 7620 7635 7622
f 7620 7625 7636
f 7639 7638 7628
f 7640 7628 7630
f 7640 7630 7629
f 7640 7629 7595
f 7640 7639 7628
f 7637 7636 7626
f 7638 7627 7628
f 7638 7626 7627
f 7638 7637 7626
f 7656 7653 7654
f 7656 7654 7655
f 7663 7664 7657
f 7660 7657 7658
f 7660 7663 7657
f 7659 7660 7658
f 7661 7662 7663
f 7661 7663 7660
f 7662 7661 7653
f 7662 7653 7656
f 7656 7655 7663
f 7656 7663 7662
f 7654 7661 7660
f 7654 7653 7661
f 7667 7665 7666
f 7667 7668 7665
f 7667 7666 7657
f 7667 7657 7664
f 7654 7660 7659
f 7668 7654 7659
f 7655 7664 7663
f 7667 7655 7654
f 7667 7654 7668
f 7667 7664 7655
f 7665 7668 7659
f 7665 7659 7658
f 7657 7666 7665
f 7657 7665 7658
o doors_112958_דלת_זכוכית_דו_כנפית:400/240:59
v -411194.8328 -270527.5318 57.6947
v -411194.8506 -270527.5386 57.6947
v -411194.8191 -270527.6218 57.6947
v -411194.8013 -270527.6151 57.6947
v -411194.8191 -270527.6218 59.9947
v -411194.8013 -270527.6151 59.9947
v -411193.3318 -270531.5497 59.9947
v -411193.3140 -270531.5429 59.9947
v -411193.3318 -270531.5497 57.6947
v -411193.3140 -270531.5429 57.6947
v -411193.3003 -270531.6329 57.6947
v -411193.2825 -270531.6262 57.6947
v -411193.3003 -270531.6329 60.0837
v -411193.2825 -270531.6262 60.0837
v -411194.8506 -270527.5386 60.0837
v -411194.8328 -270527.5318 60.0837
v -411193.3343 -270531.4415 57.8987
v -411193.3343 -270531.4415 59.8927
v -411193.3221 -270531.4369 59.8927
v -411193.3221 -270531.4369 57.8987
v -411193.9935 -270529.6638 59.8927
v -411193.9935 -270529.6638 57.8987
v -411194.0057 -270529.6684 59.8927
v -411194.0057 -270529.6684 57.8987
v -411194.0779 -270529.4776 57.8987
v -411194.0779 -270529.4776 59.8927
v -411194.0657 -270529.4730 59.8927
v -411194.0657 -270529.4730 57.8987
v -411194.7371 -270527.6998 59.8927
v -411194.7371 -270527.6998 57.8987
v -411194.7493 -270527.7045 59.8927
v -411194.7493 -270527.7045 57.8987
v -411194.0100 -270529.5609 59.9947
v -411194.0577 -270529.5790 59.9947
v -411194.8013 -270527.6151 59.9947
v -411194.7536 -270527.5970 59.9947
v -411194.8013 -270527.6151 57.6947
v -411194.7536 -270527.5970 57.6947
v -411194.0577 -270529.5790 57.6947
v -411194.0100 -270529.5609 57.6947
v -411193.3140 -270531.5429 57.6947
v -411193.2663 -270531.5249 57.6947
v -411193.3140 -270531.5429 59.9947
v -411193.2663 -270531.5249 59.9947
v -411194.0461 -270529.4656 59.8927
v -411194.0938 -270529.4836 59.8927
v -411194.0938 -270529.4836 57.8987
v -411194.0461 -270529.4656 57.8987
v -411194.7652 -270527.7105 57.8987
v -411194.7175 -270527.6924 57.8987
v -411194.7652 -270527.7105 59.8927
v -411194.7175 -270527.6924 59.8927
v -411193.9739 -270529.6563 59.8927
v -411194.0216 -270529.6744 59.8927
v -411193.3502 -270531.4475 59.8927
v -411193.3025 -270531.4295 59.8927
v -411193.3502 -270531.4475 57.8987
v -411193.3025 -270531.4295 57.8987
v -411194.0216 -270529.6744 57.8987
v -411193.9739 -270529.6563 57.8987
v -411192.9842 -270531.5132 60.0837
v -411193.0020 -270531.5199 60.0837
v -411194.5523 -270527.4256 60.0837
v -411194.5345 -270527.4189 60.0837
v -411194.5523 -270527.4256 57.6947
v -411194.5345 -270527.4189 57.6947
v -411194.5208 -270527.5088 57.6947
v -411194.5030 -270527.5021 57.6947
v -411194.5208 -270527.5088 59.9947
v -411194.5030 -270527.5021 59.9947
v -411193.0335 -270531.4367 59.9947
v -411193.0157 -270531.4300 59.9947
v -411193.0335 -270531.4367 57.6947
v -411193.0157 -270531.4300 57.6947
v -411193.0020 -270531.5199 57.6947
v -411192.9842 -270531.5132 57.6947
f 7670 7669 7672
f 7671 7670 7672
f 7671 7672 7674
f 7673 7671 7674
f 7673 7674 7676
f 7675 7673 7676
f 7675 7676 7678
f 7677 7675 7678
f 7677 7678 7680
f 7679 7677 7680
f 7679 7680 7682
f 7681 7679 7682
f 7681 7682 7684
f 7683 7681 7684
f 7683 7684 7669
f 7670 7683 7669
f 7672 7669 7674
f 7674 7669 7684
f 7680 7678 7676
f 7680 7676 7682
f 7674 7684 7682
f 7676 7674 7682
f 7673 7670 7671
f 7683 7670 7673
f 7675 7677 7679
f 7681 7675 7679
f 7681 7683 7673
f 7681 7673 7675
f 7686 7685 7688
f 7687 7686 7688
f 7687 7688 7690
f 7689 7687 7690
f 7689 7690 7692
f 7691 7689 7692
f 7691 7692 7685
f 7686 7691 7685
f 7688 7685 7690
f 7685 7692 7690
f 7689 7686 7687
f 7689 7691 7686
f 7694 7693 7696
f 7695 7694 7696
f 7695 7696 7698
f 7697 7695 7698
f 7697 7698 7700
f 7699 7697 7700
f 7699 7700 7693
f 7694 7699 7693
f 7696 7693 7698
f 7693 7700 7698
f 7697 7694 7695
f 7697 7699 7694
f 7702 7701 7704
f 7703 7702 7704
f 7703 7704 7706
f 7705 7703 7706
f 7705 7706 7708
f 7707 7705 7708
f 7707 7708 7710
f 7709 7707 7710
f 7709 7710 7712
f 7711 7709 7712
f 7711 7712 7701
f 7702 7711 7701
f 7714 7713 7716
f 7715 7714 7716
f 7715 7716 7718
f 7717 7715 7718
f 7717 7718 7720
f 7719 7717 7720
f 7719 7720 7713
f 7714 7719 7713
f 7722 7721 7724
f 7723 7722 7724
f 7723 7724 7726
f 7725 7723 7726
f 7725 7726 7728
f 7727 7725 7728
f 7727 7728 7721
f 7722 7727 7721
f 7701 7712 7721
f 7712 7724 7721
f 7724 7712 7726
f 7726 7712 7710
f 7701 7721 7713
f 7726 7710 7728
f 7704 7701 7720
f 7701 7713 7720
f 7721 7728 7716
f 7713 7721 7716
f 7716 7728 7708
f 7728 7710 7708
f 7704 7720 7718
f 7716 7708 7718
f 7704 7718 7706
f 7718 7708 7706
f 7722 7711 7702
f 7722 7723 7711
f 7725 7711 7723
f 7709 7711 7725
f 7714 7722 7702
f 7727 7709 7725
f 7719 7702 7703
f 7719 7714 7702
f 7715 7727 7722
f 7715 7722 7714
f 7707 7727 7715
f 7707 7709 7727
f 7717 7719 7703
f 7717 7707 7715
f 7705 7717 7703
f 7705 7707 7717
f 7730 7729 7732
f 7731 7730 7732
f 7731 7732 7734
f 7733 7731 7734
f 7733 7734 7736
f 7735 7733 7736
f 7735 7736 7738
f 7737 7735 7738
f 7737 7738 7740
f 7739 7737 7740
f 7739 7740 7742
f 7741 7739 7742
f 7741 7742 7744
f 7743 7741 7744
f 7743 7744 7729
f 7730 7743 7729
f 7740 7729 7744
f 7740 7744 7742
f 7729 7740 7738
f 7729 7738 7732
f 7738 7736 7734
f 7732 7738 7734
f 7743 7730 7739
f 7741 7743 7739
f 7737 7739 7730
f 7731 7737 7730
f 7733 7735 7737
f 7733 7737 7731
o doors_119714_mmd_90:800_x_2000:6061362
v -411199.6733 -270527.8022 58.6575
v -411199.6740 -270527.8004 58.6535
v -411199.6752 -270527.7971 58.6507
v -411199.6768 -270527.7930 58.6497
v -411199.6783 -270527.7890 58.6507
v -411199.6795 -270527.7857 58.6535
v -411199.6802 -270527.7839 58.6575
v -411199.6802 -270527.7839 58.6619
v -411199.6795 -270527.7857 58.6659
v -411199.6783 -270527.7890 58.6687
v -411199.6768 -270527.7930 58.6697
v -411199.6752 -270527.7971 58.6687
v -411199.6740 -270527.8004 58.6659
v -411199.6733 -270527.8022 58.6619
v -411199.6752 -270527.7971 58.5087
v -411199.6740 -270527.8004 58.5059
v -411199.6733 -270527.8022 58.5019
v -411199.6733 -270527.8022 58.4975
v -411199.6740 -270527.8004 58.4935
v -411199.6752 -270527.7971 58.4907
v -411199.6768 -270527.7930 58.4897
v -411199.6783 -270527.7890 58.4907
v -411199.6795 -270527.7857 58.4935
v -411199.6802 -270527.7839 58.4975
v -411199.6802 -270527.7839 58.5019
v -411199.6795 -270527.7857 58.5059
v -411199.6783 -270527.7890 58.5087
v -411199.6768 -270527.7930 58.5097
v -411199.7376 -270527.8161 58.6497
v -411199.7400 -270527.8124 58.6507
v -411199.7438 -270527.8101 58.6535
v -411199.7483 -270527.8097 58.6575
v -411199.7483 -270527.8097 58.5019
v -411199.7524 -270527.8113 58.4975
v -411199.7524 -270527.8113 58.6619
v -411199.7555 -270527.8145 58.6659
v -411199.7569 -270527.8187 58.6687
v -411199.7563 -270527.8231 58.6697
v -411199.7538 -270527.8269 58.6687
v -411199.7500 -270527.8291 58.6659
v -411199.7455 -270527.8295 58.6619
v -411199.7455 -270527.8295 58.4975
v -411199.7414 -270527.8279 58.5019
v -411199.7414 -270527.8279 58.6575
v -411199.7383 -270527.8247 58.6535
v -411199.7369 -270527.8205 58.6507
v -411199.7376 -270527.8161 58.5097
v -411199.7400 -270527.8124 58.5087
v -411199.7438 -270527.8101 58.5059
v -411199.7555 -270527.8145 58.4935
v -411199.7569 -270527.8187 58.4907
v -411199.7563 -270527.8231 58.4897
v -411199.7538 -270527.8269 58.4907
v -411199.7500 -270527.8291 58.4935
v -411199.7383 -270527.8247 58.5059
v -411199.7369 -270527.8205 58.5087
v -411199.1981 -270528.3229 59.6847
v -411199.4602 -270527.6309 59.6847
v -411199.4602 -270527.6309 57.7147
v -411199.4779 -270527.5841 57.7147
v -411199.4779 -270527.5841 59.7347
v -411199.1804 -270528.3697 59.7347
v -411199.1804 -270528.3697 57.7147
v -411199.1981 -270528.3229 57.7147
v -411199.2121 -270528.3282 59.6847
v -411199.2121 -270528.3282 57.7147
v -411199.1944 -270528.3750 57.7147
v -411199.1944 -270528.3750 59.7347
v -411199.4919 -270527.5894 59.7347
v -411199.4919 -270527.5894 57.7147
v -411199.4742 -270527.6362 57.7147
v -411199.4742 -270527.6362 59.6847
v -411199.4600 -270528.4221 59.6847
v -411199.4600 -270528.4221 57.7147
v -411199.4423 -270528.4688 57.7147
v -411199.4423 -270528.4688 59.7347
v -411199.7397 -270527.6833 59.7347
v -411199.7397 -270527.6833 57.7147
v -411199.7220 -270527.7300 57.7147
v -411199.7220 -270527.7300 59.6847
v -411199.4459 -270528.4168 59.6847
v -411199.7080 -270527.7247 59.6847
v -411199.7080 -270527.7247 57.7147
v -411199.7257 -270527.6780 57.7147
v -411199.7257 -270527.6780 59.7347
v -411199.4282 -270528.4635 59.7347
v -411199.4282 -270528.4635 57.7147
v -411199.4459 -270528.4168 57.7147
v -411199.7080 -270527.7247 59.6847
v -411199.4459 -270528.4168 59.6847
v -411199.4459 -270528.4168 57.7147
v -411199.4353 -270528.4448 57.7147
v -411199.4353 -270528.4448 59.7147
v -411199.7186 -270527.6967 59.7147
v -411199.7186 -270527.6967 57.7147
v -411199.7080 -270527.7247 57.7147
v -411199.4742 -270527.6362 59.6847
v -411199.4742 -270527.6362 57.7147
v -411199.4848 -270527.6081 57.7147
v -411199.4848 -270527.6081 59.7147
v -411199.2015 -270528.3563 59.7147
v -411199.2015 -270528.3563 57.7147
v -411199.2121 -270528.3282 57.7147
v -411199.2121 -270528.3282 59.6847
v -411199.4413 -270528.4150 57.7147
v -411199.4413 -270528.4150 59.6847
v -411199.7033 -270527.7229 59.6847
v -411199.7033 -270527.7229 57.7147
v -411199.4132 -270528.4044 57.7147
v -411199.6753 -270527.7123 57.7147
v -411199.6753 -270527.7123 59.6847
v -411199.4132 -270528.4044 59.6847
f 7750 7745 7746
f 7750 7746 7747
f 7750 7747 7748
f 7750 7748 7749
f 7750 7751 7752
f 7750 7752 7753
f 7750 7753 7754
f 7750 7754 7755
f 7750 7755 7756
f 7750 7756 7757
f 7750 7757 7758
f 7750 7758 7745
f 7765 7763 7764
f 7767 7759 7760
f 7767 7760 7761
f 7767 7761 7762
f 7767 7762 7763
f 7767 7765 7766
f 7767 7768 7769
f 7767 7769 7770
f 7767 7770 7771
f 7767 7771 7772
f 7767 7772 7759
f 7767 7763 7765
f 7773 7774 7749
f 7773 7749 7748
f 7751 7775 7776
f 7751 7750 7775
f 7774 7775 7750
f 7774 7750 7749
f 7777 7769 7768
f 7777 7768 7778
f 7776 7752 7751
f 7779 7776 7777
f 7779 7777 7778
f 7779 7752 7776
f 7753 7752 7779
f 7753 7779 7780
f 7780 7781 7754
f 7780 7754 7753
f 7781 7782 7755
f 7781 7755 7754
f 7783 7756 7755
f 7782 7783 7755
f 7784 7757 7756
f 7783 7784 7756
f 7757 7784 7785
f 7758 7757 7785
f 7762 7787 7786
f 7761 7787 7762
f 7788 7785 7786
f 7788 7786 7787
f 7758 7788 7745
f 7758 7785 7788
f 7745 7788 7789
f 7746 7745 7789
f 7773 7748 7747
f 7790 7773 7747
f 7790 7747 7746
f 7789 7790 7746
f 7791 7792 7774
f 7791 7774 7773
f 7776 7793 7777
f 7776 7775 7793
f 7792 7793 7775
f 7792 7775 7774
f 7780 7779 7778
f 7780 7778 7794
f 7794 7795 7781
f 7794 7781 7780
f 7795 7796 7782
f 7795 7782 7781
f 7796 7783 7782
f 7796 7797 7783
f 7797 7798 7784
f 7797 7784 7783
f 7785 7784 7798
f 7785 7798 7786
f 7789 7787 7799
f 7789 7788 7787
f 7800 7791 7773
f 7800 7773 7790
f 7799 7800 7790
f 7799 7790 7789
f 7791 7772 7771
f 7792 7791 7771
f 7792 7771 7770
f 7793 7792 7770
f 7769 7777 7793
f 7770 7769 7793
f 7767 7794 7778
f 7768 7767 7778
f 7794 7767 7766
f 7795 7794 7766
f 7795 7766 7765
f 7796 7795 7765
f 7797 7796 7765
f 7797 7765 7764
f 7798 7764 7763
f 7798 7797 7764
f 7763 7762 7786
f 7763 7786 7798
f 7761 7799 7787
f 7761 7760 7799
f 7800 7760 7759
f 7800 7799 7760
f 7791 7800 7759
f 7791 7759 7772
f 7802 7805 7806
f 7802 7806 7801
f 7807 7801 7806
f 7808 7801 7807
f 7804 7802 7803
f 7804 7805 7802
f 7809 7810 7811
f 7812 7809 7811
f 7816 7814 7815
f 7816 7809 7812
f 7813 7816 7812
f 7813 7814 7816
f 7809 7802 7801
f 7809 7816 7802
f 7802 7816 7815
f 7802 7815 7803
f 7815 7804 7803
f 7815 7814 7804
f 7813 7805 7804
f 7813 7804 7814
f 7813 7806 7805
f 7813 7812 7806
f 7806 7812 7811
f 7806 7811 7807
f 7811 7808 7807
f 7811 7810 7808
f 7809 7801 7808
f 7809 7808 7810
f 7817 7818 7819
f 7820 7817 7819
f 7824 7822 7823
f 7824 7817 7820
f 7821 7824 7820
f 7821 7822 7824
f 7826 7829 7830
f 7826 7830 7825
f 7831 7825 7830
f 7832 7825 7831
f 7828 7826 7827
f 7828 7829 7826
f 7817 7825 7832
f 7817 7832 7818
f 7819 7818 7832
f 7819 7832 7831
f 7830 7820 7819
f 7830 7819 7831
f 7821 7820 7830
f 7821 7830 7829
f 7821 7829 7828
f 7821 7828 7822
f 7823 7822 7828
f 7823 7828 7827
f 7826 7824 7823
f 7826 7823 7827
f 7817 7824 7826
f 7817 7826 7825
f 7834 7835 7836
f 7837 7834 7836
f 7833 7839 7840
f 7838 7833 7834
f 7838 7834 7837
f 7838 7839 7833
f 7844 7848 7841
f 7844 7845 7848
f 7846 7848 7845
f 7847 7848 7846
f 7843 7841 7842
f 7843 7844 7841
f 7834 7833 7841
f 7834 7841 7848
f 7834 7848 7847
f 7834 7847 7835
f 7836 7835 7847
f 7836 7847 7846
f 7846 7837 7836
f 7846 7845 7837
f 7838 7837 7845
f 7838 7845 7844
f 7844 7839 7838
f 7844 7843 7839
f 7840 7839 7843
f 7840 7843 7842
f 7841 7833 7840
f 7841 7840 7842
f 7851 7849 7850
f 7851 7852 7849
f 7854 7855 7856
f 7854 7856 7853
f 7856 7850 7849
f 7856 7849 7853
f 7851 7850 7856
f 7851 7856 7855
f 7851 7855 7854
f 7851 7854 7852
f 7849 7852 7854
f 7849 7854 7853
o doors_120210_דלת_נפתחת:80/240:6073739
v -411204.2030 -270534.3786 57.6947
v -411203.9225 -270534.2723 57.6947
v -411203.9136 -270534.2957 57.6947
v -411203.9510 -270534.3099 57.6947
v -411203.9457 -270534.3239 57.6947
v -411204.1889 -270534.4160 57.6947
v -411204.1889 -270534.4160 59.8547
v -411204.2030 -270534.3786 59.8947
v -411203.9457 -270534.3239 59.8547
v -411203.9510 -270534.3099 59.8697
v -411203.9136 -270534.2957 59.8697
v -411203.9225 -270534.2723 59.8947
v -411203.9339 -270535.0893 59.8547
v -411203.9197 -270535.1267 59.8947
v -411203.6907 -270534.9972 59.8547
v -411203.6854 -270535.0113 59.8697
v -411203.6480 -270534.9971 59.8697
v -411203.6392 -270535.0205 59.8947
v -411203.9197 -270535.1267 57.6947
v -411203.9339 -270535.0893 57.6947
v -411203.6907 -270534.9972 57.6947
v -411203.6854 -270535.0113 57.6947
v -411203.6480 -270534.9971 57.6947
v -411203.6392 -270535.0205 57.6947
v -411203.9112 -270534.2681 57.6947
v -411203.9254 -270534.2307 57.6947
v -411203.9254 -270534.2307 59.9347
v -411203.6138 -270535.0536 59.9347
v -411203.6138 -270535.0536 57.6947
v -411203.6279 -270535.0162 57.6947
v -411203.6279 -270535.0162 59.8947
v -411203.9112 -270534.2681 59.8947
v -411203.9225 -270534.2723 57.6947
v -411203.9225 -270534.2723 59.8947
v -411203.6392 -270535.0205 59.8947
v -411203.6392 -270535.0205 57.6947
v -411203.6250 -270535.0579 57.6947
v -411203.6250 -270535.0579 59.9347
v -411203.9366 -270534.2349 59.9347
v -411203.9366 -270534.2349 57.6947
v -411203.9250 -270535.1127 57.6947
v -411203.9250 -270535.1127 59.8797
v -411204.1977 -270534.3926 59.8797
v -411204.1977 -270534.3926 57.6947
v -411204.2119 -270534.3552 57.6947
v -411204.2119 -270534.3552 59.9197
v -411203.9109 -270535.1501 59.9197
v -411203.9109 -270535.1501 57.6947
v -411203.9363 -270535.1169 57.6947
v -411203.9221 -270535.1543 57.6947
v -411203.9221 -270535.1543 59.9197
v -411204.2231 -270534.3594 59.9197
v -411204.2231 -270534.3594 57.6947
v -411204.2089 -270534.3968 57.6947
v -411204.2089 -270534.3968 59.8797
v -411203.9363 -270535.1169 59.8797
v -411203.2122 -270534.0301 59.8697
v -411203.9136 -270534.2957 59.8697
v -411203.8994 -270534.3331 59.8697
v -411203.1980 -270534.0675 59.8697
v -411203.2122 -270534.0301 57.6947
v -411203.1980 -270534.0675 57.6947
v -411203.8994 -270534.3331 57.6947
v -411203.9136 -270534.2957 57.6947
f 7860 7858 7859
f 7862 7860 7861
f 7862 7857 7860
f 7857 7858 7860
f 7863 7857 7862
f 7864 7857 7863
f 7865 7863 7862
f 7865 7862 7861
f 7860 7865 7861
f 7860 7866 7865
f 7867 7866 7860
f 7867 7860 7859
f 7858 7867 7859
f 7858 7868 7867
f 7864 7868 7858
f 7864 7858 7857
f 7864 7863 7869
f 7864 7869 7870
f 7869 7865 7871
f 7869 7863 7865
f 7865 7872 7871
f 7866 7872 7865
f 7873 7872 7866
f 7873 7866 7867
f 7868 7874 7873
f 7867 7868 7873
f 7864 7870 7874
f 7864 7874 7868
f 7878 7879 7880
f 7876 7877 7878
f 7875 7876 7878
f 7880 7875 7878
f 7869 7876 7875
f 7870 7869 7875
f 7869 7871 7877
f 7869 7877 7876
f 7878 7871 7872
f 7877 7871 7878
f 7873 7879 7878
f 7872 7873 7878
f 7880 7873 7874
f 7879 7873 7880
f 7880 7870 7875
f 7880 7874 7870
f 7888 7883 7884
f 7888 7884 7887
f 7885 7887 7884
f 7886 7887 7885
f 7882 7888 7881
f 7882 7883 7888
f 7891 7892 7893
f 7894 7891 7893
f 7890 7896 7889
f 7895 7890 7891
f 7895 7891 7894
f 7895 7896 7890
f 7888 7890 7889
f 7888 7889 7881
f 7891 7890 7888
f 7891 7888 7887
f 7887 7886 7892
f 7887 7892 7891
f 7893 7892 7886
f 7893 7886 7885
f 7884 7894 7893
f 7884 7893 7885
f 7895 7894 7884
f 7895 7884 7883
f 7895 7882 7896
f 7895 7883 7882
f 7889 7896 7882
f 7889 7882 7881
f 7902 7898 7899
f 7902 7903 7898
f 7904 7898 7903
f 7897 7898 7904
f 7901 7899 7900
f 7901 7902 7899
f 7908 7911 7912
f 7908 7912 7907
f 7906 7907 7912
f 7905 7906 7912
f 7909 7910 7911
f 7909 7911 7908
f 7906 7905 7897
f 7906 7897 7904
f 7903 7907 7906
f 7903 7906 7904
f 7908 7907 7903
f 7908 7903 7902
f 7908 7901 7909
f 7908 7902 7901
f 7910 7909 7901
f 7910 7901 7900
f 7899 7911 7910
f 7899 7910 7900
f 7912 7911 7899
f 7912 7899 7898
f 7912 7897 7905
f 7912 7898 7897
f 7914 7915 7916
f 7914 7916 7913
f 7919 7917 7918
f 7919 7920 7917
f 7917 7916 7918
f 7917 7913 7916
f 7916 7915 7919
f 7916 7919 7918
f 7914 7920 7919
f 7914 7919 7915
f 7914 7913 7917
f 7914 7917 7920
o doors_120448_דלת_נפתחת:80/200:6074569
v -411202.1318 -270530.1342 57.6947
v -411202.1692 -270530.1483 57.6947
v -411202.1905 -270530.0922 57.6947
v -411202.1764 -270530.0869 57.6947
v -411202.1906 -270530.0495 57.6947
v -411202.1672 -270530.0406 57.6947
v -411202.1318 -270530.1342 59.7447
v -411202.1692 -270530.1483 59.7047
v -411202.1905 -270530.0922 59.7047
v -411202.1764 -270530.0869 59.7197
v -411202.1906 -270530.0495 59.7197
v -411202.1672 -270530.0406 59.7447
v -411202.8800 -270530.4175 59.7447
v -411202.8426 -270530.4033 59.7047
v -411202.8638 -270530.3472 59.7047
v -411202.8778 -270530.3525 59.7197
v -411202.8920 -270530.3151 59.7197
v -411202.9154 -270530.3239 59.7447
v -411202.8800 -270530.4175 57.6947
v -411202.9154 -270530.3239 57.6947
v -411202.8920 -270530.3151 57.6947
v -411202.8778 -270530.3525 57.6947
v -411202.8638 -270530.3472 57.6947
v -411202.8426 -270530.4033 57.6947
v -411202.1715 -270530.0294 57.6947
v -411202.1715 -270530.0294 59.7447
v -411202.9196 -270530.3127 59.7447
v -411202.9196 -270530.3127 57.6947
v -411202.9571 -270530.3269 57.6947
v -411202.9571 -270530.3269 59.7847
v -411202.1341 -270530.0153 59.7847
v -411202.1341 -270530.0153 57.6947
v -411202.1672 -270530.0406 57.6947
v -411202.1298 -270530.0265 57.6947
v -411202.1298 -270530.0265 59.7847
v -411202.9528 -270530.3381 59.7847
v -411202.9528 -270530.3381 57.6947
v -411202.9154 -270530.3239 57.6947
v -411202.9154 -270530.3239 59.7447
v -411202.1672 -270530.0406 59.7447
v -411202.8660 -270530.4121 57.6947
v -411202.9034 -270530.4263 57.6947
v -411202.9034 -270530.4263 59.7697
v -411202.1084 -270530.1253 59.7697
v -411202.1084 -270530.1253 57.6947
v -411202.1458 -270530.1395 57.6947
v -411202.1458 -270530.1395 59.7297
v -411202.8660 -270530.4121 59.7297
v -411202.8617 -270530.4234 57.6947
v -411202.8617 -270530.4234 59.7297
v -411202.1416 -270530.1507 59.7297
v -411202.1416 -270530.1507 57.6947
v -411202.1042 -270530.1365 57.6947
v -411202.1042 -270530.1365 59.7697
v -411202.8991 -270530.4375 59.7697
v -411202.8991 -270530.4375 57.6947
v -411202.4562 -270529.3481 59.7197
v -411202.4936 -270529.3623 59.7197
v -411202.2280 -270530.0637 59.7197
v -411202.1906 -270530.0495 59.7197
v -411202.4562 -270529.3481 57.6947
v -411202.1906 -270530.0495 57.6947
v -411202.2280 -270530.0637 57.6947
v -411202.4936 -270529.3623 57.6947
f 7924 7925 7926
f 7922 7923 7924
f 7921 7922 7924
f 7921 7924 7926
f 7928 7922 7921
f 7928 7921 7927
f 7928 7923 7922
f 7928 7929 7923
f 7924 7929 7930
f 7923 7929 7924
f 7931 7925 7924
f 7931 7924 7930
f 7926 7931 7932
f 7925 7931 7926
f 7926 7932 7927
f 7926 7927 7921
f 7933 7928 7927
f 7933 7934 7928
f 7928 7934 7935
f 7928 7935 7929
f 7936 7930 7929
f 7936 7929 7935
f 7930 7936 7937
f 7930 7937 7931
f 7937 7932 7931
f 7937 7938 7932
f 7933 7927 7932
f 7933 7932 7938
f 7942 7940 7941
f 7939 7940 7942
f 7944 7942 7943
f 7944 7939 7942
f 7934 7939 7944
f 7933 7939 7934
f 7935 7934 7944
f 7935 7944 7943
f 7942 7935 7943
f 7942 7936 7935
f 7937 7936 7942
f 7937 7942 7941
f 7940 7937 7941
f 7940 7938 7937
f 7933 7938 7940
f 7933 7940 7939
f 7947 7950 7951
f 7947 7951 7946
f 7952 7946 7951
f 7945 7946 7952
f 7949 7947 7948
f 7949 7950 7947
f 7960 7953 7954
f 7960 7954 7955
f 7959 7957 7958
f 7956 7959 7960
f 7956 7960 7955
f 7956 7957 7959
f 7946 7945 7953
f 7946 7953 7960
f 7960 7947 7946
f 7960 7959 7947
f 7947 7959 7958
f 7947 7958 7948
f 7958 7949 7948
f 7958 7957 7949
f 7956 7950 7949
f 7956 7949 7957
f 7956 7951 7950
f 7956 7955 7951
f 7951 7955 7954
f 7951 7954 7952
f 7954 7945 7952
f 7954 7953 7945
f 7968 7963 7964
f 7968 7964 7967
f 7965 7967 7964
f 7966 7967 7965
f 7962 7968 7961
f 7962 7963 7968
f 7970 7974 7975
f 7970 7971 7974
f 7973 7974 7971
f 7972 7973 7971
f 7976 7969 7970
f 7976 7970 7975
f 7969 7962 7961
f 7969 7976 7962
f 7975 7963 7962
f 7975 7962 7976
f 7975 7964 7963
f 7975 7974 7964
f 7964 7974 7973
f 7964 7973 7965
f 7973 7966 7965
f 7973 7972 7966
f 7971 7967 7966
f 7971 7966 7972
f 7971 7968 7967
f 7971 7970 7968
f 7968 7970 7969
f 7968 7969 7961
f 7979 7977 7978
f 7979 7980 7977
f 7982 7983 7984
f 7982 7984 7981
f 7984 7978 7977
f 7984 7977 7981
f 7979 7978 7984
f 7979 7984 7983
f 7979 7983 7982
f 7979 7982 7980
f 7977 7980 7982
f 7977 7982 7981
o doors_127779_הזזה-עץ:70/205:6078510
v -411203.2715 -270531.8145 60.7947
v -411203.2341 -270531.8004 60.7947
v -411203.2341 -270531.8004 62.8697
v -411203.9355 -270532.0660 62.8697
v -411203.9355 -270532.0660 60.7947
v -411203.8981 -270532.0518 60.7947
v -411203.8981 -270532.0518 62.8297
v -411203.2715 -270531.8145 62.8297
v -411203.2769 -270531.8005 60.7947
v -411203.2394 -270531.7864 60.7947
v -411203.2394 -270531.7864 62.8697
v -411203.9409 -270532.0519 62.8697
v -411203.9409 -270532.0519 60.7947
v -411203.9034 -270532.0378 60.7947
v -411203.9034 -270532.0378 62.8297
v -411203.2769 -270531.8005 62.8297
v -411203.2949 -270531.8234 60.7947
v -411203.2575 -270531.8092 60.7947
v -411203.1973 -270531.9682 60.7947
v -411203.2347 -270531.9824 60.7947
v -411203.2400 -270531.9684 60.7947
v -411203.2260 -270531.9630 60.7947
v -411203.2402 -270531.9256 60.7947
v -411203.2542 -270531.9309 60.7947
v -411203.2949 -270531.8234 62.8047
v -411203.2575 -270531.8092 62.8447
v -411203.2221 -270531.9028 62.8447
v -411203.2221 -270531.9028 62.8047
v -411203.1973 -270531.9682 62.8047
v -411203.2347 -270531.9824 62.8047
v -411203.2400 -270531.9684 62.8047
v -411203.2260 -270531.9630 62.8047
v -411203.2402 -270531.9256 62.8047
v -411203.2542 -270531.9309 62.8047
v -411203.2595 -270531.9169 62.8047
v -411203.8748 -270532.0430 60.7947
v -411203.8393 -270532.1365 60.7947
v -411203.8767 -270532.1506 60.7947
v -411203.9122 -270532.0571 60.7947
v -411203.8748 -270532.0430 62.8047
v -411203.8393 -270532.1365 62.8047
v -411203.8767 -270532.1506 62.8447
v -411203.9122 -270532.0571 62.8447
v -411204.2331 -270532.3390 60.7947
v -411204.2437 -270532.3110 60.7947
v -411203.6125 -270532.0720 60.7947
v -411203.6019 -270532.1000 60.7947
v -411203.6125 -270532.0720 62.8447
v -411203.6019 -270532.1000 62.8447
v -411204.2331 -270532.3390 62.8447
v -411203.6638 -270532.1235 61.7955
v -411203.6681 -270532.1251 61.7910
v -411203.6697 -270532.1257 61.7847
v -411203.6697 -270532.1257 61.7047
v -411203.6681 -270532.1251 61.6985
v -411203.6638 -270532.1235 61.6939
v -411203.6463 -270532.1168 61.7847
v -411203.6580 -270532.1213 61.6922
v -411203.6521 -270532.1190 61.6939
v -411203.6478 -270532.1174 61.6985
v -411203.6463 -270532.1168 61.7047
v -411203.6478 -270532.1174 61.7910
v -411203.6580 -270532.1213 61.7972
v -411203.6521 -270532.1190 61.7955
v -411204.2437 -270532.3110 62.8447
v -411203.6628 -270532.0910 61.7955
v -411203.6686 -270532.0932 61.7972
v -411203.6585 -270532.0894 61.7910
v -411203.6569 -270532.0888 61.7847
v -411203.6744 -270532.0954 61.7955
v -411203.6569 -270532.0888 61.7047
v -411203.6585 -270532.0894 61.6985
v -411203.6628 -270532.0910 61.6939
v -411203.6686 -270532.0932 61.6922
v -411203.6744 -270532.0954 61.6939
v -411203.6803 -270532.0976 61.7847
v -411203.6787 -270532.0970 61.6985
v -411203.6803 -270532.0976 61.7047
v -411203.6787 -270532.0970 61.7910
v -411203.6756 -270532.1065 61.7901
v -411203.6767 -270532.1070 61.7847
v -411203.6720 -270532.1159 61.7901
v -411203.6732 -270532.1163 61.7847
v -411203.6723 -270532.1053 61.7945
v -411203.6677 -270532.1035 61.7969
v -411203.6578 -270532.0998 61.7945
v -411203.6625 -270532.1016 61.7969
v -411203.6545 -270532.0986 61.7901
v -411203.6534 -270532.0981 61.7847
v -411203.6510 -270532.1079 61.7901
v -411203.6498 -270532.1075 61.7847
v -411203.6767 -270532.1070 61.7047
v -411203.6732 -270532.1163 61.7047
v -411203.6545 -270532.0986 61.6993
v -411203.6534 -270532.0981 61.7047
v -411203.6510 -270532.1079 61.6993
v -411203.6498 -270532.1075 61.7047
v -411203.6578 -270532.0998 61.6949
v -411203.6625 -270532.1016 61.6925
v -411203.6723 -270532.1053 61.6949
v -411203.6677 -270532.1035 61.6925
v -411203.6756 -270532.1065 61.6993
v -411203.6720 -270532.1159 61.6993
v -411203.6542 -270532.1092 61.7945
v -411203.6589 -270532.1109 61.7969
v -411203.6688 -270532.1147 61.7945
v -411203.6641 -270532.1129 61.7969
v -411203.6688 -270532.1147 61.6949
v -411203.6641 -270532.1129 61.6925
v -411203.6542 -270532.1092 61.6949
v -411203.6589 -270532.1109 61.6925
v -411203.1973 -270531.9682 62.9047
v -411203.2221 -270531.9028 62.9047
v -411204.5454 -270532.4038 62.9047
v -411204.5206 -270532.4693 62.9047
v -411203.1973 -270531.9682 62.8047
v -411204.5206 -270532.4693 62.8047
v -411204.5454 -270532.4038 62.8047
v -411204.5314 -270532.3985 62.8047
v -411204.5119 -270532.4499 62.8047
v -411203.2260 -270531.9630 62.8047
v -411203.2455 -270531.9116 62.8047
v -411203.2221 -270531.9028 62.8047
v -411203.2455 -270531.9116 62.8897
v -411204.5314 -270532.3985 62.8897
v -411203.2260 -270531.9630 62.8897
v -411204.5119 -270532.4499 62.8897
f 7987 7991 7992
f 7987 7988 7991
f 7989 7991 7988
f 7990 7991 7989
f 7986 7992 7985
f 7986 7987 7992
f 7993 7986 7985
f 7993 7994 7986
f 7995 7987 7986
f 7995 7986 7994
f 7988 7996 7997
f 7988 7997 7989
f 7997 7990 7989
f 7997 7998 7990
f 7999 7991 7990
f 7999 7990 7998
f 7992 8000 7993
f 7992 7993 7985
f 8000 7999 7996
f 7995 8000 7996
f 7997 7996 7999
f 7998 7997 7999
f 7994 7993 8000
f 7994 8000 7995
f 7995 7988 7987
f 7995 7996 7988
f 7999 7992 7991
f 7999 8000 7992
f 8004 8006 8003
f 8005 8006 8004
f 8007 8003 8006
f 8002 8003 8007
f 8001 8007 8008
f 8001 8002 8007
f 8009 8002 8001
f 8010 8002 8009
f 8012 8003 8002
f 8012 8013 8003
f 8010 8011 8012
f 8010 8012 8002
f 8003 8013 8014
f 8003 8014 8004
f 8014 8015 8005
f 8014 8005 8004
f 8016 8006 8005
f 8016 8005 8015
f 8016 8017 8007
f 8016 8007 8006
f 8007 8017 8018
f 8007 8018 8008
f 8019 8001 8008
f 8019 8009 8001
f 8018 8019 8008
f 8023 8020 8021
f 8023 8021 8022
f 8024 8025 8021
f 8024 8021 8020
f 8022 8025 8026
f 8021 8025 8022
f 8022 8026 8027
f 8022 8027 8023
f 8024 8020 8023
f 8024 8023 8027
f 8019 8012 8011
f 8010 8009 8024
f 8010 8024 8027
f 8010 8027 8026
f 8010 8026 8011
f 8011 8026 8025
f 8011 8025 8019
f 8024 8009 8019
f 8024 8019 8025
f 8016 8015 8014
f 8013 8016 8014
f 8017 8016 8013
f 8019 8018 8017
f 8012 8019 8017
f 8012 8017 8013
f 8029 8030 8031
f 8029 8031 8028
f 8032 8033 8031
f 8032 8031 8030
f 8034 8035 8033
f 8036 8035 8034
f 8037 8036 8034
f 8028 8037 8034
f 8028 8038 8037
f 8028 8039 8038
f 8028 8040 8039
f 8028 8031 8040
f 8041 8031 8033
f 8040 8031 8042
f 8031 8043 8042
f 8043 8031 8044
f 8031 8045 8044
f 8045 8031 8041
f 8041 8033 8046
f 8035 8047 8033
f 8048 8033 8047
f 8046 8033 8048
f 8034 8049 8029
f 8034 8029 8028
f 8032 8050 8051
f 8050 8032 8052
f 8032 8053 8052
f 8053 8032 8030
f 8054 8032 8051
f 8049 8032 8054
f 8053 8030 8055
f 8055 8030 8056
f 8057 8056 8030
f 8058 8057 8030
f 8059 8058 8030
f 8059 8030 8029
f 8049 8060 8029
f 8061 8059 8029
f 8062 8061 8029
f 8060 8062 8029
f 8049 8063 8060
f 8063 8049 8054
f 8060 8064 8065
f 8067 8066 8037
f 8068 8064 8063
f 8060 8063 8064
f 8069 8054 8051
f 8068 8063 8054
f 8069 8068 8054
f 8070 8071 8050
f 8052 8072 8070
f 8053 8073 8072
f 8074 8075 8041
f 8071 8051 8050
f 8070 8050 8052
f 8052 8053 8072
f 8071 8069 8051
f 8060 8076 8062
f 8060 8065 8076
f 8067 8037 8038
f 8067 8038 8077
f 8055 8078 8079
f 8081 8080 8045
f 8082 8078 8056
f 8055 8056 8078
f 8083 8057 8058
f 8056 8057 8082
f 8083 8082 8057
f 8084 8085 8059
f 8061 8086 8084
f 8062 8076 8086
f 8038 8087 8077
f 8085 8058 8059
f 8084 8059 8061
f 8061 8062 8086
f 8083 8058 8085
f 8073 8053 8055
f 8073 8055 8079
f 8041 8081 8045
f 8041 8075 8081
f 8046 8088 8074
f 8074 8041 8046
f 8048 8047 8089
f 8046 8048 8088
f 8048 8089 8088
f 8035 8090 8091
f 8036 8066 8090
f 8047 8035 8091
f 8035 8036 8090
f 8066 8036 8037
f 8089 8047 8091
f 8039 8092 8087
f 8087 8038 8039
f 8040 8042 8093
f 8092 8039 8040
f 8040 8093 8092
f 8043 8094 8095
f 8044 8080 8094
f 8042 8043 8095
f 8094 8043 8044
f 8080 8044 8045
f 8095 8093 8042
f 8089 8091 8090
f 8075 8074 8088
f 8075 8088 8089
f 8075 8090 8066
f 8075 8066 8067
f 8075 8089 8090
f 8081 8067 8077
f 8081 8075 8067
f 8094 8077 8087
f 8094 8087 8092
f 8094 8092 8093
f 8094 8093 8095
f 8094 8080 8081
f 8094 8081 8077
f 8079 8078 8082
f 8079 8082 8083
f 8079 8083 8085
f 8079 8085 8084
f 8079 8084 8086
f 8079 8086 8076
f 8073 8076 8065
f 8073 8079 8076
f 8070 8065 8064
f 8070 8064 8068
f 8070 8068 8069
f 8070 8069 8071
f 8070 8072 8073
f 8070 8073 8065
f 8032 8049 8034
f 8032 8034 8033
f 8097 8098 8099
f 8097 8099 8096
f 8107 8100 8105
f 8106 8107 8105
f 8101 8104 8105
f 8101 8105 8100
f 8102 8103 8104
f 8102 8104 8101
f 8097 8096 8100
f 8097 8100 8107
f 8109 8103 8102
f 8109 8102 8098
f 8108 8107 8106
f 8108 8109 8098
f 8097 8107 8108
f 8098 8097 8108
f 8110 8106 8105
f 8110 8108 8106
f 8110 8105 8104
f 8110 8104 8111
f 8109 8104 8103
f 8109 8111 8104
f 8099 8098 8102
f 8099 8102 8101
f 8100 8096 8099
f 8100 8099 8101
f 8109 8108 8110
f 8109 8110 8111
o doors_127837_דלת_נפתחת:80/200:6078512
v -411202.5268 -270531.4280 60.7947
v -411202.6205 -270531.4631 60.7947
v -411202.6292 -270531.4397 60.7947
v -411202.5918 -270531.4256 60.7947
v -411202.5970 -270531.4116 60.7947
v -411202.5409 -270531.3905 60.7947
v -411202.5409 -270531.3905 62.8047
v -411202.5268 -270531.4280 62.8447
v -411202.5970 -270531.4116 62.8047
v -411202.5918 -270531.4256 62.8197
v -411202.6292 -270531.4397 62.8197
v -411202.6205 -270531.4631 62.8447
v -411202.7935 -270530.7163 62.8047
v -411202.8075 -270530.6789 62.8447
v -411202.8497 -270530.7374 62.8047
v -411202.8550 -270530.7233 62.8197
v -411202.8924 -270530.7374 62.8197
v -411202.9012 -270530.7139 62.8447
v -411202.8075 -270530.6789 60.7947
v -411202.7935 -270530.7163 60.7947
v -411202.8497 -270530.7374 60.7947
v -411202.8550 -270530.7233 60.7947
v -411202.8924 -270530.7374 60.7947
v -411202.9012 -270530.7139 60.7947
v -411202.6317 -270531.4673 60.7947
v -411202.6177 -270531.5047 60.7947
v -411202.6177 -270531.5047 62.8847
v -411202.9265 -270530.6807 62.8847
v -411202.9265 -270530.6807 60.7947
v -411202.9124 -270530.7182 60.7947
v -411202.9124 -270530.7182 62.8447
v -411202.6317 -270531.4673 62.8447
v -411202.6205 -270531.4631 60.7947
v -411202.6205 -270531.4631 62.8447
v -411202.9012 -270530.7139 62.8447
v -411202.9012 -270530.7139 60.7947
v -411202.9152 -270530.6765 60.7947
v -411202.9152 -270530.6765 62.8847
v -411202.6064 -270531.5005 62.8847
v -411202.6064 -270531.5005 60.7947
v -411202.8023 -270530.6929 60.7947
v -411202.8023 -270530.6929 62.8297
v -411202.5321 -270531.4139 62.8297
v -411202.5321 -270531.4139 60.7947
v -411202.5181 -270531.4514 60.7947
v -411202.5181 -270531.4514 62.8697
v -411202.8163 -270530.6554 62.8697
v -411202.8163 -270530.6554 60.7947
v -411202.7910 -270530.6887 60.7947
v -411202.8051 -270530.6512 60.7947
v -411202.8051 -270530.6512 62.8697
v -411202.5068 -270531.4472 62.8697
v -411202.5068 -270531.4472 60.7947
v -411202.5209 -270531.4097 60.7947
v -411202.5209 -270531.4097 62.8297
v -411202.7910 -270530.6887 62.8297
v -411203.3316 -270531.7028 62.8197
v -411202.6292 -270531.4397 62.8197
v -411202.6433 -270531.4022 62.8197
v -411203.3456 -270531.6654 62.8197
v -411203.3316 -270531.7028 60.7947
v -411203.3456 -270531.6654 60.7947
v -411202.6433 -270531.4022 60.7947
v -411202.6292 -270531.4397 60.7947
f 8115 8113 8114
f 8112 8113 8115
f 8117 8115 8116
f 8117 8112 8115
f 8118 8112 8117
f 8119 8112 8118
f 8120 8118 8117
f 8120 8117 8116
f 8115 8120 8116
f 8115 8121 8120
f 8122 8121 8115
f 8122 8115 8114
f 8113 8122 8114
f 8113 8123 8122
f 8119 8123 8113
f 8119 8113 8112
f 8119 8118 8124
f 8119 8124 8125
f 8124 8120 8126
f 8124 8118 8120
f 8120 8127 8126
f 8121 8127 8120
f 8127 8122 8128
f 8127 8121 8122
f 8123 8129 8128
f 8122 8123 8128
f 8119 8125 8129
f 8119 8129 8123
f 8133 8134 8135
f 8131 8132 8133
f 8130 8133 8135
f 8130 8131 8133
f 8124 8131 8130
f 8124 8130 8125
f 8124 8126 8132
f 8124 8132 8131
f 8133 8126 8127
f 8132 8126 8133
f 8127 8128 8134
f 8127 8134 8133
f 8135 8128 8129
f 8134 8128 8135
f 8135 8125 8130
f 8135 8129 8125
f 8143 8138 8139
f 8143 8139 8142
f 8140 8142 8139
f 8141 8142 8140
f 8137 8143 8136
f 8137 8138 8143
f 8146 8147 8148
f 8149 8146 8148
f 8145 8151 8144
f 8150 8145 8146
f 8150 8146 8149
f 8150 8151 8145
f 8143 8145 8144
f 8143 8144 8136
f 8146 8145 8143
f 8146 8143 8142
f 8142 8141 8147
f 8142 8147 8146
f 8148 8147 8141
f 8148 8141 8140
f 8139 8149 8148
f 8139 8148 8140
f 8150 8149 8139
f 8150 8139 8138
f 8150 8137 8151
f 8150 8138 8137
f 8144 8151 8137
f 8144 8137 8136
f 8154 8157 8158
f 8154 8158 8153
f 8159 8153 8158
f 8152 8153 8159
f 8156 8154 8155
f 8156 8157 8154
f 8166 8162 8163
f 8166 8167 8162
f 8161 8162 8167
f 8160 8161 8167
f 8164 8165 8166
f 8164 8166 8163
f 8161 8160 8152
f 8161 8152 8159
f 8158 8162 8161
f 8158 8161 8159
f 8163 8162 8158
f 8163 8158 8157
f 8163 8156 8164
f 8163 8157 8156
f 8165 8164 8156
f 8165 8156 8155
f 8154 8166 8165
f 8154 8165 8155
f 8167 8166 8154
f 8167 8154 8153
f 8167 8152 8160
f 8167 8153 8152
f 8169 8170 8171
f 8169 8171 8168
f 8174 8172 8173
f 8174 8175 8172
f 8172 8171 8173
f 8172 8168 8171
f 8171 8170 8174
f 8171 8174 8173
f 8169 8175 8174
f 8169 8174 8170
f 8169 8168 8172
f 8169 8172 8175
o doors_129313_עץ-כנף+קבוע+זיגוג_כנף:(90+40)/
v -411197.7395 -270527.3376 59.6667
v -411197.7395 -270527.3376 57.6947
v -411197.8536 -270527.0364 57.6947
v -411197.8536 -270527.0364 59.6667
v -411197.8797 -270527.0463 57.6947
v -411197.8797 -270527.0463 59.6667
v -411197.7769 -270527.3517 57.6947
v -411197.8952 -270527.0394 57.6947
v -411197.8840 -270527.0351 57.6947
v -411197.7657 -270527.3475 59.6667
v -411197.7657 -270527.3475 59.6787
v -411197.7769 -270527.3517 59.6787
v -411197.8952 -270527.0394 59.6787
v -411197.8840 -270527.0351 59.6787
v -411197.3712 -270528.1070 57.6947
v -411197.4647 -270528.1424 57.6947
v -411197.4746 -270528.1162 57.6947
v -411197.4484 -270528.1063 57.6947
v -411197.4527 -270528.0951 57.6947
v -411197.3854 -270528.0696 57.6947
v -411197.3854 -270528.0696 59.6547
v -411197.3712 -270528.1070 59.6947
v -411197.4527 -270528.0951 59.6547
v -411197.4484 -270528.1063 59.6667
v -411197.4746 -270528.1162 59.6667
v -411197.4647 -270528.1424 59.6947
v -411197.7961 -270526.9847 57.6947
v -411197.7820 -270527.0222 57.6947
v -411197.8493 -270527.0477 57.6947
v -411197.8536 -270527.0364 57.6947
v -411197.8797 -270527.0463 57.6947
v -411197.8897 -270527.0202 57.6947
v -411197.7961 -270526.9847 59.6947
v -411197.8897 -270527.0202 59.6947
v -411197.8797 -270527.0463 59.6667
v -411197.8536 -270527.0364 59.6667
v -411197.8493 -270527.0477 59.6547
v -411197.7820 -270527.0222 59.6547
v -411197.7582 -270527.4238 58.6447
v -411197.7584 -270527.4232 58.6419
v -411197.7587 -270527.4225 58.6386
v -411197.7594 -270527.4207 58.6362
v -411197.7597 -270527.4197 58.6350
v -411197.7601 -270527.4188 58.6338
v -411197.7611 -270527.4162 58.6324
v -411197.7621 -270527.4136 58.6311
v -411197.7632 -270527.4107 58.6311
v -411197.7643 -270527.4078 58.6311
v -411197.7653 -270527.4051 58.6324
v -411197.7663 -270527.4025 58.6338
v -411197.7669 -270527.4007 58.6362
v -411197.7676 -270527.3989 58.6386
v -411197.7679 -270527.3982 58.6417
v -411197.7681 -270527.3976 58.6447
v -411197.7679 -270527.3982 58.6477
v -411197.7676 -270527.3989 58.6508
v -411197.7669 -270527.4007 58.6532
v -411197.7663 -270527.4025 58.6556
v -411197.7653 -270527.4051 58.6570
v -411197.7643 -270527.4078 58.6583
v -411197.7632 -270527.4107 58.6583
v -411197.7621 -270527.4136 58.6583
v -411197.7611 -270527.4162 58.6570
v -411197.7601 -270527.4188 58.6556
v -411197.7594 -270527.4207 58.6532
v -411197.7587 -270527.4225 58.6508
v -411197.7585 -270527.4231 58.6477
v -411197.7583 -270527.4235 58.6461
v -411197.8187 -270527.4182 58.6386
v -411197.8196 -270527.4178 58.6417
v -411197.8197 -270527.4178 58.6419
v -411197.8205 -270527.4174 58.6447
v -411197.8162 -270527.4193 58.6362
v -411197.8137 -270527.4205 58.6338
v -411197.7912 -270527.4306 58.6338
v -411197.7930 -270527.4298 58.6331
v -411197.7948 -270527.4290 58.6324
v -411197.7984 -270527.4274 58.6311
v -411197.8065 -270527.4237 58.6311
v -411197.8101 -270527.4221 58.6324
v -411197.7844 -270527.4337 58.6447
v -411197.7848 -270527.4335 58.6432
v -411197.7853 -270527.4333 58.6417
v -411197.7862 -270527.4329 58.6386
v -411197.7887 -270527.4317 58.6362
v -411197.8024 -270527.4255 58.6311
v -411197.7600 -270527.5378 58.6311
v -411197.7570 -270527.5367 58.6311
v -411197.7629 -270527.5389 58.6311
v -411197.7862 -270527.4329 58.6508
v -411197.7853 -270527.4333 58.6477
v -411197.7984 -270527.4274 58.6583
v -411197.7948 -270527.4290 58.6570
v -411197.7912 -270527.4306 58.6556
v -411197.7887 -270527.4317 58.6532
v -411197.7899 -270527.4312 58.6544
v -411197.8065 -270527.4237 58.6583
v -411197.8024 -270527.4255 58.6583
v -411197.7629 -270527.5389 58.6583
v -411197.7600 -270527.5378 58.6583
v -411197.7570 -270527.5367 58.6583
v -411197.8187 -270527.4182 58.6508
v -411197.8198 -270527.4177 58.6470
v -411197.8196 -270527.4178 58.6477
v -411197.8101 -270527.4221 58.6570
v -411197.8137 -270527.4205 58.6556
v -411197.8162 -270527.4193 58.6532
v -411197.7500 -270527.5340 58.6362
v -411197.7482 -270527.5333 58.6386
v -411197.7475 -270527.5331 58.6417
v -411197.7469 -270527.5328 58.6447
v -411197.7474 -270527.5330 58.6470
v -411197.7482 -270527.5333 58.6508
v -411197.7500 -270527.5340 58.6532
v -411197.7518 -270527.5347 58.6556
v -411197.7544 -270527.5357 58.6570
v -411197.7655 -270527.5399 58.6570
v -411197.7681 -270527.5409 58.6556
v -411197.7699 -270527.5416 58.6532
v -411197.7718 -270527.5422 58.6508
v -411197.7724 -270527.5425 58.6477
v -411197.7730 -270527.5427 58.6447
v -411197.7724 -270527.5425 58.6417
v -411197.7718 -270527.5422 58.6386
v -411197.7699 -270527.5416 58.6362
v -411197.7681 -270527.5409 58.6338
v -411197.7655 -270527.5399 58.6324
v -411197.7544 -270527.5357 58.6324
v -411197.7518 -270527.5347 58.6338
v -411197.7635 -270527.3873 58.6341
v -411197.7643 -270527.3850 58.6391
v -411197.7643 -270527.3850 58.6447
v -411197.7643 -270527.3850 58.6503
v -411197.7635 -270527.3873 58.6553
v -411197.7626 -270527.3896 58.6603
v -411197.7611 -270527.3936 58.6638
v -411197.7595 -270527.3977 58.6672
v -411197.7576 -270527.4029 58.6685
v -411197.7557 -270527.4078 58.6697
v -411197.7538 -270527.4129 58.6685
v -411197.7518 -270527.4180 58.6672
v -411197.7503 -270527.4221 58.6638
v -411197.7488 -270527.4261 58.6603
v -411197.7479 -270527.4284 58.6553
v -411197.7471 -270527.4306 58.6503
v -411197.7471 -270527.4306 58.6447
v -411197.7471 -270527.4306 58.6391
v -411197.7479 -270527.4284 58.6341
v -411197.7488 -270527.4261 58.6291
v -411197.7503 -270527.4221 58.6256
v -411197.7518 -270527.4180 58.6222
v -411197.7538 -270527.4128 58.6209
v -411197.7557 -270527.4078 58.6197
v -411197.7576 -270527.4028 58.6209
v -411197.7595 -270527.3977 58.6222
v -411197.7611 -270527.3936 58.6256
v -411197.7626 -270527.3896 58.6291
v -411197.7578 -270527.4249 58.6256
v -411197.7562 -270527.4290 58.6291
v -411197.7554 -270527.4312 58.6341
v -411197.7545 -270527.4335 58.6391
v -411197.7545 -270527.4335 58.6447
v -411197.7545 -270527.4335 58.6503
v -411197.7554 -270527.4312 58.6553
v -411197.7562 -270527.4290 58.6603
v -411197.7578 -270527.4249 58.6638
v -411197.7593 -270527.4208 58.6672
v -411197.7613 -270527.4156 58.6685
v -411197.7632 -270527.4107 58.6697
v -411197.7651 -270527.4056 58.6685
v -411197.7670 -270527.4005 58.6672
v -411197.7686 -270527.3965 58.6638
v -411197.7701 -270527.3924 58.6603
v -411197.7709 -270527.3901 58.6553
v -411197.7718 -270527.3879 58.6503
v -411197.7718 -270527.3879 58.6447
v -411197.7718 -270527.3879 58.6391
v -411197.7709 -270527.3901 58.6341
v -411197.7701 -270527.3924 58.6291
v -411197.7686 -270527.3965 58.6256
v -411197.7670 -270527.4005 58.6222
v -411197.7650 -270527.4057 58.6209
v -411197.7632 -270527.4107 58.6197
v -411197.7612 -270527.4157 58.6209
v -411197.7593 -270527.4208 58.6222
v -411197.7096 -270527.4165 58.6503
v -411197.7105 -270527.4142 58.6553
v -411197.7114 -270527.4120 58.6603
v -411197.7129 -270527.4079 58.6638
v -411197.7144 -270527.4038 58.6672
v -411197.7164 -270527.3986 58.6685
v -411197.7183 -270527.3937 58.6697
v -411197.7202 -270527.3886 58.6685
v -411197.7221 -270527.3835 58.6672
v -411197.7237 -270527.3795 58.6638
v -411197.7252 -270527.3754 58.6603
v -411197.7261 -270527.3731 58.6553
v -411197.7269 -270527.3709 58.6503
v -411197.7269 -270527.3709 58.6447
v -411197.7269 -270527.3709 58.6391
v -411197.7261 -270527.3731 58.6341
v -411197.7252 -270527.3754 58.6291
v -411197.7237 -270527.3795 58.6256
v -411197.7221 -270527.3835 58.6222
v -411197.7201 -270527.3887 58.6209
v -411197.7183 -270527.3937 58.6197
v -411197.7164 -270527.3987 58.6209
v -411197.7144 -270527.4038 58.6222
v -411197.7129 -270527.4079 58.6256
v -411197.7114 -270527.4120 58.6291
v -411197.7105 -270527.4142 58.6341
v -411197.7096 -270527.4165 58.6391
v -411197.7096 -270527.4165 58.6447
v -411197.7146 -270527.3807 58.6672
v -411197.7126 -270527.3859 58.6685
v -411197.7107 -270527.3908 58.6697
v -411197.7088 -270527.3959 58.6685
v -411197.7069 -270527.4010 58.6672
v -411197.7054 -270527.4050 58.6638
v -411197.7038 -270527.4091 58.6603
v -411197.7030 -270527.4114 58.6553
v -411197.7021 -270527.4136 58.6503
v -411197.7021 -270527.4136 58.6447
v -411197.7021 -270527.4136 58.6391
v -411197.7030 -270527.4114 58.6341
v -411197.7038 -270527.4091 58.6291
v -411197.7054 -270527.4050 58.6256
v -411197.7069 -270527.4010 58.6222
v -411197.7089 -270527.3958 58.6209
v -411197.7107 -270527.3908 58.6197
v -411197.7127 -270527.3857 58.6209
v -411197.7146 -270527.3807 58.6222
v -411197.7161 -270527.3766 58.6256
v -411197.7177 -270527.3725 58.6291
v -411197.7185 -270527.3703 58.6341
v -411197.7194 -270527.3680 58.6391
v -411197.7194 -270527.3680 58.6447
v -411197.7194 -270527.3680 58.6503
v -411197.7185 -270527.3703 58.6553
v -411197.7177 -270527.3725 58.6603
v -411197.7161 -270527.3766 58.6638
v -411197.7063 -270527.4026 58.6386
v -411197.7060 -270527.4033 58.6417
v -411197.7059 -270527.4036 58.6433
v -411197.7058 -270527.4039 58.6447
v -411197.7060 -270527.4033 58.6475
v -411197.7063 -270527.4026 58.6508
v -411197.7070 -270527.4008 58.6532
v -411197.7073 -270527.3999 58.6544
v -411197.7076 -270527.3990 58.6556
v -411197.7086 -270527.3964 58.6570
v -411197.7096 -270527.3937 58.6583
v -411197.7107 -270527.3908 58.6583
v -411197.7118 -270527.3879 58.6583
v -411197.7128 -270527.3853 58.6570
v -411197.7138 -270527.3827 58.6556
v -411197.7145 -270527.3808 58.6532
v -411197.7152 -270527.3790 58.6508
v -411197.7154 -270527.3784 58.6477
v -411197.7157 -270527.3777 58.6447
v -411197.7154 -270527.3784 58.6417
v -411197.7152 -270527.3790 58.6386
v -411197.7145 -270527.3808 58.6362
v -411197.7138 -270527.3827 58.6338
v -411197.7128 -270527.3853 58.6324
v -411197.7118 -270527.3879 58.6311
v -411197.7107 -270527.3908 58.6311
v -411197.7096 -270527.3937 58.6311
v -411197.7086 -270527.3964 58.6324
v -411197.7076 -270527.3990 58.6338
v -411197.7070 -270527.4008 58.6362
v -411197.6638 -270527.3587 58.6475
v -411197.6634 -270527.3579 58.6447
v -411197.6642 -270527.3597 58.6508
v -411197.6638 -270527.3588 58.6477
v -411197.6664 -270527.3647 58.6556
v -411197.6653 -270527.3622 58.6532
v -411197.6777 -270527.3897 58.6532
v -411197.6766 -270527.3872 58.6556
v -411197.6788 -270527.3922 58.6508
v -411197.6681 -270527.3683 58.6570
v -411197.6697 -270527.3720 58.6583
v -411197.6758 -270527.3854 58.6563
v -411197.6750 -270527.3836 58.6570
v -411197.6733 -270527.3800 58.6583
v -411197.6715 -270527.3760 58.6583
v -411197.6290 -270527.4882 58.6583
v -411197.6319 -270527.4893 58.6583
v -411197.6261 -270527.4871 58.6583
v -411197.6797 -270527.3940 58.6447
v -411197.6795 -270527.3936 58.6462
v -411197.6793 -270527.3931 58.6477
v -411197.6788 -270527.3922 58.6386
v -411197.6793 -270527.3931 58.6417
v -411197.6733 -270527.3800 58.6311
v -411197.6750 -270527.3836 58.6324
v -411197.6766 -270527.3872 58.6338
v -411197.6777 -270527.3897 58.6362
v -411197.6772 -270527.3885 58.6350
v -411197.6697 -270527.3720 58.6311
v -411197.6715 -270527.3760 58.6311
v -411197.6261 -270527.4871 58.6311
v -411197.6290 -270527.4882 58.6311
v -411197.6319 -270527.4893 58.6311
v -411197.6642 -270527.3597 58.6386
v -411197.6637 -270527.3586 58.6424
v -411197.6638 -270527.3588 58.6417
v -411197.6681 -270527.3683 58.6324
v -411197.6664 -270527.3647 58.6338
v -411197.6653 -270527.3622 58.6362
v -411197.6166 -270527.4835 58.6417
v -411197.6159 -270527.4832 58.6447
v -411197.6166 -270527.4835 58.6477
v -411197.6172 -270527.4837 58.6508
v -411197.6190 -270527.4844 58.6532
v -411197.6209 -270527.4851 58.6556
v -411197.6235 -270527.4861 58.6570
v -411197.6346 -270527.4903 58.6570
v -411197.6372 -270527.4913 58.6556
v -411197.6390 -270527.4920 58.6532
v -411197.6408 -270527.4927 58.6508
v -411197.6415 -270527.4929 58.6477
v -411197.6421 -270527.4932 58.6447
v -411197.6416 -270527.4930 58.6424
v -411197.6408 -270527.4927 58.6386
v -411197.6390 -270527.4920 58.6362
v -411197.6372 -270527.4913 58.6338
v -411197.6346 -270527.4903 58.6324
v -411197.6235 -270527.4861 58.6324
v -411197.6209 -270527.4851 58.6338
v -411197.6190 -270527.4844 58.6362
v -411197.6172 -270527.4837 58.6386
v -411197.4770 -270528.1438 57.6947
v -411197.4628 -270528.1813 57.6947
v -411197.4628 -270528.1813 59.7317
v -411197.9140 -270526.9898 59.7317
v -411197.9140 -270526.9898 57.6947
v -411197.8998 -270527.0272 57.6947
v -411197.8998 -270527.0272 59.6917
v -411197.4770 -270528.1438 59.6917
v -411197.4658 -270528.1396 59.6917
v -411197.4658 -270528.1396 57.6947
v -411197.8886 -270527.0230 57.6947
v -411197.8886 -270527.0230 59.6917
v -411197.9028 -270526.9856 57.6947
v -411197.9028 -270526.9856 59.7317
v -411197.4516 -270528.1770 57.6947
v -411197.4516 -270528.1770 59.7317
v -411197.7395 -270527.3376 59.6667
v -411197.4484 -270528.1063 59.6667
v -411197.4484 -270528.1063 57.6947
v -411197.7395 -270527.3376 57.6947
v -411197.4775 -270528.0296 59.4867
v -411197.6970 -270527.4498 59.4867
v -411197.6970 -270527.4498 57.9867
v -411197.4775 -270528.0296 57.9867
v -411197.7657 -270527.3475 59.6667
v -411197.4746 -270528.1162 59.6667
v -411197.4746 -270528.1162 57.6947
v -411197.4704 -270528.1274 57.6947
v -411197.4816 -270528.1317 57.6947
v -411197.7769 -270527.3517 57.6947
v -411197.7769 -270527.3517 59.6787
v -411197.7657 -270527.3475 59.6787
v -411197.5149 -270528.0438 59.4867
v -411197.7344 -270527.4640 59.4867
v -411197.7344 -270527.4640 57.9867
v -411197.5149 -270528.0438 57.9867
v -411197.4816 -270528.1317 59.6787
v -411197.4704 -270528.1274 59.6787
v -411197.7185 -270527.4579 59.4867
v -411197.7185 -270527.4579 57.9867
v -411197.4990 -270528.0378 57.9867
v -411197.4990 -270528.0378 59.4867
v -411197.7129 -270527.4558 59.4867
v -411197.4934 -270528.0356 59.4867
v -411197.4934 -270528.0356 57.9867
v -411197.7129 -270527.4558 57.9867
v -411197.7129 -270527.4558 59.4867
v -411197.7129 -270527.4558 57.9867
v -411197.4934 -270528.0356 57.9867
v -411197.4934 -270528.0356 59.4867
v -411197.4987 -270528.0216 59.4717
v -411197.4987 -270528.0216 58.0017
v -411197.7076 -270527.4698 58.0017
v -411197.7076 -270527.4698 59.4717
v -411197.6942 -270527.4487 59.4867
v -411197.4747 -270528.0286 59.4867
v -411197.4747 -270528.0286 57.9867
v -411197.6942 -270527.4487 57.9867
v -411197.4800 -270528.0145 59.4717
v -411197.6889 -270527.4628 59.4717
v -411197.6889 -270527.4628 58.0017
v -411197.4800 -270528.0145 58.0017
v -411197.7372 -270527.4650 57.9867
v -411197.5177 -270528.0448 57.9867
v -411197.5177 -270528.0448 59.4867
v -411197.7372 -270527.4650 59.4867
v -411197.7319 -270527.4790 58.0017
v -411197.7319 -270527.4790 59.4717
v -411197.5230 -270528.0308 59.4717
v -411197.5230 -270528.0308 58.0017
v -411197.7185 -270527.4579 57.9867
v -411197.7185 -270527.4579 59.4867
v -411197.4990 -270528.0378 59.4867
v -411197.4990 -270528.0378 57.9867
v -411197.7132 -270527.4720 58.0017
v -411197.5043 -270528.0237 58.0017
v -411197.5043 -270528.0237 59.4717
v -411197.7132 -270527.4720 59.4717
f 8176 8177 8178
f 8176 8178 8179
f 8181 8178 8180
f 8181 8179 8178
f 8180 8182 8183
f 8180 8177 8182
f 8184 8180 8183
f 8178 8177 8180
f 8185 8182 8177
f 8187 8182 8185
f 8186 8187 8185
f 8176 8185 8177
f 8182 8188 8183
f 8182 8187 8188
f 8181 8180 8184
f 8181 8184 8189
f 8186 8185 8181
f 8186 8181 8189
f 8188 8189 8184
f 8188 8184 8183
f 8176 8179 8181
f 8176 8181 8185
f 8186 8189 8188
f 8186 8188 8187
f 8193 8191 8192
f 8190 8191 8193
f 8195 8193 8194
f 8195 8190 8193
f 8196 8190 8195
f 8197 8190 8196
f 8198 8196 8195
f 8198 8195 8194
f 8193 8198 8194
f 8193 8199 8198
f 8200 8199 8193
f 8200 8193 8192
f 8191 8200 8192
f 8191 8201 8200
f 8201 8190 8197
f 8201 8191 8190
f 8207 8205 8206
f 8203 8204 8205
f 8202 8203 8205
f 8202 8205 8207
f 8207 8208 8202
f 8207 8209 8208
f 8207 8210 8209
f 8206 8210 8207
f 8211 8210 8206
f 8211 8206 8205
f 8205 8212 8211
f 8204 8212 8205
f 8213 8212 8204
f 8213 8204 8203
f 8213 8203 8202
f 8208 8213 8202
f 8197 8196 8213
f 8197 8213 8208
f 8213 8198 8212
f 8213 8196 8198
f 8198 8211 8212
f 8199 8211 8198
f 8211 8200 8210
f 8211 8199 8200
f 8201 8209 8210
f 8200 8201 8210
f 8197 8208 8209
f 8197 8209 8201
f 8224 8225 8226
f 8228 8226 8227
f 8222 8223 8224
f 8230 8228 8229
f 8220 8221 8222
f 8232 8230 8231
f 8218 8219 8220
f 8217 8218 8220
f 8234 8232 8233
f 8215 8216 8217
f 8236 8234 8235
f 8243 8214 8215
f 8242 8215 8217
f 8242 8243 8215
f 8238 8236 8237
f 8240 8241 8242
f 8240 8224 8226
f 8240 8228 8230
f 8240 8226 8228
f 8240 8222 8224
f 8240 8230 8232
f 8240 8220 8222
f 8240 8217 8220
f 8240 8232 8234
f 8240 8242 8217
f 8240 8234 8236
f 8240 8236 8238
f 8239 8240 8238
f 8246 8247 8229
f 8245 8246 8229
f 8244 8229 8228
f 8244 8228 8227
f 8244 8245 8229
f 8248 8244 8227
f 8249 8227 8226
f 8249 8226 8225
f 8249 8248 8227
f 8220 8219 8250
f 8221 8250 8251
f 8221 8251 8252
f 8221 8252 8253
f 8221 8220 8250
f 8224 8223 8254
f 8225 8254 8255
f 8225 8255 8249
f 8225 8224 8254
f 8258 8259 8216
f 8257 8216 8215
f 8257 8258 8216
f 8256 8215 8214
f 8256 8257 8215
f 8260 8250 8219
f 8259 8219 8218
f 8259 8218 8217
f 8259 8217 8216
f 8259 8260 8219
f 8261 8223 8222
f 8253 8261 8222
f 8222 8221 8253
f 8261 8253 8262
f 8262 8253 8263
f 8264 8261 8262
f 8261 8264 8254
f 8223 8261 8254
f 8256 8214 8243
f 8256 8243 8242
f 8266 8242 8241
f 8266 8256 8242
f 8265 8266 8241
f 8237 8267 8268
f 8237 8268 8269
f 8238 8237 8269
f 8239 8238 8269
f 8265 8241 8240
f 8265 8240 8239
f 8270 8265 8239
f 8271 8270 8239
f 8269 8271 8239
f 8272 8273 8235
f 8272 8274 8273
f 8275 8273 8274
f 8275 8267 8273
f 8276 8267 8275
f 8236 8273 8267
f 8237 8236 8267
f 8273 8236 8235
f 8277 8231 8230
f 8277 8230 8229
f 8279 8277 8229
f 8278 8279 8229
f 8247 8278 8229
f 8233 8280 8272
f 8233 8281 8280
f 8234 8233 8272
f 8235 8234 8272
f 8281 8233 8232
f 8281 8232 8231
f 8282 8281 8231
f 8277 8282 8231
f 8302 8300 8301
f 8298 8299 8300
f 8262 8302 8264
f 8296 8297 8298
f 8303 8262 8263
f 8294 8295 8296
f 8283 8303 8304
f 8292 8293 8294
f 8285 8283 8284
f 8275 8274 8292
f 8287 8285 8286
f 8291 8276 8275
f 8289 8287 8288
f 8289 8300 8302
f 8289 8298 8300
f 8289 8302 8262
f 8289 8296 8298
f 8289 8262 8303
f 8289 8294 8296
f 8289 8303 8283
f 8289 8292 8294
f 8289 8283 8285
f 8289 8275 8292
f 8289 8285 8287
f 8289 8291 8275
f 8290 8291 8289
f 8297 8247 8246
f 8297 8246 8245
f 8297 8245 8244
f 8298 8297 8244
f 8299 8298 8244
f 8250 8303 8263
f 8250 8304 8303
f 8251 8250 8263
f 8252 8251 8263
f 8253 8252 8263
f 8299 8244 8248
f 8299 8248 8249
f 8300 8299 8249
f 8301 8300 8249
f 8254 8264 8302
f 8254 8302 8301
f 8255 8254 8301
f 8249 8255 8301
f 8304 8250 8260
f 8304 8260 8259
f 8283 8304 8259
f 8284 8283 8259
f 8284 8259 8258
f 8284 8258 8257
f 8284 8257 8256
f 8285 8284 8256
f 8286 8285 8256
f 8287 8286 8256
f 8288 8256 8266
f 8288 8266 8265
f 8288 8287 8256
f 8289 8288 8265
f 8290 8265 8270
f 8290 8270 8271
f 8290 8271 8269
f 8290 8289 8265
f 8296 8295 8277
f 8297 8277 8279
f 8297 8279 8278
f 8297 8278 8247
f 8297 8296 8277
f 8268 8267 8276
f 8269 8276 8291
f 8269 8291 8290
f 8269 8268 8276
f 8280 8281 8293
f 8272 8293 8292
f 8272 8292 8274
f 8272 8280 8293
f 8294 8293 8281
f 8295 8282 8277
f 8295 8281 8282
f 8295 8294 8281
f 8305 8331 8332
f 8329 8330 8331
f 8307 8305 8306
f 8327 8328 8329
f 8309 8307 8308
f 8325 8326 8327
f 8325 8327 8329
f 8311 8309 8310
f 8311 8307 8309
f 8323 8324 8325
f 8313 8311 8312
f 8321 8322 8323
f 8315 8313 8314
f 8315 8311 8313
f 8319 8320 8321
f 8319 8321 8323
f 8317 8315 8316
f 8317 8331 8305
f 8317 8329 8331
f 8317 8305 8307
f 8317 8325 8329
f 8317 8307 8311
f 8317 8319 8323
f 8317 8323 8325
f 8317 8311 8315
f 8318 8319 8317
f 8349 8347 8348
f 8345 8346 8347
f 8351 8349 8350
f 8343 8344 8345
f 8353 8351 8352
f 8341 8342 8343
f 8341 8343 8345
f 8355 8353 8354
f 8339 8340 8341
f 8357 8355 8356
f 8337 8338 8339
f 8359 8357 8358
f 8359 8355 8357
f 8335 8336 8337
f 8333 8359 8360
f 8333 8347 8349
f 8333 8345 8347
f 8333 8349 8351
f 8333 8351 8353
f 8333 8341 8345
f 8333 8353 8355
f 8333 8355 8359
f 8333 8339 8341
f 8333 8337 8339
f 8333 8335 8337
f 8334 8335 8333
f 8312 8346 8345
f 8313 8345 8344
f 8313 8312 8345
f 8314 8313 8344
f 8311 8310 8348
f 8311 8348 8347
f 8312 8347 8346
f 8312 8311 8347
f 8328 8358 8357
f 8329 8357 8356
f 8329 8328 8357
f 8330 8329 8356
f 8349 8310 8309
f 8349 8348 8310
f 8350 8309 8308
f 8350 8349 8309
f 8351 8350 8308
f 8351 8308 8307
f 8352 8307 8306
f 8352 8351 8307
f 8353 8306 8305
f 8353 8352 8306
f 8354 8305 8332
f 8354 8353 8305
f 8331 8330 8356
f 8331 8356 8355
f 8332 8355 8354
f 8332 8331 8355
f 8326 8360 8359
f 8327 8359 8358
f 8327 8326 8359
f 8328 8327 8358
f 8325 8324 8334
f 8325 8334 8333
f 8326 8333 8360
f 8326 8325 8333
f 8314 8344 8343
f 8315 8343 8342
f 8315 8314 8343
f 8316 8315 8342
f 8335 8324 8323
f 8335 8334 8324
f 8336 8323 8322
f 8336 8335 8323
f 8321 8337 8336
f 8321 8336 8322
f 8320 8338 8337
f 8320 8337 8321
f 8339 8320 8319
f 8339 8338 8320
f 8340 8319 8318
f 8340 8339 8319
f 8317 8316 8342
f 8317 8342 8341
f 8318 8341 8340
f 8318 8317 8341
f 8372 8370 8371
f 8368 8369 8370
f 8374 8372 8373
f 8366 8367 8368
f 8376 8374 8375
f 8364 8365 8366
f 8364 8366 8368
f 8378 8376 8377
f 8362 8363 8364
f 8380 8378 8379
f 8388 8361 8362
f 8382 8380 8381
f 8382 8378 8380
f 8386 8387 8388
f 8384 8382 8383
f 8384 8370 8372
f 8384 8368 8370
f 8384 8372 8374
f 8384 8374 8376
f 8384 8378 8382
f 8384 8376 8378
f 8384 8364 8368
f 8384 8362 8364
f 8384 8388 8362
f 8384 8386 8388
f 8385 8386 8384
f 8410 8408 8409
f 8406 8407 8408
f 8412 8410 8411
f 8404 8405 8406
f 8414 8412 8413
f 8402 8403 8404
f 8402 8404 8406
f 8416 8414 8415
f 8400 8401 8402
f 8390 8416 8389
f 8398 8399 8400
f 8392 8390 8391
f 8392 8416 8390
f 8396 8397 8398
f 8394 8392 8393
f 8394 8408 8410
f 8394 8406 8408
f 8394 8410 8412
f 8394 8412 8414
f 8394 8414 8416
f 8394 8402 8406
f 8394 8400 8402
f 8394 8398 8400
f 8394 8416 8392
f 8394 8396 8398
f 8395 8396 8394
f 8391 8367 8366
f 8392 8366 8365
f 8392 8391 8366
f 8393 8392 8365
f 8394 8365 8364
f 8394 8393 8365
f 8395 8364 8363
f 8395 8394 8364
f 8403 8383 8382
f 8404 8382 8381
f 8404 8403 8382
f 8405 8404 8381
f 8362 8361 8397
f 8362 8397 8396
f 8363 8396 8395
f 8363 8362 8396
f 8398 8388 8387
f 8398 8387 8399
f 8397 8361 8388
f 8397 8388 8398
f 8386 8385 8401
f 8386 8401 8400
f 8387 8400 8399
f 8387 8386 8400
f 8402 8401 8385
f 8402 8385 8384
f 8403 8384 8383
f 8403 8402 8384
f 8405 8381 8380
f 8406 8380 8379
f 8406 8405 8380
f 8407 8406 8379
f 8408 8379 8378
f 8408 8407 8379
f 8409 8378 8377
f 8409 8408 8378
f 8389 8369 8368
f 8390 8368 8367
f 8390 8389 8368
f 8391 8390 8367
f 8376 8375 8411
f 8376 8411 8410
f 8377 8410 8409
f 8377 8376 8410
f 8374 8413 8412
f 8374 8373 8413
f 8375 8412 8411
f 8375 8374 8412
f 8372 8371 8415
f 8372 8415 8414
f 8373 8414 8413
f 8373 8372 8414
f 8416 8415 8371
f 8416 8371 8370
f 8389 8370 8369
f 8389 8416 8370
f 8430 8431 8432
f 8434 8432 8433
f 8428 8429 8430
f 8436 8434 8435
f 8426 8427 8428
f 8438 8436 8437
f 8424 8425 8426
f 8423 8424 8426
f 8440 8438 8439
f 8421 8422 8423
f 8442 8440 8441
f 8419 8420 8421
f 8418 8421 8423
f 8418 8419 8421
f 8444 8442 8443
f 8446 8417 8418
f 8446 8430 8432
f 8446 8434 8436
f 8446 8432 8434
f 8446 8428 8430
f 8446 8423 8426
f 8446 8436 8438
f 8446 8426 8428
f 8446 8438 8440
f 8446 8418 8423
f 8446 8440 8442
f 8446 8442 8444
f 8445 8446 8444
f 8434 8433 8449
f 8435 8447 8448
f 8435 8449 8450
f 8435 8450 8447
f 8435 8434 8449
f 8432 8431 8451
f 8433 8451 8452
f 8433 8452 8449
f 8433 8432 8451
f 8423 8422 8455
f 8424 8423 8455
f 8425 8453 8454
f 8425 8455 8453
f 8425 8424 8455
f 8456 8451 8431
f 8457 8431 8430
f 8457 8430 8429
f 8457 8456 8431
f 8459 8460 8427
f 8458 8459 8427
f 8454 8426 8425
f 8454 8427 8426
f 8454 8458 8427
f 8428 8461 8429
f 8460 8461 8428
f 8460 8428 8427
f 8460 8462 8461
f 8463 8462 8460
f 8462 8464 8461
f 8457 8461 8464
f 8457 8429 8461
f 8421 8465 8466
f 8421 8420 8465
f 8422 8466 8467
f 8422 8467 8455
f 8422 8421 8466
f 8417 8468 8469
f 8418 8469 8465
f 8418 8417 8469
f 8419 8418 8465
f 8420 8419 8465
f 8472 8444 8443
f 8472 8445 8444
f 8471 8472 8443
f 8470 8471 8443
f 8445 8473 8468
f 8445 8472 8474
f 8445 8474 8473
f 8446 8445 8468
f 8417 8446 8468
f 8476 8441 8475
f 8477 8476 8475
f 8476 8477 8478
f 8470 8476 8478
f 8470 8478 8479
f 8476 8470 8442
f 8470 8443 8442
f 8442 8441 8476
f 8435 8448 8481
f 8435 8481 8482
f 8435 8482 8480
f 8436 8435 8480
f 8437 8436 8480
f 8475 8441 8440
f 8475 8440 8439
f 8483 8475 8439
f 8484 8483 8439
f 8437 8485 8484
f 8437 8480 8485
f 8438 8437 8484
f 8439 8438 8484
f 8503 8501 8502
f 8499 8500 8501
f 8478 8503 8479
f 8497 8498 8499
f 8497 8499 8501
f 8504 8478 8477
f 8495 8496 8497
f 8506 8504 8505
f 8493 8494 8495
f 8486 8506 8507
f 8462 8463 8493
f 8488 8486 8487
f 8492 8464 8462
f 8490 8488 8489
f 8490 8501 8503
f 8490 8503 8478
f 8490 8478 8504
f 8490 8497 8501
f 8490 8495 8497
f 8490 8504 8506
f 8490 8493 8495
f 8490 8506 8486
f 8490 8462 8493
f 8490 8486 8488
f 8490 8492 8462
f 8491 8492 8490
f 8487 8448 8447
f 8487 8447 8450
f 8487 8450 8449
f 8488 8487 8449
f 8489 8488 8449
f 8489 8449 8452
f 8489 8452 8451
f 8490 8489 8451
f 8491 8490 8451
f 8457 8464 8492
f 8457 8492 8491
f 8456 8457 8491
f 8451 8456 8491
f 8454 8493 8463
f 8454 8494 8493
f 8458 8454 8463
f 8459 8458 8463
f 8460 8459 8463
f 8494 8454 8453
f 8494 8453 8455
f 8495 8494 8455
f 8496 8495 8455
f 8496 8455 8467
f 8496 8467 8466
f 8496 8466 8465
f 8497 8496 8465
f 8498 8497 8465
f 8499 8498 8465
f 8500 8465 8469
f 8500 8469 8468
f 8500 8499 8465
f 8501 8500 8468
f 8502 8468 8473
f 8502 8473 8474
f 8502 8474 8472
f 8502 8501 8468
f 8486 8507 8480
f 8487 8480 8482
f 8487 8482 8481
f 8487 8481 8448
f 8487 8486 8480
f 8471 8470 8479
f 8472 8479 8503
f 8472 8503 8502
f 8472 8471 8479
f 8483 8484 8505
f 8475 8505 8504
f 8475 8504 8477
f 8475 8483 8505
f 8506 8505 8484
f 8507 8485 8480
f 8507 8484 8485
f 8507 8506 8484
f 8515 8510 8511
f 8515 8511 8514
f 8512 8514 8511
f 8513 8514 8512
f 8509 8515 8508
f 8509 8510 8515
f 8515 8516 8517
f 8515 8517 8508
f 8519 8513 8518
f 8519 8514 8513
f 8520 8518 8513
f 8520 8513 8512
f 8511 8521 8520
f 8511 8520 8512
f 8523 8509 8522
f 8523 8510 8509
f 8517 8522 8509
f 8517 8509 8508
f 8519 8518 8520
f 8521 8519 8520
f 8516 8522 8517
f 8523 8516 8519
f 8523 8519 8521
f 8523 8522 8516
f 8519 8516 8515
f 8519 8515 8514
f 8523 8521 8511
f 8523 8511 8510
f 8526 8527 8530
f 8531 8526 8530
f 8524 8529 8530
f 8524 8530 8527
f 8525 8528 8529
f 8525 8529 8524
f 8525 8526 8531
f 8525 8531 8528
f 8525 8524 8532
f 8525 8532 8533
f 8525 8533 8534
f 8525 8534 8526
f 8534 8535 8536
f 8537 8534 8536
f 8527 8526 8534
f 8527 8534 8537
f 8532 8524 8527
f 8532 8527 8537
f 8538 8539 8532
f 8538 8532 8537
f 8529 8528 8540
f 8529 8540 8541
f 8529 8541 8542
f 8529 8542 8530
f 8531 8542 8543
f 8531 8530 8542
f 8540 8528 8531
f 8540 8531 8543
f 8544 8538 8541
f 8540 8544 8541
f 8542 8541 8538
f 8537 8542 8538
f 8536 8543 8542
f 8536 8542 8537
f 8536 8544 8543
f 8543 8544 8540
f 8533 8535 8534
f 8533 8532 8539
f 8545 8533 8539
f 8545 8535 8533
f 8545 8539 8538
f 8545 8538 8544
f 8545 8536 8535
f 8545 8544 8536
f 8548 8546 8547
f 8548 8549 8546
f 8551 8552 8553
f 8551 8553 8550
f 8551 8550 8546
f 8551 8546 8549
f 8551 8548 8552
f 8551 8549 8548
f 8553 8552 8548
f 8553 8548 8547
f 8546 8550 8553
f 8546 8553 8547
f 8557 8554 8561
f 8558 8557 8561
f 8560 8554 8555
f 8560 8561 8554
f 8556 8559 8560
f 8556 8560 8555
f 8556 8557 8558
f 8556 8558 8559
f 8564 8565 8568
f 8569 8564 8568
f 8567 8565 8562
f 8567 8568 8565
f 8563 8566 8567
f 8563 8567 8562
f 8563 8564 8569
f 8563 8569 8566
f 8563 8562 8554
f 8563 8554 8557
f 8563 8556 8564
f 8563 8557 8556
f 8565 8564 8556
f 8565 8556 8555
f 8554 8562 8565
f 8554 8565 8555
f 8567 8566 8558
f 8567 8558 8561
f 8567 8560 8568
f 8567 8561 8560
f 8568 8559 8569
f 8568 8560 8559
f 8558 8566 8569
f 8558 8569 8559
f 8572 8573 8575
f 8576 8572 8575
f 8574 8573 8570
f 8574 8575 8573
f 8571 8577 8574
f 8571 8574 8570
f 8571 8572 8576
f 8571 8576 8577
f 8581 8578 8582
f 8583 8581 8582
f 8585 8578 8579
f 8585 8582 8578
f 8580 8584 8585
f 8580 8585 8579
f 8580 8581 8583
f 8580 8583 8584
f 8573 8579 8578
f 8573 8578 8570
f 8580 8579 8573
f 8580 8573 8572
f 8580 8571 8581
f 8580 8572 8571
f 8578 8581 8571
f 8578 8571 8570
f 8583 8582 8574
f 8583 8574 8577
f 8576 8584 8583
f 8576 8583 8577
f 8585 8584 8576
f 8585 8576 8575
f 8585 8574 8582
f 8585 8575 8574
o doors_129858_הזזה-עץ:70/205:6093337
v -411197.9958 -270526.7823 57.6947
v -411197.9958 -270526.7823 59.7297
v -411198.6223 -270527.0196 59.7297
v -411198.6223 -270527.0196 57.6947
v -411198.6597 -270527.0337 57.6947
v -411198.6597 -270527.0337 59.7697
v -411197.9583 -270526.7682 59.7697
v -411197.9583 -270526.7682 57.6947
v -411197.9530 -270526.7822 57.6947
v -411197.9904 -270526.7963 57.6947
v -411197.9530 -270526.7822 59.7697
v -411198.6544 -270527.0478 57.6947
v -411198.6544 -270527.0478 59.7697
v -411198.6170 -270527.0336 57.6947
v -411198.6170 -270527.0336 59.7297
v -411197.9904 -270526.7963 59.7297
v -411198.0191 -270526.7912 57.6947
v -411198.0599 -270526.6836 57.6947
v -411198.0458 -270526.6783 57.6947
v -411198.0600 -270526.6409 57.6947
v -411198.0740 -270526.6462 57.6947
v -411198.0793 -270526.6322 57.6947
v -411198.0419 -270526.6180 57.6947
v -411197.9817 -270526.7770 57.6947
v -411197.9817 -270526.7770 59.7447
v -411198.0191 -270526.7912 59.7047
v -411198.0419 -270526.6180 59.7047
v -411198.0171 -270526.6835 59.7047
v -411198.0171 -270526.6835 59.7447
v -411198.0793 -270526.6322 59.7047
v -411198.0740 -270526.6462 59.7047
v -411198.0600 -270526.6409 59.7047
v -411198.0458 -270526.6783 59.7047
v -411198.0599 -270526.6836 59.7047
v -411198.0545 -270526.6977 59.7047
v -411198.5990 -270527.0107 57.6947
v -411198.6364 -270527.0249 57.6947
v -411198.6718 -270526.9314 57.6947
v -411198.6344 -270526.9172 57.6947
v -411198.5990 -270527.0107 59.7047
v -411198.6344 -270526.9172 59.7047
v -411198.6718 -270526.9314 59.7447
v -411198.6364 -270527.0249 59.7447
v -411198.4323 -270526.7872 57.6947
v -411198.4217 -270526.8153 57.6947
v -411199.0529 -270527.0543 57.6947
v -411199.0636 -270527.0263 57.6947
v -411198.4323 -270526.7872 59.7447
v -411198.4217 -270526.8153 59.7447
v -411198.4943 -270526.8107 58.6955
v -411199.0636 -270527.0263 59.7447
v -411198.4884 -270526.8085 58.6972
v -411198.4826 -270526.8063 58.6955
v -411198.4783 -270526.8046 58.6910
v -411198.4767 -270526.8040 58.6847
v -411198.4767 -270526.8040 58.6047
v -411198.4783 -270526.8046 58.5984
v -411198.4826 -270526.8063 58.5939
v -411198.4884 -270526.8085 58.5922
v -411198.4943 -270526.8107 58.5939
v -411198.5001 -270526.8129 58.6847
v -411198.4985 -270526.8123 58.5984
v -411198.5001 -270526.8129 58.6047
v -411198.4985 -270526.8123 58.6910
v -411199.0529 -270527.0543 59.7447
v -411198.4778 -270526.8365 58.6972
v -411198.4719 -270526.8343 58.6955
v -411198.4836 -270526.8387 58.6955
v -411198.4677 -270526.8327 58.6910
v -411198.4661 -270526.8321 58.6847
v -411198.4661 -270526.8321 58.6047
v -411198.4677 -270526.8327 58.5984
v -411198.4719 -270526.8343 58.5939
v -411198.4778 -270526.8365 58.5922
v -411198.4836 -270526.8387 58.5939
v -411198.4879 -270526.8404 58.5984
v -411198.4895 -270526.8410 58.6047
v -411198.4895 -270526.8410 58.6847
v -411198.4879 -270526.8404 58.6910
v -411198.4930 -270526.8316 58.6847
v -411198.4919 -270526.8312 58.6901
v -411198.4966 -270526.8223 58.6847
v -411198.4954 -270526.8218 58.6901
v -411198.4886 -270526.8299 58.6945
v -411198.4839 -270526.8282 58.6969
v -411198.4787 -270526.8262 58.6969
v -411198.4740 -270526.8244 58.6945
v -411198.4708 -270526.8232 58.6901
v -411198.4696 -270526.8228 58.6847
v -411198.4732 -270526.8134 58.6847
v -411198.4743 -270526.8138 58.6901
v -411198.4930 -270526.8316 58.6047
v -411198.4966 -270526.8223 58.6047
v -411198.4696 -270526.8228 58.6047
v -411198.4708 -270526.8232 58.5993
v -411198.4732 -270526.8134 58.6047
v -411198.4743 -270526.8138 58.5993
v -411198.4740 -270526.8244 58.5949
v -411198.4787 -270526.8262 58.5925
v -411198.4839 -270526.8282 58.5925
v -411198.4886 -270526.8299 58.5949
v -411198.4919 -270526.8312 58.5993
v -411198.4954 -270526.8218 58.5993
v -411198.4776 -270526.8151 58.6945
v -411198.4823 -270526.8168 58.6969
v -411198.4875 -270526.8188 58.6969
v -411198.4922 -270526.8206 58.6945
v -411198.4922 -270526.8206 58.5949
v -411198.4875 -270526.8188 58.5925
v -411198.4823 -270526.8168 58.5925
v -411198.4776 -270526.8151 58.5949
v -411198.0419 -270526.6180 59.8047
v -411199.3652 -270527.1191 59.8047
v -411199.3404 -270527.1846 59.8047
v -411198.0171 -270526.6835 59.8047
v -411198.0419 -270526.6180 59.7047
v -411198.0171 -270526.6835 59.7047
v -411198.0405 -270526.6923 59.7047
v -411198.0600 -270526.6409 59.7047
v -411199.3459 -270527.1278 59.7047
v -411199.3264 -270527.1793 59.7047
v -411199.3404 -270527.1846 59.7047
v -411199.3652 -270527.1191 59.7047
v -411199.3264 -270527.1793 59.7897
v -411198.0405 -270526.6923 59.7897
v -411198.0600 -270526.6409 59.7897
v -411199.3459 -270527.1278 59.7897
f 8591 8592 8587
f 8588 8591 8587
f 8593 8587 8592
f 8586 8587 8593
f 8590 8588 8589
f 8590 8591 8588
f 8594 8595 8586
f 8594 8586 8593
f 8592 8596 8594
f 8592 8594 8593
f 8598 8590 8597
f 8598 8591 8590
f 8599 8597 8590
f 8599 8590 8589
f 8588 8600 8599
f 8588 8599 8589
f 8601 8586 8595
f 8601 8587 8586
f 8598 8601 8596
f 8600 8601 8598
f 8594 8596 8601
f 8595 8594 8601
f 8597 8599 8600
f 8597 8600 8598
f 8598 8596 8592
f 8598 8592 8591
f 8601 8600 8588
f 8601 8588 8587
f 8605 8606 8607
f 8608 8605 8607
f 8604 8605 8608
f 8602 8603 8604
f 8609 8602 8604
f 8609 8604 8608
f 8611 8609 8610
f 8611 8602 8609
f 8613 8610 8609
f 8613 8609 8608
f 8614 8610 8613
f 8612 8613 8608
f 8607 8612 8608
f 8607 8615 8612
f 8616 8615 8607
f 8616 8607 8606
f 8616 8606 8605
f 8616 8605 8617
f 8618 8617 8605
f 8618 8605 8604
f 8603 8618 8604
f 8603 8619 8618
f 8620 8619 8603
f 8620 8603 8602
f 8611 8620 8602
f 8621 8622 8623
f 8621 8623 8624
f 8626 8625 8621
f 8626 8621 8624
f 8623 8626 8624
f 8623 8627 8626
f 8628 8627 8623
f 8628 8623 8622
f 8625 8622 8621
f 8628 8622 8625
f 8614 8613 8620
f 8628 8625 8611
f 8628 8611 8610
f 8628 8614 8627
f 8628 8610 8614
f 8627 8620 8626
f 8627 8614 8620
f 8611 8625 8626
f 8611 8626 8620
f 8615 8617 8612
f 8616 8617 8615
f 8618 8613 8612
f 8618 8612 8617
f 8620 8618 8619
f 8620 8613 8618
f 8630 8631 8632
f 8630 8632 8629
f 8633 8634 8630
f 8633 8630 8629
f 8635 8636 8633
f 8637 8635 8633
f 8637 8633 8638
f 8639 8638 8633
f 8640 8639 8633
f 8629 8640 8633
f 8641 8640 8629
f 8629 8642 8641
f 8642 8629 8643
f 8643 8629 8644
f 8629 8645 8644
f 8632 8645 8629
f 8646 8632 8636
f 8632 8647 8645
f 8647 8632 8648
f 8632 8646 8648
f 8649 8636 8635
f 8649 8646 8636
f 8650 8636 8632
f 8650 8632 8631
f 8652 8634 8651
f 8651 8634 8653
f 8654 8634 8652
f 8634 8654 8655
f 8634 8655 8630
f 8630 8655 8656
f 8656 8657 8630
f 8657 8658 8630
f 8658 8659 8630
f 8659 8660 8630
f 8630 8660 8631
f 8660 8661 8631
f 8662 8631 8661
f 8662 8663 8631
f 8663 8650 8631
f 8650 8663 8664
f 8653 8650 8664
f 8634 8650 8653
f 8665 8666 8663
f 8668 8667 8646
f 8666 8669 8664
f 8664 8663 8666
f 8670 8651 8653
f 8669 8653 8664
f 8669 8670 8653
f 8652 8671 8672
f 8654 8672 8673
f 8655 8673 8674
f 8640 8675 8676
f 8671 8652 8651
f 8672 8654 8652
f 8655 8654 8673
f 8670 8671 8651
f 8665 8663 8662
f 8665 8662 8677
f 8646 8667 8678
f 8646 8678 8648
f 8679 8680 8656
f 8682 8681 8641
f 8680 8683 8657
f 8657 8656 8680
f 8684 8659 8658
f 8658 8657 8683
f 8683 8684 8658
f 8660 8685 8686
f 8661 8686 8687
f 8662 8687 8677
f 8648 8678 8688
f 8685 8660 8659
f 8686 8661 8660
f 8662 8661 8687
f 8685 8659 8684
f 8655 8674 8679
f 8655 8679 8656
f 8675 8640 8641
f 8675 8641 8681
f 8639 8676 8689
f 8676 8639 8640
f 8637 8638 8690
f 8689 8638 8639
f 8638 8689 8690
f 8691 8692 8635
f 8649 8692 8668
f 8635 8637 8691
f 8649 8635 8692
f 8646 8649 8668
f 8691 8637 8690
f 8647 8688 8693
f 8688 8647 8648
f 8644 8645 8694
f 8645 8647 8693
f 8645 8693 8694
f 8695 8696 8643
f 8642 8696 8682
f 8643 8644 8695
f 8696 8642 8643
f 8641 8642 8682
f 8694 8695 8644
f 8667 8668 8692
f 8667 8692 8691
f 8667 8691 8690
f 8667 8690 8689
f 8667 8689 8676
f 8667 8676 8675
f 8678 8675 8681
f 8678 8667 8675
f 8693 8688 8678
f 8693 8681 8682
f 8693 8682 8696
f 8693 8696 8695
f 8693 8695 8694
f 8693 8678 8681
f 8677 8684 8683
f 8677 8683 8680
f 8677 8680 8679
f 8677 8687 8686
f 8677 8686 8685
f 8677 8685 8684
f 8665 8679 8674
f 8665 8677 8679
f 8669 8674 8673
f 8669 8673 8672
f 8669 8672 8671
f 8669 8671 8670
f 8669 8666 8665
f 8669 8665 8674
f 8650 8634 8633
f 8650 8633 8636
f 8699 8697 8698
f 8699 8700 8697
f 8707 8708 8705
f 8706 8707 8705
f 8704 8705 8708
f 8701 8704 8708
f 8702 8703 8704
f 8702 8704 8701
f 8697 8700 8702
f 8697 8702 8701
f 8710 8703 8702
f 8710 8702 8700
f 8709 8707 8706
f 8699 8709 8710
f 8699 8707 8709
f 8700 8699 8710
f 8710 8711 8704
f 8710 8704 8703
f 8712 8704 8711
f 8712 8705 8704
f 8712 8709 8706
f 8712 8706 8705
f 8699 8698 8708
f 8699 8708 8707
f 8708 8697 8701
f 8708 8698 8697
f 8710 8709 8712
f 8710 8712 8711
o deck_51836_Floor:ר4:5739839
v -411194.6447 -270527.1815 57.6747
v -411194.6447 -270527.1815 57.3747
v -411197.2423 -270528.1651 57.3747
v -411197.2423 -270528.1651 57.6747
v -411198.1931 -270525.6541 57.3747
v -411198.1931 -270525.6541 57.6747
v -411201.6890 -270526.1624 57.3747
v -411201.6890 -270526.1624 57.6747
v -411201.5813 -270526.0314 57.3747
v -411201.4705 -270525.9030 57.3747
v -411201.3569 -270525.7772 57.3747
v -411201.2404 -270525.6540 57.3747
v -411201.1211 -270525.5335 57.3747
v -411200.9990 -270525.4157 57.3747
v -411200.8743 -270525.3008 57.3747
v -411200.7470 -270525.1889 57.3747
v -411200.6171 -270525.0798 57.3747
v -411200.4848 -270524.9738 57.3747
v -411200.3501 -270524.8708 57.3747
v -411200.2130 -270524.7710 57.3747
v -411200.0737 -270524.6744 57.3747
v -411199.9322 -270524.5809 57.3747
v -411199.7885 -270524.4908 57.3747
v -411199.6429 -270524.4039 57.3747
v -411199.4953 -270524.3205 57.3747
v -411199.3458 -270524.2404 57.3747
v -411199.1945 -270524.1639 57.3747
v -411199.0415 -270524.0908 57.3747
v -411198.8868 -270524.0212 57.3747
v -411198.7306 -270523.9552 57.3747
v -411198.5730 -270523.8929 57.3747
v -411198.4139 -270523.8341 57.3747
v -411198.2535 -270523.7791 57.3747
v -411198.0919 -270523.7277 57.3747
v -411197.9292 -270523.6801 57.3747
v -411197.7654 -270523.6362 57.3747
v -411197.6006 -270523.5961 57.3747
v -411197.4350 -270523.5597 57.3747
v -411197.2685 -270523.5272 57.3747
v -411197.1014 -270523.4986 57.3747
v -411196.9337 -270523.4738 57.3747
v -411196.7654 -270523.4528 57.3747
v -411196.5967 -270523.4357 57.3747
v -411196.4276 -270523.4225 57.3747
v -411196.2583 -270523.4132 57.3747
v -411196.0888 -270523.4078 57.3747
v -411195.9193 -270523.4063 57.3747
v -411195.7497 -270523.4086 57.3747
v -411195.5803 -270523.4149 57.3747
v -411195.4110 -270523.4251 57.3747
v -411195.2420 -270523.4391 57.3747
v -411195.0734 -270523.4570 57.3747
v -411194.9052 -270523.4788 57.3747
v -411194.7376 -270523.5045 57.3747
v -411194.5706 -270523.5340 57.3747
v -411194.4044 -270523.5673 57.3747
v -411194.2389 -270523.6045 57.3747
v -411194.0744 -270523.6454 57.3747
v -411193.9108 -270523.6901 57.3747
v -411193.7483 -270523.7386 57.3747
v -411193.5869 -270523.7907 57.3747
v -411193.4268 -270523.8466 57.3747
v -411193.2681 -270523.9061 57.3747
v -411193.1107 -270523.9693 57.3747
v -411193.1107 -270523.9693 57.6747
v -411201.5813 -270526.0314 57.6747
v -411201.4705 -270525.9030 57.6747
v -411201.3569 -270525.7772 57.6747
v -411201.2404 -270525.6540 57.6747
v -411201.1211 -270525.5335 57.6747
v -411200.9990 -270525.4157 57.6747
v -411200.8743 -270525.3008 57.6747
v -411200.7470 -270525.1889 57.6747
v -411200.6171 -270525.0798 57.6747
v -411200.4848 -270524.9738 57.6747
v -411200.3501 -270524.8708 57.6747
v -411200.2130 -270524.7710 57.6747
v -411200.0737 -270524.6744 57.6747
v -411199.9322 -270524.5809 57.6747
v -411199.7885 -270524.4908 57.6747
v -411199.6429 -270524.4039 57.6747
v -411199.4953 -270524.3205 57.6747
v -411199.3458 -270524.2404 57.6747
v -411199.1945 -270524.1639 57.6747
v -411199.0415 -270524.0908 57.6747
v -411198.8868 -270524.0212 57.6747
v -411198.7306 -270523.9552 57.6747
v -411198.5730 -270523.8929 57.6747
v -411198.4139 -270523.8341 57.6747
v -411198.2535 -270523.7791 57.6747
v -411198.0919 -270523.7277 57.6747
v -411197.9292 -270523.6801 57.6747
v -411197.7654 -270523.6362 57.6747
v -411197.6006 -270523.5961 57.6747
v -411197.4350 -270523.5597 57.6747
v -411197.2685 -270523.5272 57.6747
v -411197.1014 -270523.4986 57.6747
v -411196.9337 -270523.4738 57.6747
v -411196.7654 -270523.4528 57.6747
v -411196.5967 -270523.4357 57.6747
v -411196.4276 -270523.4225 57.6747
v -411196.2583 -270523.4132 57.6747
v -411196.0888 -270523.4078 57.6747
v -411195.9193 -270523.4063 57.6747
v -411195.7497 -270523.4086 57.6747
v -411195.5803 -270523.4149 57.6747
v -411195.4110 -270523.4251 57.6747
v -411195.2420 -270523.4391 57.6747
v -411195.0734 -270523.4570 57.6747
v -411194.9052 -270523.4788 57.6747
v -411194.7376 -270523.5045 57.6747
v -411194.5706 -270523.5340 57.6747
v -411194.4044 -270523.5673 57.6747
v -411194.2389 -270523.6045 57.6747
v -411194.0744 -270523.6454 57.6747
v -411193.9108 -270523.6901 57.6747
v -411193.7483 -270523.7386 57.6747
v -411193.5869 -270523.7907 57.6747
v -411193.4268 -270523.8466 57.6747
v -411193.2681 -270523.9061 57.6747
v -411192.9982 -270524.0178 57.3747
v -411192.8873 -270524.0699 57.3747
v -411192.7780 -270524.1255 57.3747
v -411192.6706 -270524.1845 57.3747
v -411192.5651 -270524.2469 57.3747
v -411192.4616 -270524.3125 57.3747
v -411192.3603 -270524.3815 57.3747
v -411192.2612 -270524.4535 57.3747
v -411192.1644 -270524.5287 57.3747
v -411192.0700 -270524.6069 57.3747
v -411191.9782 -270524.6880 57.3747
v -411191.8889 -270524.7720 57.3747
v -411191.8024 -270524.8588 57.3747
v -411191.7187 -270524.9483 57.3747
v -411191.6378 -270525.0404 57.3747
v -411191.5599 -270525.1350 57.3747
v -411191.4850 -270525.2320 57.3747
v -411191.4850 -270525.2320 57.6747
v -411192.9982 -270524.0178 57.6747
v -411192.8873 -270524.0699 57.6747
v -411192.7780 -270524.1255 57.6747
v -411192.6706 -270524.1845 57.6747
v -411192.5651 -270524.2469 57.6747
v -411192.4616 -270524.3125 57.6747
v -411192.3603 -270524.3815 57.6747
v -411192.2612 -270524.4535 57.6747
v -411192.1644 -270524.5287 57.6747
v -411192.0700 -270524.6069 57.6747
v -411191.9782 -270524.6880 57.6747
v -411191.8889 -270524.7720 57.6747
v -411191.8024 -270524.8588 57.6747
v -411191.7187 -270524.9483 57.6747
v -411191.6378 -270525.0404 57.6747
v -411191.5599 -270525.1350 57.6747
v -411191.3940 -270525.3557 57.3747
v -411191.3059 -270525.4815 57.3747
v -411191.2207 -270525.6093 57.3747
v -411191.1384 -270525.7389 57.3747
v -411191.0592 -270525.8705 57.3747
v -411190.9829 -270526.0038 57.3747
v -411190.9097 -270526.1388 57.3747
v -411190.8396 -270526.2754 57.3747
v -411190.7726 -270526.4136 57.3747
v -411190.7089 -270526.5533 57.3747
v -411190.6483 -270526.6944 57.3747
v -411190.5909 -270526.8369 57.3747
v -411190.5369 -270526.9806 57.3747
v -411190.4861 -270527.1256 57.3747
v -411190.4861 -270527.1256 57.6747
v -411191.3940 -270525.3557 57.6747
v -411191.3059 -270525.4815 57.6747
v -411191.2207 -270525.6093 57.6747
v -411191.1384 -270525.7389 57.6747
v -411191.0592 -270525.8705 57.6747
v -411190.9829 -270526.0038 57.6747
v -411190.9097 -270526.1388 57.6747
v -411190.8396 -270526.2754 57.6747
v -411190.7726 -270526.4136 57.6747
v -411190.7089 -270526.5533 57.6747
v -411190.6483 -270526.6944 57.6747
v -411190.5909 -270526.8369 57.6747
v -411190.5369 -270526.9806 57.6747
v -411190.4280 -270527.2864 57.3747
v -411190.3734 -270527.4485 57.3747
v -411190.3224 -270527.6117 57.3747
v -411190.2748 -270527.7759 57.3747
v -411190.2309 -270527.9412 57.3747
v -411190.1905 -270528.1073 57.3747
v -411190.1537 -270528.2743 57.3747
v -411190.1205 -270528.4421 57.3747
v -411190.0909 -270528.6105 57.3747
v -411190.0650 -270528.7795 57.3747
v -411190.0427 -270528.9491 57.3747
v -411190.0241 -270529.1191 57.3747
v -411190.0092 -270529.2894 57.3747
v -411189.9979 -270529.4601 57.3747
v -411189.9903 -270529.6309 57.3747
v -411189.9865 -270529.8018 57.3747
v -411189.9865 -270529.8018 57.6747
v -411190.4280 -270527.2864 57.6747
v -411190.3734 -270527.4485 57.6747
v -411190.3224 -270527.6117 57.6747
v -411190.2748 -270527.7759 57.6747
v -411190.2309 -270527.9412 57.6747
v -411190.1905 -270528.1073 57.6747
v -411190.1537 -270528.2743 57.6747
v -411190.1205 -270528.4421 57.6747
v -411190.0909 -270528.6105 57.6747
v -411190.0650 -270528.7795 57.6747
v -411190.0427 -270528.9491 57.6747
v -411190.0241 -270529.1191 57.6747
v -411190.0092 -270529.2894 57.6747
v -411189.9979 -270529.4601 57.6747
v -411189.9903 -270529.6309 57.6747
v -411189.9874 -270529.8807 57.3747
v -411189.9920 -270529.9595 57.3747
v -411190.0003 -270530.0379 57.3747
v -411190.0123 -270530.1158 57.3747
v -411190.0279 -270530.1931 57.3747
v -411190.0471 -270530.2696 57.3747
v -411190.0699 -270530.3451 57.3747
v -411190.0962 -270530.4195 57.3747
v -411190.1260 -270530.4925 57.3747
v -411190.1592 -270530.5641 57.3747
v -411190.1957 -270530.6340 57.3747
v -411190.2354 -270530.7021 57.3747
v -411190.2783 -270530.7683 57.3747
v -411190.3243 -270530.8324 57.3747
v -411190.3732 -270530.8943 57.3747
v -411190.4249 -270530.9538 57.3747
v -411190.4794 -270531.0108 57.3747
v -411190.5365 -270531.0652 57.3747
v -411190.5961 -270531.1169 57.3747
v -411190.6581 -270531.1657 57.3747
v -411190.7223 -270531.2115 57.3747
v -411190.7886 -270531.2543 57.3747
v -411190.8568 -270531.2939 57.3747
v -411190.9267 -270531.3303 57.3747
v -411190.9983 -270531.3633 57.3747
v -411191.0714 -270531.3930 57.3747
v -411191.0714 -270531.3930 57.6747
v -411189.9874 -270529.8807 57.6747
v -411189.9920 -270529.9595 57.6747
v -411190.0003 -270530.0379 57.6747
v -411190.0123 -270530.1158 57.6747
v -411190.0279 -270530.1931 57.6747
v -411190.0471 -270530.2696 57.6747
v -411190.0699 -270530.3451 57.6747
v -411190.0962 -270530.4195 57.6747
v -411190.1260 -270530.4925 57.6747
v -411190.1592 -270530.5641 57.6747
v -411190.1957 -270530.6340 57.6747
v -411190.2354 -270530.7021 57.6747
v -411190.2783 -270530.7683 57.6747
v -411190.3243 -270530.8324 57.6747
v -411190.3732 -270530.8943 57.6747
v -411190.4249 -270530.9538 57.6747
v -411190.4794 -270531.0108 57.6747
v -411190.5365 -270531.0652 57.6747
v -411190.5961 -270531.1169 57.6747
v -411190.6581 -270531.1657 57.6747
v -411190.7223 -270531.2115 57.6747
v -411190.7886 -270531.2543 57.6747
v -411190.8568 -270531.2939 57.6747
v -411190.9267 -270531.3303 57.6747
v -411190.9983 -270531.3633 57.6747
v -411192.8019 -270532.0482 57.3747
v -411192.8019 -270532.0482 57.6747
f 8714 8713 8716
f 8715 8714 8716
f 8715 8716 8718
f 8717 8715 8718
f 8717 8718 8720
f 8719 8717 8720
f 8719 8720 8778
f 8721 8719 8778
f 8722 8721 8779
f 8721 8778 8779
f 8723 8722 8780
f 8722 8779 8780
f 8724 8723 8781
f 8723 8780 8781
f 8725 8724 8782
f 8724 8781 8782
f 8726 8725 8783
f 8725 8782 8783
f 8727 8726 8784
f 8726 8783 8784
f 8728 8727 8785
f 8727 8784 8785
f 8729 8728 8786
f 8728 8785 8786
f 8730 8729 8787
f 8729 8786 8787
f 8731 8730 8788
f 8732 8731 8788
f 8730 8787 8788
f 8732 8788 8789
f 8733 8732 8790
f 8732 8789 8790
f 8734 8733 8791
f 8733 8790 8791
f 8735 8734 8792
f 8734 8791 8792
f 8736 8735 8793
f 8735 8792 8793
f 8737 8736 8794
f 8736 8793 8794
f 8738 8737 8795
f 8737 8794 8795
f 8739 8738 8796
f 8738 8795 8796
f 8740 8739 8797
f 8739 8796 8797
f 8741 8740 8798
f 8742 8741 8798
f 8740 8797 8798
f 8742 8798 8799
f 8742 8799 8800
f 8743 8742 8800
f 8743 8800 8801
f 8744 8743 8801
f 8745 8744 8801
f 8745 8801 8802
f 8746 8745 8802
f 8746 8802 8803
f 8747 8746 8803
f 8747 8803 8804
f 8748 8747 8805
f 8747 8804 8805
f 8749 8748 8806
f 8748 8805 8806
f 8750 8749 8807
f 8749 8806 8807
f 8751 8750 8808
f 8750 8807 8808
f 8752 8751 8809
f 8751 8808 8809
f 8753 8752 8810
f 8754 8753 8810
f 8752 8809 8810
f 8754 8810 8811
f 8755 8754 8812
f 8756 8755 8812
f 8754 8811 8812
f 8756 8812 8813
f 8757 8756 8814
f 8756 8813 8814
f 8758 8757 8815
f 8757 8814 8815
f 8759 8758 8816
f 8760 8759 8816
f 8758 8815 8816
f 8760 8816 8817
f 8761 8760 8818
f 8760 8817 8818
f 8762 8761 8819
f 8761 8818 8819
f 8763 8762 8820
f 8764 8763 8820
f 8762 8819 8820
f 8764 8820 8821
f 8765 8764 8822
f 8766 8765 8822
f 8764 8821 8822
f 8766 8822 8823
f 8766 8823 8824
f 8767 8766 8824
f 8767 8824 8825
f 8768 8767 8825
f 8768 8825 8826
f 8769 8768 8826
f 8769 8826 8827
f 8770 8769 8827
f 8770 8827 8828
f 8771 8770 8828
f 8772 8771 8828
f 8772 8828 8829
f 8772 8829 8830
f 8773 8772 8830
f 8773 8830 8831
f 8774 8773 8831
f 8774 8831 8832
f 8775 8774 8832
f 8775 8832 8777
f 8776 8775 8777
f 8776 8777 8851
f 8833 8776 8851
f 8834 8833 8852
f 8833 8851 8852
f 8835 8834 8853
f 8834 8852 8853
f 8836 8835 8854
f 8835 8853 8854
f 8837 8836 8855
f 8836 8854 8855
f 8838 8837 8856
f 8837 8855 8856
f 8839 8838 8857
f 8840 8839 8857
f 8838 8856 8857
f 8840 8857 8858
f 8841 8840 8859
f 8840 8858 8859
f 8842 8841 8860
f 8841 8859 8860
f 8843 8842 8861
f 8842 8860 8861
f 8844 8843 8862
f 8843 8861 8862
f 8845 8844 8863
f 8844 8862 8863
f 8846 8845 8864
f 8847 8846 8864
f 8845 8863 8864
f 8848 8847 8865
f 8847 8864 8865
f 8848 8865 8866
f 8848 8866 8850
f 8849 8848 8850
f 8849 8850 8882
f 8867 8849 8882
f 8868 8867 8883
f 8867 8882 8883
f 8869 8868 8884
f 8868 8883 8884
f 8870 8869 8885
f 8869 8884 8885
f 8871 8870 8886
f 8870 8885 8886
f 8872 8871 8887
f 8871 8886 8887
f 8873 8872 8888
f 8872 8887 8888
f 8874 8873 8889
f 8875 8874 8889
f 8873 8888 8889
f 8875 8889 8890
f 8876 8875 8891
f 8875 8890 8891
f 8877 8876 8892
f 8876 8891 8892
f 8878 8877 8893
f 8877 8892 8893
f 8879 8878 8894
f 8878 8893 8894
f 8880 8879 8881
f 8879 8894 8881
f 8880 8881 8912
f 8895 8880 8912
f 8896 8895 8913
f 8895 8912 8913
f 8897 8896 8914
f 8896 8913 8914
f 8898 8897 8915
f 8897 8914 8915
f 8899 8898 8916
f 8898 8915 8916
f 8900 8899 8917
f 8899 8916 8917
f 8901 8900 8918
f 8902 8901 8918
f 8900 8917 8918
f 8902 8918 8919
f 8903 8902 8920
f 8902 8919 8920
f 8904 8903 8921
f 8903 8920 8921
f 8905 8904 8922
f 8904 8921 8922
f 8906 8905 8923
f 8905 8922 8923
f 8907 8906 8924
f 8906 8923 8924
f 8908 8907 8925
f 8909 8908 8925
f 8907 8924 8925
f 8909 8925 8926
f 8909 8926 8911
f 8910 8909 8911
f 8910 8911 8954
f 8927 8910 8954
f 8928 8927 8955
f 8927 8954 8955
f 8929 8928 8956
f 8928 8955 8956
f 8930 8929 8957
f 8929 8956 8957
f 8931 8930 8958
f 8930 8957 8958
f 8932 8931 8959
f 8931 8958 8959
f 8933 8932 8960
f 8932 8959 8960
f 8934 8933 8961
f 8935 8934 8961
f 8933 8960 8961
f 8935 8961 8962
f 8936 8935 8963
f 8935 8962 8963
f 8936 8963 8964
f 8937 8936 8964
f 8937 8964 8965
f 8938 8937 8965
f 8938 8965 8966
f 8939 8938 8966
f 8940 8939 8967
f 8939 8966 8967
f 8940 8967 8968
f 8941 8940 8968
f 8942 8941 8969
f 8943 8942 8969
f 8941 8968 8969
f 8943 8969 8970
f 8944 8943 8971
f 8945 8944 8971
f 8943 8970 8971
f 8946 8945 8972
f 8945 8971 8972
f 8947 8946 8973
f 8946 8972 8973
f 8948 8947 8974
f 8947 8973 8974
f 8948 8974 8975
f 8949 8948 8976
f 8948 8975 8976
f 8950 8949 8977
f 8951 8950 8977
f 8949 8976 8977
f 8951 8977 8978
f 8952 8951 8953
f 8951 8978 8953
f 8952 8953 8980
f 8979 8952 8980
f 8979 8980 8713
f 8714 8979 8713
f 8970 8969 8968
f 8973 8972 8974
f 8967 8966 8965
f 8968 8967 8965
f 8971 8970 8965
f 8970 8968 8965
f 8975 8974 8977
f 8976 8975 8977
f 8972 8971 8953
f 8978 8977 8953
f 8977 8974 8953
f 8974 8972 8953
f 8962 8961 8960
f 8960 8959 8958
f 8963 8962 8958
f 8964 8963 8958
f 8965 8964 8958
f 8962 8960 8958
f 8958 8957 8956
f 8958 8956 8955
f 8971 8965 8954
f 8953 8971 8954
f 8965 8958 8954
f 8958 8955 8954
f 8953 8954 8911
f 8953 8911 8926
f 8953 8926 8925
f 8953 8925 8924
f 8953 8924 8923
f 8953 8923 8922
f 8922 8921 8713
f 8980 8953 8713
f 8861 8860 8713
f 8862 8861 8713
f 8863 8862 8713
f 8864 8863 8713
f 8865 8864 8713
f 8866 8865 8713
f 8850 8866 8713
f 8882 8850 8713
f 8883 8882 8713
f 8884 8883 8713
f 8885 8884 8713
f 8886 8885 8713
f 8887 8886 8713
f 8888 8887 8713
f 8889 8888 8713
f 8890 8889 8713
f 8891 8890 8713
f 8892 8891 8713
f 8893 8892 8713
f 8894 8893 8713
f 8881 8894 8713
f 8912 8881 8713
f 8913 8912 8713
f 8914 8913 8713
f 8915 8914 8713
f 8916 8915 8713
f 8917 8916 8713
f 8918 8917 8713
f 8919 8918 8713
f 8953 8922 8713
f 8920 8919 8713
f 8921 8920 8713
f 8713 8860 8859
f 8713 8859 8858
f 8713 8858 8857
f 8713 8857 8856
f 8713 8856 8855
f 8713 8855 8854
f 8713 8854 8853
f 8713 8853 8852
f 8713 8852 8851
f 8713 8851 8777
f 8713 8777 8832
f 8713 8832 8831
f 8713 8831 8830
f 8713 8830 8829
f 8713 8829 8828
f 8713 8828 8827
f 8713 8827 8826
f 8713 8826 8825
f 8713 8825 8824
f 8713 8824 8823
f 8713 8823 8822
f 8713 8822 8821
f 8713 8821 8820
f 8713 8820 8819
f 8713 8819 8818
f 8713 8818 8817
f 8713 8817 8816
f 8716 8713 8718
f 8713 8816 8815
f 8718 8713 8815
f 8718 8815 8814
f 8718 8814 8813
f 8718 8813 8812
f 8718 8812 8811
f 8718 8811 8810
f 8718 8810 8809
f 8718 8809 8808
f 8718 8808 8807
f 8718 8807 8806
f 8718 8806 8805
f 8718 8805 8804
f 8718 8804 8803
f 8718 8803 8802
f 8718 8802 8801
f 8718 8801 8800
f 8718 8800 8799
f 8718 8799 8798
f 8718 8798 8797
f 8718 8797 8796
f 8718 8796 8795
f 8718 8795 8794
f 8718 8794 8793
f 8718 8793 8792
f 8718 8792 8791
f 8718 8791 8790
f 8718 8790 8789
f 8718 8789 8788
f 8718 8788 8787
f 8718 8787 8786
f 8718 8786 8785
f 8778 8718 8779
f 8718 8785 8784
f 8779 8718 8780
f 8718 8784 8783
f 8780 8718 8781
f 8718 8783 8782
f 8781 8718 8782
f 8778 8720 8718
f 8941 8942 8943
f 8947 8945 8946
f 8938 8939 8940
f 8938 8940 8941
f 8938 8943 8944
f 8938 8941 8943
f 8950 8947 8948
f 8950 8948 8949
f 8952 8944 8945
f 8952 8950 8951
f 8952 8947 8950
f 8952 8945 8947
f 8933 8934 8935
f 8931 8932 8933
f 8931 8935 8936
f 8931 8936 8937
f 8931 8937 8938
f 8931 8933 8935
f 8929 8930 8931
f 8928 8929 8931
f 8927 8938 8944
f 8927 8944 8952
f 8927 8931 8938
f 8927 8928 8931
f 8910 8927 8952
f 8909 8910 8952
f 8908 8909 8952
f 8907 8908 8952
f 8906 8907 8952
f 8905 8906 8952
f 8714 8904 8905
f 8714 8952 8979
f 8714 8842 8843
f 8714 8843 8844
f 8714 8844 8845
f 8714 8845 8846
f 8714 8846 8847
f 8714 8847 8848
f 8714 8848 8849
f 8714 8849 8867
f 8714 8867 8868
f 8714 8868 8869
f 8714 8869 8870
f 8714 8870 8871
f 8714 8871 8872
f 8714 8872 8873
f 8714 8873 8874
f 8714 8874 8875
f 8714 8875 8876
f 8714 8876 8877
f 8714 8877 8878
f 8714 8878 8879
f 8714 8879 8880
f 8714 8880 8895
f 8714 8895 8896
f 8714 8896 8897
f 8714 8897 8898
f 8714 8898 8899
f 8714 8899 8900
f 8714 8900 8901
f 8714 8901 8902
f 8714 8905 8952
f 8714 8902 8903
f 8714 8903 8904
f 8841 8842 8714
f 8840 8841 8714
f 8839 8840 8714
f 8838 8839 8714
f 8837 8838 8714
f 8836 8837 8714
f 8835 8836 8714
f 8834 8835 8714
f 8833 8834 8714
f 8776 8833 8714
f 8775 8776 8714
f 8774 8775 8714
f 8773 8774 8714
f 8772 8773 8714
f 8771 8772 8714
f 8770 8771 8714
f 8769 8770 8714
f 8768 8769 8714
f 8767 8768 8714
f 8766 8767 8714
f 8765 8766 8714
f 8764 8765 8714
f 8763 8764 8714
f 8762 8763 8714
f 8761 8762 8714
f 8760 8761 8714
f 8759 8760 8714
f 8717 8714 8715
f 8758 8759 8714
f 8758 8714 8717
f 8757 8758 8717
f 8756 8757 8717
f 8755 8756 8717
f 8754 8755 8717
f 8753 8754 8717
f 8752 8753 8717
f 8751 8752 8717
f 8750 8751 8717
f 8749 8750 8717
f 8748 8749 8717
f 8747 8748 8717
f 8746 8747 8717
f 8745 8746 8717
f 8744 8745 8717
f 8743 8744 8717
f 8742 8743 8717
f 8741 8742 8717
f 8740 8741 8717
f 8739 8740 8717
f 8738 8739 8717
f 8737 8738 8717
f 8736 8737 8717
f 8735 8736 8717
f 8734 8735 8717
f 8733 8734 8717
f 8732 8733 8717
f 8731 8732 8717
f 8730 8731 8717
f 8729 8730 8717
f 8728 8729 8717
f 8722 8717 8721
f 8727 8728 8717
f 8723 8717 8722
f 8726 8727 8717
f 8724 8717 8723
f 8725 8726 8717
f 8725 8717 8724
f 8717 8719 8721
